date,s0
1980-10-01,0.0
1980-10-02,0.0
1980-10-03,0.0
1980-10-04,0.0
1980-10-05,0.0
1980-10-06,0.0
1980-10-07,0.0
1980-10-08,0.0
1980-10-09,0.0
1980-10-10,0.0
1980-10-11,0.0
1980-10-12,0.0
1980-10-13,0.0
1980-10-14,0.0
1980-10-15,0.0
1980-10-16,0.0
1980-10-17,0.0
1980-10-18,0.0
1980-10-19,0.0
1980-10-20,0.0
1980-10-21,0.0
1980-10-22,0.0
1980-10-23,0.0
1980-10-24,0.0
1980-10-25,0.0
1980-10-26,0.0
1980-10-27,0.0
1980-10-28,0.0
1980-10-29,0.0
1980-10-30,0.0
1980-10-31,0.0
1980-11-01,0.0
1980-11-02,0.0
1980-11-03,0.0
1980-11-04,0.0
1980-11-05,0.0
1980-11-06,0.0
1980-11-07,0.0
1980-11-08,0.0
1980-11-09,0.0
1980-11-10,0.0
1980-11-11,0.0
1980-11-12,0.0
1980-11-13,0.0
1980-11-14,0.0
1980-11-15,0.0
1980-11-16,0.0
1980-11-17,0.0
1980-11-18,0.0
1980-11-19,0.0
1980-11-20,0.0
1980-11-21,0.0
1980-11-22,0.0
1980-11-23,0.0
1980-11-24,0.0
1980-11-25,0.0
1980-11-26,0.0
1980-11-27,0.0
1980-11-28,0.0
1980-11-29,0.0
1980-11-30,0.0
1980-12-01,0.0
1980-12-02,0.0
1980-12-03,0.0
1980-12-04,0.0
1980-12-05,0.0006769751780666409
1980-12-06,0.000680064782500267
1980-12-07,0.000680064782500267
1980-12-08,0.000680064782500267
1980-12-09,0.000680064782500267
1980-12-10,0.00037096251617185766
1980-12-11,0.00018513727991376072
1980-12-12,9.248295100405812e-05
1980-12-13,4.622009146260097e-05
1980-12-14,2.3104703359422274e-05
1980-12-15,1.1551017450983633e-05
1980-12-16,5.7751753956836166e-06
1980-12-17,2.887504479076597e-06
1980-12-18,1.4437314348469952e-06
1980-12-19,7.218604878289625e-07
1980-12-20,3.609289649375569e-07
1980-12-21,1.8046415561912e-07
1980-12-22,9.023199254443169e-08
1980-12-23,4.511597495593377e-08
1980-12-24,2.255798214889637e-08
1980-12-25,1.1278989298091346e-08
1980-12-26,5.639494649045673e-09
1980-12-27,2.819747324522837e-09
1980-12-28,1.4098736622614185e-09
1980-12-29,7.049368311307093e-10
1980-12-30,3.524684155653546e-10
1980-12-31,1.762342077826773e-10
1981-01-01,8.811710389133864e-11
1981-01-02,4.405855194566932e-11
1981-01-03,2.202927597283466e-11
1981-01-04,1.101463798641733e-11
1981-01-05,5.507318993208665e-12
1981-01-06,2.753659496604333e-12
1981-01-07,1.3768297483021665e-12
1981-01-08,6.884148741510833e-13
1981-01-09,3.4420743707554163e-13
1981-01-10,1.721037185377708e-13
1981-01-11,8.605185926888538e-14
1981-01-12,4.302592963444269e-14
1981-01-13,2.1512964817221345e-14
1981-01-14,1.0756482408610673e-14
1981-01-15,5.378241204305337e-15
1981-01-16,2.6891206021526686e-15
1981-01-17,1.3445603010763343e-15
1981-01-18,6.722801505381671e-16
1981-01-19,3.3614007526908357e-16
1981-01-20,1.6807003763454179e-16
1981-01-21,8.403501881727089e-17
1981-01-22,4.2017509408635447e-17
1981-01-23,2.1008754704317723e-17
1981-01-24,1.050437735215886e-17
1981-01-25,5.25218867607943e-18
1981-01-26,2.626094338039715e-18
1981-01-27,1.3130480995980466e-18
1981-01-28,6.565241531966001e-19
1981-01-29,3.2826207659830004e-19
1981-01-30,1.6413103829915002e-19
1981-01-31,8.206565485889423e-20
1981-02-01,4.103357706187724e-20
1981-02-02,2.0553827481570247e-20
1981-02-03,1.0276913740785123e-20
1981-02-04,5.138456870392562e-21
1981-02-05,2.569228435196281e-21
1981-02-06,1.2846147224691196e-21
1981-02-07,6.423081185410289e-22
1981-02-08,3.2137852490792965e-22
1981-02-09,1.6070236385587871e-22
1981-02-10,0.004931957460939885
1981-02-11,0.0024051805958151813
1981-02-12,0.0011881287209689615
1981-02-13,0.0005905352882109582
1981-02-14,0.0002943958097603172
1981-02-15,0.00014698122686240822
1981-02-16,7.343660399783401e-05
1981-02-17,3.6704819649457925e-05
1981-02-18,1.8349041056353602e-05
1981-02-19,9.173678336082956e-06
1981-02-20,4.5866286200180176e-06
1981-02-21,2.2932617866899814e-06
1981-02-22,1.146617819358653e-06
1981-02-23,5.733056127610325e-07
1981-02-24,2.866519821509428e-07
1981-02-25,1.4332579212350538e-07
1981-02-26,7.166284632376119e-08
1981-02-27,3.583140895102588e-08
1981-02-28,1.791570092279926e-08
1981-03-01,8.95784957322121e-09
1981-03-02,4.478924786610605e-09
1981-03-03,2.2394623933053026e-09
1981-03-04,1.1197311966526513e-09
1981-03-05,5.598655983263257e-10
1981-03-06,2.7993279916316283e-10
1981-03-07,1.3996639958158141e-10
1981-03-08,6.998319979079071e-11
1981-03-09,3.4991599895395353e-11
1981-03-10,1.7495799947697677e-11
1981-03-11,8.747899973848838e-12
1981-03-12,4.373949986924419e-12
1981-03-13,2.1869749934622096e-12
1981-03-14,1.093487496731105e-12
1981-03-15,5.467437483655524e-13
1981-03-16,2.733718741827762e-13
1981-03-17,1.366859370913881e-13
1981-03-18,6.834296854569405e-14
1981-03-19,3.4171484272847025e-14
1981-03-20,1.7085742136423512e-14
1981-03-21,8.542871068211756e-15
1981-03-22,4.271435534105878e-15
1981-03-23,2.135717767052939e-15
1981-03-24,1.0678588835264695e-15
1981-03-25,5.339294417632348e-16
1981-03-26,2.6696472088161733e-16
1981-03-27,1.3348236044080867e-16
1981-03-28,6.674118022040433e-17
1981-03-29,3.3370590110202166e-17
1981-03-30,1.6685295055101083e-17
1981-03-31,8.34264752755054e-18
1981-04-01,4.1713237637752716e-18
1981-04-02,2.0856618818876358e-18
1981-04-03,1.0428309409438179e-18
1981-04-04,5.214154704719089e-19
1981-04-05,2.6070773523595447e-19
1981-04-06,1.3035386761797724e-19
1981-04-07,6.517693380898862e-20
1981-04-08,3.258846690449431e-20
1981-04-09,1.6294233452247155e-20
1981-04-10,8.147116726123577e-21
1981-04-11,4.073558363061789e-21
1981-04-12,2.0367791815308943e-21
1981-04-13,1.0183895907654472e-21
1981-04-14,5.091947953827236e-22
1981-04-15,2.545973976913617e-22
1981-04-16,1.2729869884568085e-22
1981-04-17,6.364934942284045e-23
1981-04-18,3.1824674711420224e-23
1981-04-19,1.5912337355710112e-23
1981-04-20,7.956168677855056e-24
1981-04-21,3.978084338927528e-24
1981-04-22,1.989042169463764e-24
1981-04-23,9.945210847318822e-25
1981-04-24,4.972605423659408e-25
1981-04-25,2.486302711829704e-25
1981-04-26,1.2431513559148527e-25
1981-04-27,6.21575677957426e-26
1981-04-28,3.10787838978713e-26
1981-04-29,1.553939194893565e-26
1981-04-30,7.769695974467825e-27
1981-05-01,3.8848479872339126e-27
1981-05-02,1.9424239936169563e-27
1981-05-03,9.712119968084785e-28
1981-05-04,4.8560599840423925e-28
1981-05-05,2.4280299920211963e-28
1981-05-06,1.2140149960105981e-28
1981-05-07,6.070074980052991e-29
1981-05-08,3.0350374900264953e-29
1981-05-09,1.5175187450132477e-29
1981-05-10,7.587593725066238e-30
1981-05-11,3.793796862533119e-30
1981-05-12,1.8968984312665596e-30
1981-05-13,9.484492156332796e-31
1981-05-14,4.742246078166398e-31
1981-05-15,2.371123039083199e-31
1981-05-16,1.1855615195415995e-31
1981-05-17,5.927807597707999e-32
1981-05-18,2.9639037988539994e-32
1981-05-19,1.4819518994269997e-32
1981-05-20,7.409759497134998e-33
1981-05-21,3.704879748567499e-33
1981-05-22,1.852439874283749e-33
1981-05-23,9.262199371418751e-34
1981-05-24,4.631099685709373e-34
1981-05-25,2.3155498428546866e-34
1981-05-26,1.1577749214273435e-34
1981-05-27,5.788874607136716e-35
1981-05-28,2.894437303568359e-35
1981-05-29,1.447218651784179e-35
1981-05-30,7.236093258920896e-36
1981-05-31,3.618046629460448e-36
1981-06-01,1.809023314730224e-36
1981-06-02,9.04511657365112e-37
1981-06-03,4.5225582868255605e-37
1981-06-04,2.26127914341278e-37
1981-06-05,1.13063957170639e-37
1981-06-06,5.653197858531952e-38
1981-06-07,2.826598929265976e-38
1981-06-08,1.4132994646329874e-38
1981-06-09,1.4132994646329874e-38
1981-06-10,1.4132994646329874e-38
1981-06-11,1.4132994646329874e-38
1981-06-12,1.4132994646329874e-38
1981-06-13,1.4132994646329874e-38
1981-06-14,1.4132994646329874e-38
1981-06-15,1.4132994646329874e-38
1981-06-16,1.4132994646329874e-38
1981-06-17,1.4132994646329874e-38
1981-06-18,1.4132994646329874e-38
1981-06-19,1.4132994646329874e-38
1981-06-20,1.4132994646329874e-38
1981-06-21,1.4132994646329874e-38
1981-06-22,1.4132994646329874e-38
1981-06-23,1.4132994646329874e-38
1981-06-24,1.4132994646329874e-38
1981-06-25,1.4132994646329874e-38
1981-06-26,1.4132994646329874e-38
1981-06-27,1.4132994646329874e-38
1981-06-28,1.4132994646329874e-38
1981-06-29,1.4132994646329874e-38
1981-06-30,1.4132994646329874e-38
1981-07-01,1.4132994646329874e-38
1981-07-02,1.4132994646329874e-38
1981-07-03,1.4132994646329874e-38
1981-07-04,1.4132994646329874e-38
1981-07-05,1.4132994646329874e-38
1981-07-06,1.4132994646329874e-38
1981-07-07,1.4132994646329874e-38
1981-07-08,1.4132994646329874e-38
1981-07-09,1.4132994646329874e-38
1981-07-10,1.4132994646329874e-38
1981-07-11,1.4132994646329874e-38
1981-07-12,1.4132994646329874e-38
1981-07-13,1.4132994646329874e-38
1981-07-14,1.4132994646329874e-38
1981-07-15,1.4132994646329874e-38
1981-07-16,1.4132994646329874e-38
1981-07-17,1.4132994646329874e-38
1981-07-18,1.4132994646329874e-38
1981-07-19,1.4132994646329874e-38
1981-07-20,1.4132994646329874e-38
1981-07-21,1.4132994646329874e-38
1981-07-22,1.4132994646329874e-38
1981-07-23,1.4132994646329874e-38
1981-07-24,1.4132994646329874e-38
1981-07-25,1.4132994646329874e-38
1981-07-26,1.4132994646329874e-38
1981-07-27,1.4132994646329874e-38
1981-07-28,1.4132994646329874e-38
1981-07-29,1.4132994646329874e-38
1981-07-30,1.4132994646329874e-38
1981-07-31,1.4132994646329874e-38
1981-08-01,1.4132994646329874e-38
1981-08-02,1.4132994646329874e-38
1981-08-03,1.4132994646329874e-38
1981-08-04,1.4132994646329874e-38
1981-08-05,1.4132994646329874e-38
1981-08-06,1.4132994646329874e-38
1981-08-07,1.4132994646329874e-38
1981-08-08,1.4132994646329874e-38
1981-08-09,1.4132994646329874e-38
1981-08-10,1.4132994646329874e-38
1981-08-11,1.4132994646329874e-38
1981-08-12,1.4132994646329874e-38
1981-08-13,1.4132994646329874e-38
1981-08-14,1.4132994646329874e-38
1981-08-15,1.4132994646329874e-38
1981-08-16,1.4132994646329874e-38
1981-08-17,1.4132994646329874e-38
1981-08-18,1.4132994646329874e-38
1981-08-19,1.4132994646329874e-38
1981-08-20,1.4132994646329874e-38
1981-08-21,1.4132994646329874e-38
1981-08-22,1.4132994646329874e-38
1981-08-23,1.4132994646329874e-38
1981-08-24,1.4132994646329874e-38
1981-08-25,1.4132994646329874e-38
1981-08-26,1.4132994646329874e-38
1981-08-27,1.4132994646329874e-38
1981-08-28,1.4132994646329874e-38
1981-08-29,1.4132994646329874e-38
1981-08-30,1.4132994646329874e-38
1981-08-31,1.4132994646329874e-38
1981-09-01,1.4132994646329874e-38
1981-09-02,1.4132994646329874e-38
1981-09-03,1.4132994646329874e-38
1981-09-04,1.4132994646329874e-38
1981-09-05,1.4132994646329874e-38
1981-09-06,1.4132994646329874e-38
1981-09-07,1.4132994646329874e-38
1981-09-08,1.4132994646329874e-38
1981-09-09,1.4132994646329874e-38
1981-09-10,1.4132994646329874e-38
1981-09-11,1.4132994646329874e-38
1981-09-12,1.4132994646329874e-38
1981-09-13,1.4132994646329874e-38
1981-09-14,1.4132994646329874e-38
1981-09-15,1.4132994646329874e-38
1981-09-16,1.4132994646329874e-38
1981-09-17,1.4132994646329874e-38
1981-09-18,1.4132994646329874e-38
1981-09-19,1.4132994646329874e-38
1981-09-20,1.4132994646329874e-38
1981-09-21,1.4132994646329874e-38
1981-09-22,1.4132994646329874e-38
1981-09-23,1.4132994646329874e-38
1981-09-24,1.4132994646329874e-38
1981-09-25,1.4132994646329874e-38
1981-09-26,1.4132994646329874e-38
1981-09-27,1.4132994646329874e-38
1981-09-28,1.4132994646329874e-38
1981-09-29,1.4132994646329874e-38
1981-09-30,1.4132994646329874e-38
1981-10-01,1.4132994646329874e-38
1981-10-02,1.4132994646329874e-38
1981-10-03,1.4132994646329874e-38
1981-10-04,1.4132994646329874e-38
1981-10-05,1.4132994646329874e-38
1981-10-06,1.4132994646329874e-38
1981-10-07,1.4132994646329874e-38
1981-10-08,1.4132994646329874e-38
1981-10-09,1.4132994646329874e-38
1981-10-10,1.4132994646329874e-38
1981-10-11,1.4132994646329874e-38
1981-10-12,1.4132994646329874e-38
1981-10-13,1.4132994646329874e-38
1981-10-14,1.4132994646329874e-38
1981-10-15,1.4132994646329874e-38
1981-10-16,1.4132994646329874e-38
1981-10-17,1.4132994646329874e-38
1981-10-18,1.4132994646329874e-38
1981-10-19,1.4132994646329874e-38
1981-10-20,1.4132994646329874e-38
1981-10-21,1.4132994646329874e-38
1981-10-22,1.4132994646329874e-38
1981-10-23,1.4132994646329874e-38
1981-10-24,1.4132994646329874e-38
1981-10-25,1.4132994646329874e-38
1981-10-26,1.4132994646329874e-38
1981-10-27,1.4132994646329874e-38
1981-10-28,1.4132994646329874e-38
1981-10-29,1.4132994646329874e-38
1981-10-30,1.4132994646329874e-38
1981-10-31,1.4132994646329874e-38
1981-11-01,1.4132994646329874e-38
1981-11-02,1.4132994646329874e-38
1981-11-03,1.4132994646329874e-38
1981-11-04,1.4132994646329874e-38
1981-11-05,1.4132994646329874e-38
1981-11-06,1.4132994646329874e-38
1981-11-07,1.4132994646329874e-38
1981-11-08,1.4132994646329874e-38
1981-11-09,1.4132994646329874e-38
1981-11-10,1.4132994646329874e-38
1981-11-11,1.4132994646329874e-38
1981-11-12,1.4132994646329874e-38
1981-11-13,1.4132994646329874e-38
1981-11-14,1.4132994646329874e-38
1981-11-15,1.4132994646329874e-38
1981-11-16,1.4132994646329874e-38
1981-11-17,1.4132994646329874e-38
1981-11-18,1.4132994646329874e-38
1981-11-19,1.4132994646329874e-38
1981-11-20,1.4132994646329874e-38
1981-11-21,1.4132994646329874e-38
1981-11-22,1.4132994646329874e-38
1981-11-23,1.4132994646329874e-38
1981-11-24,1.4132994646329874e-38
1981-11-25,1.4132994646329874e-38
1981-11-26,1.4132994646329874e-38
1981-11-27,1.4132994646329874e-38
1981-11-28,1.4132994646329874e-38
1981-11-29,1.4132994646329874e-38
1981-11-30,1.4132994646329874e-38
1981-12-01,1.4132994646329874e-38
1981-12-02,1.4132994646329874e-38
1981-12-03,1.4132994646329874e-38
1981-12-04,1.4132994646329874e-38
1981-12-05,1.4132994646329874e-38
1981-12-06,1.4132994646329874e-38
1981-12-07,1.4132994646329874e-38
1981-12-08,1.4132994646329874e-38
1981-12-09,1.4132994646329874e-38
1981-12-10,1.4132994646329874e-38
1981-12-11,1.4132994646329874e-38
1981-12-12,0.0003381716669537127
1981-12-13,0.0001688006886979565
1981-12-14,8.432911272393538e-05
1981-12-15,4.214677755953744e-05
1981-12-16,2.106894680764526e-05
1981-12-17,1.0533362910791764e-05
1981-12-18,5.2664040595118405e-06
1981-12-19,2.633132680784911e-06
1981-12-20,1.3165490599931216e-06
1981-12-21,6.582702098967275e-07
1981-12-22,3.2913411018853367e-07
1981-12-23,0.0055434517562389365
1981-12-24,0.0026949208695441484
1981-12-25,0.0013293051160871983
1981-12-26,0.0006602358189411461
1981-12-27,0.00032903003739193087
1981-12-28,0.0001893717126222328
1981-12-29,0.0003015566326212138
1981-12-30,0.00031893941923044617
1981-12-31,0.0003286263672634959
1982-01-01,0.001243676757439971
1982-01-02,0.0014072235208004713
1982-01-03,0.0014103243593126535
1982-01-04,1.3382362127304075
1982-01-05,9.978231430053713
1982-01-06,9.978231430053713
1982-01-07,9.978231430053713
1982-01-08,12.050819396972656
1982-01-09,12.050819396972656
1982-01-10,12.054259300231934
1982-01-11,10.789332389831545
1982-01-12,9.208566665649414
1982-01-13,5.498093605041504
1982-01-14,0.0
1982-01-15,0.0
1982-01-16,0.0
1982-01-17,0.0
1982-01-18,0.0
1982-01-19,0.0
1982-01-20,0.0
1982-01-21,0.0
1982-01-22,0.0
1982-01-23,0.0
1982-01-24,0.0
1982-01-25,0.0
1982-01-26,0.0
1982-01-27,0.0
1982-01-28,0.0
1982-01-29,0.0
1982-01-30,0.0
1982-01-31,0.0
1982-02-01,0.0
1982-02-02,0.0
1982-02-03,0.0
1982-02-04,0.0
1982-02-05,0.0
1982-02-06,5.058362148702145e-06
1982-02-07,5.058362148702145e-06
1982-02-08,0.00032876577461138373
1982-02-09,0.00032876577461138373
1982-02-10,0.00032876577461138373
1982-02-11,0.005669616162776947
1982-02-12,0.0027544682379812
1982-02-13,0.001358267618343234
1982-02-14,0.0006745216669514774
1982-02-15,0.00033612339757382864
1982-02-16,0.00016777924611233178
1982-02-17,8.381924999412148e-05
1982-02-18,4.189205719740129e-05
1982-02-19,2.0941641196259294e-05
1982-02-20,1.0469724657014012e-05
1982-02-21,5.234588570601773e-06
1982-02-22,2.617473455757136e-06
1982-02-23,0.008410866372287273
1982-02-24,0.004521769937127828
1982-02-25,0.0022097777109593157
1982-02-26,0.001092681544832885
1982-02-27,0.0005437398212961853
1982-02-28,0.00027113078976981336
1982-03-01,0.00013538161874748766
1982-03-02,6.764499266864732e-05
1982-03-03,3.381105852895416e-05
1982-03-04,1.690267163212411e-05
1982-03-05,8.450621862721164e-06
1982-03-06,4.2251326703990335e-06
1982-03-07,2.11252176995913e-06
1982-03-08,1.0562496299826307e-06
1982-03-09,5.281220296637913e-07
1982-03-10,2.640603327108693e-07
1982-03-11,1.3202999582517807e-07
1982-03-12,6.601494817459752e-08
1982-03-13,3.3007463429157724e-08
1982-03-14,1.6503729938222023e-08
1982-03-15,8.251864969111011e-09
1982-03-16,4.125932484555506e-09
1982-03-17,2.062966242277753e-09
1982-03-18,1.0314831211388764e-09
1982-03-19,5.157415605694381e-10
1982-03-20,2.5787078028471905e-10
1982-03-21,1.2893539014235953e-10
1982-03-22,6.446769507117976e-11
1982-03-23,3.223384753558988e-11
1982-03-24,1.611692376779494e-11
1982-03-25,8.05846188389747e-12
1982-03-26,4.029230941948735e-12
1982-03-27,2.0146154709743676e-12
1982-03-28,1.0073077354871842e-12
1982-03-29,5.036538677435921e-13
1982-03-30,2.5182693387179605e-13
1982-03-31,1.2591346693589802e-13
1982-04-01,6.2956733467949e-14
1982-04-02,3.1478366733974494e-14
1982-04-03,1.5739183366987247e-14
1982-04-04,7.869650128766986e-15
1982-04-05,3.934825064383493e-15
1982-04-06,1.9674125321917464e-15
1982-04-07,9.837062660958734e-16
1982-04-08,4.918531330479366e-16
1982-04-09,2.459265665239683e-16
1982-04-10,1.2296328326198415e-16
1982-04-11,6.148164163099207e-17
1982-04-12,3.074082081549604e-17
1982-04-13,1.537041040774802e-17
1982-04-14,7.685215130041358e-18
1982-04-15,3.842607565020679e-18
1982-04-16,1.9213037825103396e-18
1982-04-17,9.6065189125517e-19
1982-04-18,4.803259456275849e-19
1982-04-19,2.4016297281379245e-19
1982-04-20,1.2008148640689625e-19
1982-04-21,6.004074320344812e-20
1982-04-22,3.002037160172406e-20
1982-04-23,1.501018580086203e-20
1982-04-24,7.505092900431014e-21
1982-04-25,3.752546450215508e-21
1982-04-26,1.8762732251077535e-21
1982-04-27,9.381366125538766e-22
1982-04-28,4.690683062769386e-22
1982-04-29,2.345341531384693e-22
1982-04-30,1.1726707656923457e-22
1982-05-01,5.863353828461731e-23
1982-05-02,2.9316769142308655e-23
1982-05-03,1.465838457115433e-23
1982-05-04,7.329192285577164e-24
1982-05-05,3.664596142788582e-24
1982-05-06,1.832298071394291e-24
1982-05-07,9.161490356971455e-25
1982-05-08,4.580745178485727e-25
1982-05-09,2.290372589242864e-25
1982-05-10,1.1451862946214318e-25
1982-05-11,5.725931473107159e-26
1982-05-12,2.8629657365535795e-26
1982-05-13,1.4314828682767892e-26
1982-05-14,7.157414341383949e-27
1982-05-15,3.5787071706919744e-27
1982-05-16,1.7893535853459872e-27
1982-05-17,8.946767926729932e-28
1982-05-18,4.473383963364966e-28
1982-05-19,2.236691981682483e-28
1982-05-20,1.1183459908412416e-28
1982-05-21,5.591729954206208e-29
1982-05-22,2.795864977103104e-29
1982-05-23,1.397932488551552e-29
1982-05-24,6.989662442757763e-30
1982-05-25,3.4948312213788806e-30
1982-05-26,1.7474156106894406e-30
1982-05-27,8.737078053447203e-31
1982-05-28,4.368539026723602e-31
1982-05-29,2.184269513361801e-31
1982-05-30,1.0921347566809004e-31
1982-05-31,5.460673783404502e-32
1982-06-01,2.730336891702251e-32
1982-06-02,1.3651684458511255e-32
1982-06-03,6.825842229255628e-33
1982-06-04,3.412921114627814e-33
1982-06-05,1.706460557313907e-33
1982-06-06,8.532302786569534e-34
1982-06-07,4.266151393284767e-34
1982-06-08,2.1330756966423836e-34
1982-06-09,1.0665378483211918e-34
1982-06-10,5.332689241605958e-35
1982-06-11,2.666344620802979e-35
1982-06-12,1.3331723104014895e-35
1982-06-13,6.665861552007449e-36
1982-06-14,3.3329307760037244e-36
1982-06-15,1.6664653880018622e-36
1982-06-16,8.332326940009311e-37
1982-06-17,4.1661634700046555e-37
1982-06-18,2.0830817350023277e-37
1982-06-19,1.0415408675011639e-37
1982-06-20,5.207704337505818e-38
1982-06-21,2.603852168752909e-38
1982-06-22,1.3019260843764546e-38
1982-06-23,1.3019260843764546e-38
1982-06-24,1.3019260843764546e-38
1982-06-25,1.3019260843764546e-38
1982-06-26,1.3019260843764546e-38
1982-06-27,1.3019260843764546e-38
1982-06-28,1.3019260843764546e-38
1982-06-29,1.3019260843764546e-38
1982-06-30,1.3019260843764546e-38
1982-07-01,1.3019260843764546e-38
1982-07-02,1.3019260843764546e-38
1982-07-03,1.3019260843764546e-38
1982-07-04,1.3019260843764546e-38
1982-07-05,1.3019260843764546e-38
1982-07-06,1.3019260843764546e-38
1982-07-07,1.3019260843764546e-38
1982-07-08,1.3019260843764546e-38
1982-07-09,1.3019260843764546e-38
1982-07-10,1.3019260843764546e-38
1982-07-11,1.3019260843764546e-38
1982-07-12,1.3019260843764546e-38
1982-07-13,1.3019260843764546e-38
1982-07-14,1.3019260843764546e-38
1982-07-15,1.3019260843764546e-38
1982-07-16,1.3019260843764546e-38
1982-07-17,1.3019260843764546e-38
1982-07-18,1.3019260843764546e-38
1982-07-19,1.3019260843764546e-38
1982-07-20,1.3019260843764546e-38
1982-07-21,1.3019260843764546e-38
1982-07-22,1.3019260843764546e-38
1982-07-23,1.3019260843764546e-38
1982-07-24,1.3019260843764546e-38
1982-07-25,1.3019260843764546e-38
1982-07-26,1.3019260843764546e-38
1982-07-27,1.3019260843764546e-38
1982-07-28,1.3019260843764546e-38
1982-07-29,1.3019260843764546e-38
1982-07-30,1.3019260843764546e-38
1982-07-31,1.3019260843764546e-38
1982-08-01,1.3019260843764546e-38
1982-08-02,1.3019260843764546e-38
1982-08-03,1.3019260843764546e-38
1982-08-04,1.3019260843764546e-38
1982-08-05,1.3019260843764546e-38
1982-08-06,1.3019260843764546e-38
1982-08-07,1.3019260843764546e-38
1982-08-08,1.3019260843764546e-38
1982-08-09,1.3019260843764546e-38
1982-08-10,1.3019260843764546e-38
1982-08-11,1.3019260843764546e-38
1982-08-12,1.3019260843764546e-38
1982-08-13,1.3019260843764546e-38
1982-08-14,1.3019260843764546e-38
1982-08-15,1.3019260843764546e-38
1982-08-16,1.3019260843764546e-38
1982-08-17,1.3019260843764546e-38
1982-08-18,1.3019260843764546e-38
1982-08-19,1.3019260843764546e-38
1982-08-20,1.3019260843764546e-38
1982-08-21,1.3019260843764546e-38
1982-08-22,1.3019260843764546e-38
1982-08-23,1.3019260843764546e-38
1982-08-24,1.3019260843764546e-38
1982-08-25,1.3019260843764546e-38
1982-08-26,1.3019260843764546e-38
1982-08-27,1.3019260843764546e-38
1982-08-28,1.3019260843764546e-38
1982-08-29,1.3019260843764546e-38
1982-08-30,1.3019260843764546e-38
1982-08-31,1.3019260843764546e-38
1982-09-01,1.3019260843764546e-38
1982-09-02,1.3019260843764546e-38
1982-09-03,1.3019260843764546e-38
1982-09-04,1.3019260843764546e-38
1982-09-05,1.3019260843764546e-38
1982-09-06,1.3019260843764546e-38
1982-09-07,1.3019260843764546e-38
1982-09-08,1.3019260843764546e-38
1982-09-09,1.3019260843764546e-38
1982-09-10,1.3019260843764546e-38
1982-09-11,1.3019260843764546e-38
1982-09-12,1.3019260843764546e-38
1982-09-13,1.3019260843764546e-38
1982-09-14,1.3019260843764546e-38
1982-09-15,1.3019260843764546e-38
1982-09-16,1.3019260843764546e-38
1982-09-17,1.3019260843764546e-38
1982-09-18,1.3019260843764546e-38
1982-09-19,1.3019260843764546e-38
1982-09-20,1.3019260843764546e-38
1982-09-21,1.3019260843764546e-38
1982-09-22,1.3019260843764546e-38
1982-09-23,1.3019260843764546e-38
1982-09-24,1.3019260843764546e-38
1982-09-25,1.3019260843764546e-38
1982-09-26,1.3019260843764546e-38
1982-09-27,1.3019260843764546e-38
1982-09-28,1.3019260843764546e-38
1982-09-29,1.3019260843764546e-38
1982-09-30,1.3019260843764546e-38
1982-10-01,1.3019260843764546e-38
1982-10-02,1.3019260843764546e-38
1982-10-03,1.3019260843764546e-38
1982-10-04,1.3019260843764546e-38
1982-10-05,1.3019260843764546e-38
1982-10-06,1.3019260843764546e-38
1982-10-07,1.3019260843764546e-38
1982-10-08,1.3019260843764546e-38
1982-10-09,1.3019260843764546e-38
1982-10-10,1.3019260843764546e-38
1982-10-11,1.3019260843764546e-38
1982-10-12,1.3019260843764546e-38
1982-10-13,1.3019260843764546e-38
1982-10-14,1.3019260843764546e-38
1982-10-15,1.3019260843764546e-38
1982-10-16,1.3019260843764546e-38
1982-10-17,1.3019260843764546e-38
1982-10-18,1.3019260843764546e-38
1982-10-19,1.3019260843764546e-38
1982-10-20,1.3019260843764546e-38
1982-10-21,1.3019260843764546e-38
1982-10-22,1.3019260843764546e-38
1982-10-23,1.3019260843764546e-38
1982-10-24,1.3019260843764546e-38
1982-10-25,1.3019260843764546e-38
1982-10-26,1.3019260843764546e-38
1982-10-27,1.3019260843764546e-38
1982-10-28,1.3019260843764546e-38
1982-10-29,1.3019260843764546e-38
1982-10-30,1.3019260843764546e-38
1982-10-31,1.3019260843764546e-38
1982-11-01,1.3019260843764546e-38
1982-11-02,1.3019260843764546e-38
1982-11-03,1.3019260843764546e-38
1982-11-04,1.3019260843764546e-38
1982-11-05,1.3019260843764546e-38
1982-11-06,1.3019260843764546e-38
1982-11-07,1.3019260843764546e-38
1982-11-08,1.3019260843764546e-38
1982-11-09,1.3019260843764546e-38
1982-11-10,1.3019260843764546e-38
1982-11-11,1.3019260843764546e-38
1982-11-12,1.3019260843764546e-38
1982-11-13,1.3019260843764546e-38
1982-11-14,1.3019260843764546e-38
1982-11-15,1.3019260843764546e-38
1982-11-16,1.3019260843764546e-38
1982-11-17,1.3019260843764546e-38
1982-11-18,1.3019260843764546e-38
1982-11-19,1.3019260843764546e-38
1982-11-20,1.3019260843764546e-38
1982-11-21,1.3019260843764546e-38
1982-11-22,1.3019260843764546e-38
1982-11-23,0.028550300747156143
1982-11-24,0.012403137981891632
1982-11-25,0.008757285773754118
1982-11-26,0.004187042824923992
1982-11-27,0.0020496994256973267
1982-11-28,0.001014346838928759
1982-11-29,0.0005046012229286134
1982-11-30,0.0002516640815883875
1982-12-01,0.00012567370140459388
1982-12-02,6.279736408032476e-05
1982-12-03,3.138882311759516e-05
1982-12-04,1.569194682815578e-05
1982-12-05,7.845357686164789e-06
1982-12-06,3.9225265027198475e-06
1982-12-07,1.9795218122453657e-06
1982-12-08,0.03374493867158889
1982-12-09,0.05794455483555794
1982-12-10,0.020805913954973217
1982-12-11,0.009324628859758375
1982-12-12,0.004445100203156471
1982-12-13,0.0021731611341238018
1982-12-14,0.001074774540029466
1982-12-15,0.0005344994133338332
1982-12-16,0.00026653549866750847
1982-12-17,0.0001330901577603072
1982-12-18,6.650079740211369e-05
1982-12-19,3.3239342883462086e-05
1982-12-20,1.661691021581646e-05
1982-12-21,8.307764801429583e-06
1982-12-22,4.153710051468806e-06
1982-12-23,2.0770773971889862e-06
1982-12-24,1.038707068801159e-06
1982-12-25,5.193508059164742e-07
1982-12-26,2.6309908207622357e-07
1982-12-27,0.0005006499704904854
1982-12-28,0.0005006499704904854
1982-12-29,0.0005006499704904854
1982-12-30,0.0005006499704904854
1982-12-31,0.0005006499704904854
1983-01-01,0.0009222426451742648
1983-01-02,0.00045899502583779395
1983-01-03,0.00022897080634720626
1983-01-04,0.00011435433407314122
1983-01-05,5.714447615901008e-05
1983-01-06,2.8564074455061927e-05
1983-01-07,1.4279997230914887e-05
1983-01-08,7.1394888436771e-06
1983-01-09,3.5696170925803017e-06
1983-01-10,1.7847766002887513e-06
1983-01-11,8.92380342065735e-07
1983-01-12,4.4618820993491676e-07
1983-01-13,2.2309359337668863e-07
1983-01-14,1.1154669010693395e-07
1983-01-15,5.577331307904388e-08
1983-01-16,2.788664943409458e-08
1983-01-17,1.3943322940690449e-08
1983-01-18,6.9716605821668046e-09
1983-01-19,3.4858302910834023e-09
1983-01-20,1.7429151455417011e-09
1983-01-21,8.736883994053811e-10
1983-01-22,4.3684419970269056e-10
1983-01-23,2.1842209985134528e-10
1983-01-24,1.0921104992567264e-10
1983-01-25,5.460552496283633e-11
1983-01-26,2.7302762481418164e-11
1983-01-27,1.365138124070908e-11
1983-01-28,6.825690620354541e-12
1983-01-29,3.4128453101772704e-12
1983-01-30,1.7064226550886352e-12
1983-01-31,8.532113275443176e-13
1983-02-01,4.266056637721588e-13
1983-02-02,2.133028318860794e-13
1983-02-03,1.066514159430397e-13
1983-02-04,5.3325707971519844e-14
1983-02-05,2.6662853985759922e-14
1983-02-06,1.3331426992879961e-14
1983-02-07,6.6657134964399805e-15
1983-02-08,3.3328567482199903e-15
1983-02-09,1.6664283741099951e-15
1983-02-10,8.332141870549976e-16
1983-02-11,4.166070935274988e-16
1983-02-12,2.083035467637494e-16
1983-02-13,1.0415177338187471e-16
1983-02-14,5.2075886690937354e-17
1983-02-15,2.6037943345468677e-17
1983-02-16,1.3018971672734339e-17
1983-02-17,6.509485836367169e-18
1983-02-18,3.2547429181835846e-18
1983-02-19,1.6273714590917923e-18
1983-02-20,8.136857295458962e-19
1983-02-21,4.068428647729481e-19
1983-02-22,2.0342143238647404e-19
1983-02-23,1.0171071619323701e-19
1983-02-24,5.0855358096618504e-20
1983-02-25,2.5427679048309252e-20
1983-02-26,1.2713839524154626e-20
1983-02-27,6.356919762077313e-21
1983-02-28,3.1784598810386565e-21
1983-03-01,1.5892299405193282e-21
1983-03-02,7.946149702596639e-22
1983-03-03,3.9730748512983197e-22
1983-03-04,1.9865374256491598e-22
1983-03-05,9.932687128245799e-23
1983-03-06,4.9663435641228996e-23
1983-03-07,2.4831717820614498e-23
1983-03-08,1.2415858910307249e-23
1983-03-09,6.207929455153627e-24
1983-03-10,3.1039647275768133e-24
1983-03-11,1.5519823637884067e-24
1983-03-12,7.759911818942033e-25
1983-03-13,3.8799559094710167e-25
1983-03-14,1.9399779547355083e-25
1983-03-15,9.699889773677538e-26
1983-03-16,4.84994488683877e-26
1983-03-17,2.424972443419385e-26
1983-03-18,1.212486221709693e-26
1983-03-19,6.062431108548465e-27
1983-03-20,3.0312155542742325e-27
1983-03-21,1.5156077771371157e-27
1983-03-22,7.578038885685579e-28
1983-03-23,3.7890194428427893e-28
1983-03-24,1.8945097214213946e-28
1983-03-25,9.472548607106973e-29
1983-03-26,4.7362743035534866e-29
1983-03-27,2.3681371517767433e-29
1983-03-28,1.1840685758883717e-29
1983-03-29,5.920342879441858e-30
1983-03-30,2.960171439720929e-30
1983-03-31,1.4800857198604646e-30
1983-04-01,7.400428599302323e-31
1983-04-02,3.7002142996511614e-31
1983-04-03,1.8501071498255807e-31
1983-04-04,9.250535749127904e-32
1983-04-05,4.625267874563952e-32
1983-04-06,2.312633937281976e-32
1983-04-07,1.156316968640988e-32
1983-04-08,5.78158484320494e-33
1983-04-09,2.89079242160247e-33
1983-04-10,1.445396210801235e-33
1983-04-11,7.226981054006175e-34
1983-04-12,3.6134905270030877e-34
1983-04-13,1.8067452635015439e-34
1983-04-14,9.033726317507719e-35
1983-04-15,4.5168631587538597e-35
1983-04-16,2.2584315793769296e-35
1983-04-17,1.1292157896884648e-35
1983-04-18,5.6460789484423246e-36
1983-04-19,2.8230394742211623e-36
1983-04-20,1.4115197371105811e-36
1983-04-21,7.057598685552906e-37
1983-04-22,3.528799342776453e-37
1983-04-23,1.7643996713882264e-37
1983-04-24,8.821998356941132e-38
1983-04-25,4.410999178470566e-38
1983-04-26,2.205499589235283e-38
1983-04-27,2.205499589235283e-38
1983-04-28,2.205499589235283e-38
1983-04-29,2.205499589235283e-38
1983-04-30,2.205499589235283e-38
1983-05-01,2.205499589235283e-38
1983-05-02,2.205499589235283e-38
1983-05-03,2.205499589235283e-38
1983-05-04,2.205499589235283e-38
1983-05-05,2.205499589235283e-38
1983-05-06,2.205499589235283e-38
1983-05-07,2.205499589235283e-38
1983-05-08,2.205499589235283e-38
1983-05-09,2.205499589235283e-38
1983-05-10,2.205499589235283e-38
1983-05-11,2.205499589235283e-38
1983-05-12,2.205499589235283e-38
1983-05-13,2.205499589235283e-38
1983-05-14,2.205499589235283e-38
1983-05-15,2.205499589235283e-38
1983-05-16,2.205499589235283e-38
1983-05-17,2.205499589235283e-38
1983-05-18,2.205499589235283e-38
1983-05-19,2.205499589235283e-38
1983-05-20,2.205499589235283e-38
1983-05-21,2.205499589235283e-38
1983-05-22,2.205499589235283e-38
1983-05-23,2.205499589235283e-38
1983-05-24,2.205499589235283e-38
1983-05-25,2.205499589235283e-38
1983-05-26,2.205499589235283e-38
1983-05-27,2.205499589235283e-38
1983-05-28,2.205499589235283e-38
1983-05-29,2.205499589235283e-38
1983-05-30,2.205499589235283e-38
1983-05-31,2.205499589235283e-38
1983-06-01,2.205499589235283e-38
1983-06-02,2.205499589235283e-38
1983-06-03,2.205499589235283e-38
1983-06-04,2.205499589235283e-38
1983-06-05,2.205499589235283e-38
1983-06-06,2.205499589235283e-38
1983-06-07,2.205499589235283e-38
1983-06-08,2.205499589235283e-38
1983-06-09,2.205499589235283e-38
1983-06-10,2.205499589235283e-38
1983-06-11,2.205499589235283e-38
1983-06-12,2.205499589235283e-38
1983-06-13,2.205499589235283e-38
1983-06-14,2.205499589235283e-38
1983-06-15,2.205499589235283e-38
1983-06-16,2.205499589235283e-38
1983-06-17,2.205499589235283e-38
1983-06-18,2.205499589235283e-38
1983-06-19,2.205499589235283e-38
1983-06-20,2.205499589235283e-38
1983-06-21,2.205499589235283e-38
1983-06-22,2.205499589235283e-38
1983-06-23,2.205499589235283e-38
1983-06-24,2.205499589235283e-38
1983-06-25,2.205499589235283e-38
1983-06-26,2.205499589235283e-38
1983-06-27,2.205499589235283e-38
1983-06-28,2.205499589235283e-38
1983-06-29,2.205499589235283e-38
1983-06-30,2.205499589235283e-38
1983-07-01,2.205499589235283e-38
1983-07-02,2.205499589235283e-38
1983-07-03,2.205499589235283e-38
1983-07-04,2.205499589235283e-38
1983-07-05,2.205499589235283e-38
1983-07-06,2.205499589235283e-38
1983-07-07,2.205499589235283e-38
1983-07-08,2.205499589235283e-38
1983-07-09,2.205499589235283e-38
1983-07-10,2.205499589235283e-38
1983-07-11,2.205499589235283e-38
1983-07-12,2.205499589235283e-38
1983-07-13,2.205499589235283e-38
1983-07-14,2.205499589235283e-38
1983-07-15,2.205499589235283e-38
1983-07-16,2.205499589235283e-38
1983-07-17,2.205499589235283e-38
1983-07-18,2.205499589235283e-38
1983-07-19,2.205499589235283e-38
1983-07-20,2.205499589235283e-38
1983-07-21,2.205499589235283e-38
1983-07-22,2.205499589235283e-38
1983-07-23,2.205499589235283e-38
1983-07-24,2.205499589235283e-38
1983-07-25,2.205499589235283e-38
1983-07-26,2.205499589235283e-38
1983-07-27,2.205499589235283e-38
1983-07-28,2.205499589235283e-38
1983-07-29,2.205499589235283e-38
1983-07-30,2.205499589235283e-38
1983-07-31,2.205499589235283e-38
1983-08-01,2.205499589235283e-38
1983-08-02,2.205499589235283e-38
1983-08-03,2.205499589235283e-38
1983-08-04,2.205499589235283e-38
1983-08-05,2.205499589235283e-38
1983-08-06,2.205499589235283e-38
1983-08-07,2.205499589235283e-38
1983-08-08,2.205499589235283e-38
1983-08-09,2.205499589235283e-38
1983-08-10,2.205499589235283e-38
1983-08-11,2.205499589235283e-38
1983-08-12,2.205499589235283e-38
1983-08-13,2.205499589235283e-38
1983-08-14,2.205499589235283e-38
1983-08-15,2.205499589235283e-38
1983-08-16,2.205499589235283e-38
1983-08-17,2.205499589235283e-38
1983-08-18,2.205499589235283e-38
1983-08-19,2.205499589235283e-38
1983-08-20,2.205499589235283e-38
1983-08-21,2.205499589235283e-38
1983-08-22,2.205499589235283e-38
1983-08-23,2.205499589235283e-38
1983-08-24,2.205499589235283e-38
1983-08-25,2.205499589235283e-38
1983-08-26,2.205499589235283e-38
1983-08-27,2.205499589235283e-38
1983-08-28,2.205499589235283e-38
1983-08-29,2.205499589235283e-38
1983-08-30,2.205499589235283e-38
1983-08-31,2.205499589235283e-38
1983-09-01,2.205499589235283e-38
1983-09-02,2.205499589235283e-38
1983-09-03,2.205499589235283e-38
1983-09-04,2.205499589235283e-38
1983-09-05,2.205499589235283e-38
1983-09-06,2.205499589235283e-38
1983-09-07,2.205499589235283e-38
1983-09-08,2.205499589235283e-38
1983-09-09,2.205499589235283e-38
1983-09-10,2.205499589235283e-38
1983-09-11,2.205499589235283e-38
1983-09-12,2.205499589235283e-38
1983-09-13,2.205499589235283e-38
1983-09-14,2.205499589235283e-38
1983-09-15,2.205499589235283e-38
1983-09-16,2.205499589235283e-38
1983-09-17,2.205499589235283e-38
1983-09-18,2.205499589235283e-38
1983-09-19,2.205499589235283e-38
1983-09-20,2.205499589235283e-38
1983-09-21,2.205499589235283e-38
1983-09-22,2.205499589235283e-38
1983-09-23,2.205499589235283e-38
1983-09-24,2.205499589235283e-38
1983-09-25,2.205499589235283e-38
1983-09-26,2.205499589235283e-38
1983-09-27,2.205499589235283e-38
1983-09-28,2.205499589235283e-38
1983-09-29,2.205499589235283e-38
1983-09-30,2.205499589235283e-38
1983-10-01,2.205499589235283e-38
1983-10-02,2.205499589235283e-38
1983-10-03,2.205499589235283e-38
1983-10-04,2.205499589235283e-38
1983-10-05,2.205499589235283e-38
1983-10-06,2.205499589235283e-38
1983-10-07,2.205499589235283e-38
1983-10-08,2.205499589235283e-38
1983-10-09,2.205499589235283e-38
1983-10-10,2.205499589235283e-38
1983-10-11,2.205499589235283e-38
1983-10-12,2.205499589235283e-38
1983-10-13,2.205499589235283e-38
1983-10-14,2.205499589235283e-38
1983-10-15,2.205499589235283e-38
1983-10-16,2.205499589235283e-38
1983-10-17,2.205499589235283e-38
1983-10-18,2.205499589235283e-38
1983-10-19,2.205499589235283e-38
1983-10-20,2.205499589235283e-38
1983-10-21,2.205499589235283e-38
1983-10-22,2.205499589235283e-38
1983-10-23,2.205499589235283e-38
1983-10-24,2.205499589235283e-38
1983-10-25,2.205499589235283e-38
1983-10-26,2.205499589235283e-38
1983-10-27,2.205499589235283e-38
1983-10-28,2.205499589235283e-38
1983-10-29,2.205499589235283e-38
1983-10-30,2.205499589235283e-38
1983-10-31,2.205499589235283e-38
1983-11-01,2.205499589235283e-38
1983-11-02,2.205499589235283e-38
1983-11-03,2.205499589235283e-38
1983-11-04,2.205499589235283e-38
1983-11-05,2.205499589235283e-38
1983-11-06,2.205499589235283e-38
1983-11-07,2.205499589235283e-38
1983-11-08,2.205499589235283e-38
1983-11-09,2.205499589235283e-38
1983-11-10,2.205499589235283e-38
1983-11-11,2.205499589235283e-38
1983-11-12,2.205499589235283e-38
1983-11-13,2.205499589235283e-38
1983-11-14,2.205499589235283e-38
1983-11-15,2.205499589235283e-38
1983-11-16,2.205499589235283e-38
1983-11-17,2.205499589235283e-38
1983-11-18,2.205499589235283e-38
1983-11-19,2.205499589235283e-38
1983-11-20,2.205499589235283e-38
1983-11-21,2.205499589235283e-38
1983-11-22,2.205499589235283e-38
1983-11-23,2.205499589235283e-38
1983-11-24,2.205499589235283e-38
1983-11-25,2.205499589235283e-38
1983-11-26,2.205499589235283e-38
1983-11-27,2.205499589235283e-38
1983-11-28,2.205499589235283e-38
1983-11-29,2.205499589235283e-38
1983-11-30,2.205499589235283e-38
1983-12-01,0.012894788756966593
1983-12-02,0.006033800076693297
1983-12-03,0.0031188484281301494
1983-12-04,0.0018089301884174345
1983-12-05,0.0008962848805822432
1983-12-06,0.00044613462523557246
1983-12-07,0.00022366341727320102
1983-12-08,0.00011170664947712793
1983-12-09,5.582213270827196e-05
1983-12-10,2.7903277441509996e-05
1983-12-11,1.3949692402093204e-05
1983-12-12,6.974359621381153e-06
1983-12-13,3.4870579384005396e-06
1983-12-14,1.7434986148145981e-06
1983-12-15,8.717417472325907e-07
1983-12-16,4.358714420504839e-07
1983-12-17,4.0115201045409785e-06
1983-12-18,0.008727834559977055
1983-12-19,0.008927127346396446
1983-12-20,1.018750548362732
1983-12-21,1.018750548362732
1983-12-22,1.018750548362732
1983-12-23,1.018750548362732
1983-12-24,1.018750548362732
1983-12-25,7.818750858306883
1983-12-26,7.81878423690796
1983-12-27,7.819220066070557
1983-12-28,7.819220066070557
1983-12-29,7.819225788116454
1983-12-30,0.9991183280944824
1983-12-31,4.571676254272461e-05
1984-01-01,2.2853299014968798e-05
1984-01-02,1.1425343473092653e-05
1984-01-03,5.712345682695741e-06
1984-01-04,2.8560912141983867e-06
1984-01-05,1.4280251434684033e-06
1984-01-06,7.140074558265043e-07
1984-01-07,3.570024489363277e-07
1984-01-08,1.7850091182936012e-07
1984-01-09,8.925038486040648e-08
1984-01-10,4.462517111392116e-08
1984-01-11,2.2312580227890066e-08
1984-01-12,1.1156289225766612e-08
1984-01-13,5.578481232504372e-09
1984-01-14,1.0622386980685405e-05
1984-01-15,1.0622386980685405e-05
1984-01-16,1.0622386980685405e-05
1984-01-17,1.0622386980685405e-05
1984-01-18,1.0622386980685405e-05
1984-01-19,1.0622386980685405e-05
1984-01-20,1.0622386980685405e-05
1984-01-21,0.0003071553655900061
1984-01-22,0.0001533418253529817
1984-01-23,7.661212293896824e-05
1984-01-24,3.8291389500955127e-05
1984-01-25,1.9142029486829408e-05
1984-01-26,9.570098882250022e-06
1984-01-27,4.784820703207515e-06
1984-01-28,2.3923530534375455e-06
1984-01-29,1.1961623158640575e-06
1984-01-30,5.980775767966406e-07
1984-01-31,2.9903790732532803e-07
1984-02-01,1.4951872628898855e-07
1984-02-02,7.475930630107541e-08
1984-02-03,3.737963893968299e-08
1984-02-04,1.8689814140770974e-08
1984-02-05,9.34490618220707e-09
1984-02-06,4.672453091103534e-09
1984-02-07,2.336226545551767e-09
1984-02-08,1.1681132727758834e-09
1984-02-09,5.840566363879417e-10
1984-02-10,2.9202831819397085e-10
1984-02-11,1.4601415909698543e-10
1984-02-12,7.300707954849271e-11
1984-02-13,3.6503539774246357e-11
1984-02-14,1.8251769887123178e-11
1984-02-15,9.125885810923327e-12
1984-02-16,4.5629429054616636e-12
1984-02-17,2.2814714527308318e-12
1984-02-18,1.1407357263654163e-12
1984-02-19,5.703678631827078e-13
1984-02-20,2.851839315913539e-13
1984-02-21,1.4259196579567696e-13
1984-02-22,7.129638947365319e-14
1984-02-23,3.568725650822217e-14
1984-02-24,1.7843628254111083e-14
1984-02-25,8.921814127055542e-15
1984-02-26,4.460907063527772e-15
1984-02-27,2.2304535317638854e-15
1984-02-28,1.1152267658819427e-15
1984-02-29,5.576133829409715e-16
1984-03-01,2.7880669147048573e-16
1984-03-02,1.3940334573524286e-16
1984-03-03,6.970167286762143e-17
1984-03-04,3.4850836433810716e-17
1984-03-05,1.7425418216905358e-17
1984-03-06,8.712709108452679e-18
1984-03-07,4.3563545542263395e-18
1984-03-08,2.1781772771131698e-18
1984-03-09,1.0890886385565849e-18
1984-03-10,5.445443192782923e-19
1984-03-11,2.7227215963914617e-19
1984-03-12,1.361360798195731e-19
1984-03-13,6.806803990978655e-20
1984-03-14,3.403401995489328e-20
1984-03-15,1.7017009977446636e-20
1984-03-16,8.508504988723318e-21
1984-03-17,4.25425249436166e-21
1984-03-18,2.1271262471808295e-21
1984-03-19,1.0635631235904147e-21
1984-03-20,5.317815617952074e-22
1984-03-21,2.658907808976037e-22
1984-03-22,1.3294539044880184e-22
1984-03-23,6.647269522440092e-23
1984-03-24,3.323634761220046e-23
1984-03-25,1.661817380610023e-23
1984-03-26,8.309086903050115e-24
1984-03-27,4.1545434515250575e-24
1984-03-28,2.0772717257625288e-24
1984-03-29,1.0386358628812644e-24
1984-03-30,5.193179314406322e-25
1984-03-31,2.596589657203161e-25
1984-04-01,1.2982948286015807e-25
1984-04-02,6.491474143007904e-26
1984-04-03,3.245737071503952e-26
1984-04-04,1.6228685357519756e-26
1984-04-05,8.114342678759878e-27
1984-04-06,4.05717133937994e-27
1984-04-07,2.0285856696899695e-27
1984-04-08,1.0142928348449848e-27
1984-04-09,5.071464174224925e-28
1984-04-10,2.5357320871124623e-28
1984-04-11,1.2678660435562312e-28
1984-04-12,6.339330217781156e-29
1984-04-13,3.169665108890578e-29
1984-04-14,1.584832554445289e-29
1984-04-15,7.924162772226445e-30
1984-04-16,3.9620813861132224e-30
1984-04-17,1.9810406930566112e-30
1984-04-18,9.905203465283058e-31
1984-04-19,4.952601732641528e-31
1984-04-20,2.476300866320764e-31
1984-04-21,1.2381504331603822e-31
1984-04-22,6.19075216580191e-32
1984-04-23,3.095376082900955e-32
1984-04-24,1.5476880414504775e-32
1984-04-25,7.738440207252387e-33
1984-04-26,3.869220103626194e-33
1984-04-27,1.934610051813097e-33
1984-04-28,9.673050259065484e-34
1984-04-29,4.836525129532742e-34
1984-04-30,2.418262564766371e-34
1984-05-01,1.2091312823831855e-34
1984-05-02,6.045656411915928e-35
1984-05-03,3.022828205957964e-35
1984-05-04,1.511414102978982e-35
1984-05-05,7.55707051489491e-36
1984-05-06,3.778535257447455e-36
1984-05-07,1.8892676287237274e-36
1984-05-08,9.446338143618637e-37
1984-05-09,4.7231690718093185e-37
1984-05-10,2.3615845359046593e-37
1984-05-11,1.1807922679523296e-37
1984-05-12,5.903961339761648e-38
1984-05-13,2.951980669880824e-38
1984-05-14,1.475990334940412e-38
1984-05-15,1.475990334940412e-38
1984-05-16,1.475990334940412e-38
1984-05-17,1.475990334940412e-38
1984-05-18,1.475990334940412e-38
1984-05-19,1.475990334940412e-38
1984-05-20,1.475990334940412e-38
1984-05-21,1.475990334940412e-38
1984-05-22,1.475990334940412e-38
1984-05-23,1.475990334940412e-38
1984-05-24,1.475990334940412e-38
1984-05-25,1.475990334940412e-38
1984-05-26,1.475990334940412e-38
1984-05-27,1.475990334940412e-38
1984-05-28,1.475990334940412e-38
1984-05-29,1.475990334940412e-38
1984-05-30,1.475990334940412e-38
1984-05-31,1.475990334940412e-38
1984-06-01,1.475990334940412e-38
1984-06-02,1.475990334940412e-38
1984-06-03,1.475990334940412e-38
1984-06-04,1.475990334940412e-38
1984-06-05,1.475990334940412e-38
1984-06-06,1.475990334940412e-38
1984-06-07,1.475990334940412e-38
1984-06-08,1.475990334940412e-38
1984-06-09,1.475990334940412e-38
1984-06-10,1.475990334940412e-38
1984-06-11,1.475990334940412e-38
1984-06-12,1.475990334940412e-38
1984-06-13,1.475990334940412e-38
1984-06-14,1.475990334940412e-38
1984-06-15,1.475990334940412e-38
1984-06-16,1.475990334940412e-38
1984-06-17,1.475990334940412e-38
1984-06-18,1.475990334940412e-38
1984-06-19,1.475990334940412e-38
1984-06-20,1.475990334940412e-38
1984-06-21,1.475990334940412e-38
1984-06-22,1.475990334940412e-38
1984-06-23,1.475990334940412e-38
1984-06-24,1.475990334940412e-38
1984-06-25,1.475990334940412e-38
1984-06-26,1.475990334940412e-38
1984-06-27,1.475990334940412e-38
1984-06-28,1.475990334940412e-38
1984-06-29,1.475990334940412e-38
1984-06-30,1.475990334940412e-38
1984-07-01,1.475990334940412e-38
1984-07-02,1.475990334940412e-38
1984-07-03,1.475990334940412e-38
1984-07-04,1.475990334940412e-38
1984-07-05,1.475990334940412e-38
1984-07-06,1.475990334940412e-38
1984-07-07,1.475990334940412e-38
1984-07-08,1.475990334940412e-38
1984-07-09,1.475990334940412e-38
1984-07-10,1.475990334940412e-38
1984-07-11,1.475990334940412e-38
1984-07-12,1.475990334940412e-38
1984-07-13,1.475990334940412e-38
1984-07-14,1.475990334940412e-38
1984-07-15,1.475990334940412e-38
1984-07-16,1.475990334940412e-38
1984-07-17,1.475990334940412e-38
1984-07-18,1.475990334940412e-38
1984-07-19,1.475990334940412e-38
1984-07-20,1.475990334940412e-38
1984-07-21,1.475990334940412e-38
1984-07-22,1.475990334940412e-38
1984-07-23,1.475990334940412e-38
1984-07-24,1.475990334940412e-38
1984-07-25,1.475990334940412e-38
1984-07-26,1.475990334940412e-38
1984-07-27,1.475990334940412e-38
1984-07-28,1.475990334940412e-38
1984-07-29,1.475990334940412e-38
1984-07-30,1.475990334940412e-38
1984-07-31,1.475990334940412e-38
1984-08-01,1.475990334940412e-38
1984-08-02,1.475990334940412e-38
1984-08-03,1.475990334940412e-38
1984-08-04,1.475990334940412e-38
1984-08-05,1.475990334940412e-38
1984-08-06,1.475990334940412e-38
1984-08-07,1.475990334940412e-38
1984-08-08,1.475990334940412e-38
1984-08-09,1.475990334940412e-38
1984-08-10,1.475990334940412e-38
1984-08-11,1.475990334940412e-38
1984-08-12,1.475990334940412e-38
1984-08-13,1.475990334940412e-38
1984-08-14,1.475990334940412e-38
1984-08-15,1.475990334940412e-38
1984-08-16,1.475990334940412e-38
1984-08-17,1.475990334940412e-38
1984-08-18,1.475990334940412e-38
1984-08-19,1.475990334940412e-38
1984-08-20,1.475990334940412e-38
1984-08-21,1.475990334940412e-38
1984-08-22,1.475990334940412e-38
1984-08-23,1.475990334940412e-38
1984-08-24,1.475990334940412e-38
1984-08-25,1.475990334940412e-38
1984-08-26,1.475990334940412e-38
1984-08-27,1.475990334940412e-38
1984-08-28,1.475990334940412e-38
1984-08-29,1.475990334940412e-38
1984-08-30,1.475990334940412e-38
1984-08-31,1.475990334940412e-38
1984-09-01,1.475990334940412e-38
1984-09-02,1.475990334940412e-38
1984-09-03,1.475990334940412e-38
1984-09-04,1.475990334940412e-38
1984-09-05,1.475990334940412e-38
1984-09-06,1.475990334940412e-38
1984-09-07,1.475990334940412e-38
1984-09-08,1.475990334940412e-38
1984-09-09,1.475990334940412e-38
1984-09-10,1.475990334940412e-38
1984-09-11,1.475990334940412e-38
1984-09-12,1.475990334940412e-38
1984-09-13,1.475990334940412e-38
1984-09-14,1.475990334940412e-38
1984-09-15,1.475990334940412e-38
1984-09-16,1.475990334940412e-38
1984-09-17,1.475990334940412e-38
1984-09-18,1.475990334940412e-38
1984-09-19,1.475990334940412e-38
1984-09-20,1.475990334940412e-38
1984-09-21,1.475990334940412e-38
1984-09-22,1.475990334940412e-38
1984-09-23,1.475990334940412e-38
1984-09-24,1.475990334940412e-38
1984-09-25,1.475990334940412e-38
1984-09-26,1.475990334940412e-38
1984-09-27,1.475990334940412e-38
1984-09-28,1.475990334940412e-38
1984-09-29,1.475990334940412e-38
1984-09-30,1.475990334940412e-38
1984-10-01,1.475990334940412e-38
1984-10-02,1.475990334940412e-38
1984-10-03,1.475990334940412e-38
1984-10-04,1.475990334940412e-38
1984-10-05,1.475990334940412e-38
1984-10-06,1.475990334940412e-38
1984-10-07,1.475990334940412e-38
1984-10-08,1.475990334940412e-38
1984-10-09,1.475990334940412e-38
1984-10-10,1.475990334940412e-38
1984-10-11,1.475990334940412e-38
1984-10-12,1.475990334940412e-38
1984-10-13,1.475990334940412e-38
1984-10-14,1.475990334940412e-38
1984-10-15,1.475990334940412e-38
1984-10-16,1.475990334940412e-38
1984-10-17,1.475990334940412e-38
1984-10-18,1.475990334940412e-38
1984-10-19,1.475990334940412e-38
1984-10-20,1.475990334940412e-38
1984-10-21,1.475990334940412e-38
1984-10-22,1.475990334940412e-38
1984-10-23,1.475990334940412e-38
1984-10-24,1.475990334940412e-38
1984-10-25,1.475990334940412e-38
1984-10-26,1.475990334940412e-38
1984-10-27,1.475990334940412e-38
1984-10-28,1.475990334940412e-38
1984-10-29,1.475990334940412e-38
1984-10-30,1.475990334940412e-38
1984-10-31,1.475990334940412e-38
1984-11-01,1.475990334940412e-38
1984-11-02,1.475990334940412e-38
1984-11-03,1.475990334940412e-38
1984-11-04,1.475990334940412e-38
1984-11-05,1.475990334940412e-38
1984-11-06,1.475990334940412e-38
1984-11-07,1.475990334940412e-38
1984-11-08,1.475990334940412e-38
1984-11-09,1.475990334940412e-38
1984-11-10,1.475990334940412e-38
1984-11-11,1.475990334940412e-38
1984-11-12,1.475990334940412e-38
1984-11-13,1.475990334940412e-38
1984-11-14,1.475990334940412e-38
1984-11-15,1.475990334940412e-38
1984-11-16,1.475990334940412e-38
1984-11-17,1.475990334940412e-38
1984-11-18,1.475990334940412e-38
1984-11-19,1.475990334940412e-38
1984-11-20,1.475990334940412e-38
1984-11-21,1.475990334940412e-38
1984-11-22,1.475990334940412e-38
1984-11-23,1.475990334940412e-38
1984-11-24,1.475990334940412e-38
1984-11-25,1.475990334940412e-38
1984-11-26,1.475990334940412e-38
1984-11-27,1.475990334940412e-38
1984-11-28,1.475990334940412e-38
1984-11-29,1.475990334940412e-38
1984-11-30,1.475990334940412e-38
1984-12-01,1.475990334940412e-38
1984-12-02,1.475990334940412e-38
1984-12-03,1.475990334940412e-38
1984-12-04,0.00973127782344818
1984-12-05,0.044896356761455536
1984-12-06,0.02742153778672218
1984-12-07,0.011842629872262476
1984-12-08,0.005571104586124419
1984-12-09,0.005588379688560963
1984-12-10,0.01362384669482708
1984-12-11,0.041006453335285194
1984-12-12,0.016357338055968285
1984-12-13,0.007511249743402003
1984-12-14,0.0036146438214927916
1984-12-15,0.0018042111769318578
1984-12-16,0.014376593753695491
1984-12-17,0.014434664510190487
1984-12-18,0.014434664510190487
1984-12-19,0.014434664510190487
1984-12-20,0.0544346310198307
1984-12-21,0.060860343277454376
1984-12-22,0.02144593745470047
1984-12-23,0.009577535092830656
1984-12-24,0.004559622146189213
1984-12-25,0.0022889496758580208
1984-12-26,0.0011390082072466612
1984-12-27,0.0005671965191140772
1984-12-28,0.0012759004021063447
1984-12-29,0.0007403672207146883
1984-12-30,0.0003690155572257936
1984-12-31,0.00018607129459269342
1985-01-01,0.00018607129459269342
1985-01-02,0.00018635949527379123
1985-01-03,9.3200353148859e-05
1985-01-04,4.665462984121404e-05
1985-01-05,2.3321872504311614e-05
1985-01-06,1.1659590199997185e-05
1985-01-07,5.829484052810584e-06
1985-01-08,4.1799121390795335e-06
1985-01-09,0.00037325682933442295
1985-01-10,0.00019094687013421208
1985-01-11,0.03473680466413497
1985-01-12,0.014381758868694304
1985-01-13,0.006675375625491142
1985-01-14,0.0032263274770230055
1985-01-15,0.0015871430514380336
1985-01-16,0.0007872740970924494
1985-01-17,0.00039208758971653884
1985-01-18,0.00019565946422517294
1985-01-19,9.773401689017193e-05
1985-01-20,4.884312875219621e-05
1985-01-21,2.441560536681209e-05
1985-01-22,1.2206312021589841e-05
1985-01-23,6.102806310082087e-06
1985-01-24,3.1080999178811908e-06
1985-01-25,0.017322167754173275
1985-01-26,0.017334269359707832
1985-01-27,0.017334818840026852
1985-01-28,0.0175614096224308
1985-01-29,0.017700737342238426
1985-01-30,0.01770740933716297
1985-01-31,0.01773039437830448
1985-02-01,0.01811498776078224
1985-02-02,0.01813004724681377
1985-02-03,0.01813004724681377
1985-02-04,0.01813004724681377
1985-02-05,3.1583819389343257
1985-02-06,3.1658596992492676
1985-02-07,3.1798088550567623
1985-02-08,3.1798155307769775
1985-02-09,2.120466470718384
1985-02-10,0.0
1985-02-11,0.0
1985-02-12,0.0
1985-02-13,0.0
1985-02-14,0.0
1985-02-15,0.0
1985-02-16,0.0
1985-02-17,0.0
1985-02-18,0.0
1985-02-19,0.0
1985-02-20,0.0
1985-02-21,0.0
1985-02-22,0.0
1985-02-23,0.0
1985-02-24,0.0
1985-02-25,0.0
1985-02-26,0.0
1985-02-27,0.0
1985-02-28,0.0
1985-03-01,0.0
1985-03-02,0.0
1985-03-03,0.0
1985-03-04,0.0
1985-03-05,0.0
1985-03-06,0.0
1985-03-07,0.0
1985-03-08,0.0
1985-03-09,0.0
1985-03-10,0.0
1985-03-11,0.0
1985-03-12,0.0
1985-03-13,0.0
1985-03-14,0.0
1985-03-15,0.0
1985-03-16,0.0
1985-03-17,0.0
1985-03-18,0.0
1985-03-19,0.0
1985-03-20,0.0
1985-03-21,0.0
1985-03-22,0.0
1985-03-23,0.0
1985-03-24,0.0
1985-03-25,0.0
1985-03-26,0.0
1985-03-27,0.0
1985-03-28,0.0
1985-03-29,0.0
1985-03-30,0.0
1985-03-31,0.0
1985-04-01,0.0
1985-04-02,0.0
1985-04-03,0.0
1985-04-04,0.0
1985-04-05,0.0
1985-04-06,0.0
1985-04-07,0.0
1985-04-08,0.0
1985-04-09,0.0
1985-04-10,0.0
1985-04-11,0.0
1985-04-12,0.0
1985-04-13,0.0
1985-04-14,0.0
1985-04-15,0.0
1985-04-16,0.0
1985-04-17,0.0
1985-04-18,0.0
1985-04-19,0.0
1985-04-20,0.0
1985-04-21,0.0
1985-04-22,0.0
1985-04-23,0.0
1985-04-24,0.0
1985-04-25,0.0
1985-04-26,0.0
1985-04-27,0.0
1985-04-28,0.0
1985-04-29,0.0
1985-04-30,0.0
1985-05-01,0.0
1985-05-02,0.0
1985-05-03,0.0
1985-05-04,0.0
1985-05-05,0.0
1985-05-06,0.0
1985-05-07,0.0
1985-05-08,0.0
1985-05-09,0.0
1985-05-10,0.0
1985-05-11,0.0
1985-05-12,0.0
1985-05-13,0.0
1985-05-14,0.0
1985-05-15,0.0
1985-05-16,0.0
1985-05-17,0.0
1985-05-18,0.0
1985-05-19,0.0
1985-05-20,0.0
1985-05-21,0.0
1985-05-22,0.0
1985-05-23,0.0
1985-05-24,0.0
1985-05-25,0.0
1985-05-26,0.0
1985-05-27,0.0
1985-05-28,0.0
1985-05-29,0.0
1985-05-30,0.0
1985-05-31,0.0
1985-06-01,0.0
1985-06-02,0.0
1985-06-03,0.0
1985-06-04,0.0
1985-06-05,0.0
1985-06-06,0.0
1985-06-07,0.0
1985-06-08,0.0
1985-06-09,0.0
1985-06-10,0.0
1985-06-11,0.0
1985-06-12,0.0
1985-06-13,0.0
1985-06-14,0.0
1985-06-15,0.0
1985-06-16,0.0
1985-06-17,0.0
1985-06-18,0.0
1985-06-19,0.0
1985-06-20,0.0
1985-06-21,0.0
1985-06-22,0.0
1985-06-23,0.0
1985-06-24,0.0
1985-06-25,0.0
1985-06-26,0.0
1985-06-27,0.0
1985-06-28,0.0
1985-06-29,0.0
1985-06-30,0.0
1985-07-01,0.0
1985-07-02,0.0
1985-07-03,0.0
1985-07-04,0.0
1985-07-05,0.0
1985-07-06,0.0
1985-07-07,0.0
1985-07-08,0.0
1985-07-09,0.0
1985-07-10,0.0
1985-07-11,0.0
1985-07-12,0.0
1985-07-13,0.0
1985-07-14,0.0
1985-07-15,0.0
1985-07-16,0.0
1985-07-17,0.0
1985-07-18,0.0
1985-07-19,0.0
1985-07-20,0.0
1985-07-21,0.0
1985-07-22,0.0
1985-07-23,0.0
1985-07-24,0.0
1985-07-25,0.0
1985-07-26,0.0
1985-07-27,0.0
1985-07-28,0.0
1985-07-29,0.0
1985-07-30,0.0
1985-07-31,0.0
1985-08-01,0.0
1985-08-02,0.0
1985-08-03,0.0
1985-08-04,0.0
1985-08-05,0.0
1985-08-06,0.0
1985-08-07,0.0
1985-08-08,0.0
1985-08-09,0.0
1985-08-10,0.0
1985-08-11,0.0
1985-08-12,0.0
1985-08-13,0.0
1985-08-14,0.0
1985-08-15,0.0
1985-08-16,0.0
1985-08-17,0.0
1985-08-18,0.0
1985-08-19,0.0
1985-08-20,0.0
1985-08-21,0.0
1985-08-22,0.0
1985-08-23,0.0
1985-08-24,0.0
1985-08-25,0.0
1985-08-26,0.0
1985-08-27,0.0
1985-08-28,0.0
1985-08-29,0.0
1985-08-30,0.0
1985-08-31,0.0
1985-09-01,0.0
1985-09-02,0.0
1985-09-03,0.0
1985-09-04,0.0
1985-09-05,0.0
1985-09-06,0.0
1985-09-07,0.0
1985-09-08,0.0
1985-09-09,0.0
1985-09-10,0.0
1985-09-11,0.0
1985-09-12,0.0
1985-09-13,0.0
1985-09-14,0.0
1985-09-15,0.0
1985-09-16,0.0
1985-09-17,0.0
1985-09-18,0.0
1985-09-19,0.0
1985-09-20,0.0
1985-09-21,0.0
1985-09-22,0.0
1985-09-23,0.0
1985-09-24,0.0
1985-09-25,0.0
1985-09-26,0.0
1985-09-27,0.0
1985-09-28,0.0
1985-09-29,0.0
1985-09-30,0.0
1985-10-01,0.0
1985-10-02,0.0
1985-10-03,0.0
1985-10-04,0.0
1985-10-05,0.0
1985-10-06,0.0
1985-10-07,0.0
1985-10-08,0.0
1985-10-09,0.0
1985-10-10,0.0
1985-10-11,0.0
1985-10-12,0.0
1985-10-13,0.0
1985-10-14,0.0
1985-10-15,0.0
1985-10-16,0.0
1985-10-17,0.0
1985-10-18,0.0
1985-10-19,0.0
1985-10-20,0.0
1985-10-21,0.0
1985-10-22,0.0
1985-10-23,0.0
1985-10-24,0.0
1985-10-25,0.0
1985-10-26,0.0
1985-10-27,0.0
1985-10-28,0.0
1985-10-29,0.0
1985-10-30,0.0
1985-10-31,0.0
1985-11-01,0.0
1985-11-02,0.0
1985-11-03,0.0
1985-11-04,0.0
1985-11-05,0.0
1985-11-06,0.0
1985-11-07,0.0
1985-11-08,0.0
1985-11-09,0.0
1985-11-10,0.0
1985-11-11,1.059063720276754e-06
1985-11-12,1.059063720276754e-06
1985-11-13,1.059063720276754e-06
1985-11-14,5.303942316459143e-07
1985-11-15,2.651964337019308e-07
1985-11-16,1.3259808895327296e-07
1985-11-17,8.205935841942846e-08
1985-11-18,1.3177078699300182e-06
1985-11-19,0.03091037459671497
1985-11-20,0.030914891511201855
1985-11-21,0.11209906637668607
1985-11-22,4.8520989418029785
1985-11-23,4.8520989418029785
1985-11-24,4.8520989418029785
1985-11-25,6.492098808288574
1985-11-26,6.492098808288574
1985-11-27,10.384859085083008
1985-11-28,10.674786567687987
1985-11-29,10.674786567687987
1985-11-30,15.174786567687987
1985-12-01,18.244787216186523
1985-12-02,37.01471710205078
1985-12-03,33.59033203125
1985-12-04,26.7204704284668
1985-12-05,19.552083969116207
1985-12-06,11.164721488952637
1985-12-07,4.245105743408204
1985-12-08,2.5265026092529297
1985-12-09,2.565623521804809
1985-12-10,2.565671920776367
1985-12-11,2.565671920776367
1985-12-12,2.565671920776367
1985-12-13,2.565671920776367
1985-12-14,2.5656814575195312
1985-12-15,1.2752928733825684
1985-12-16,0.002087235450744629
1985-12-17,0.0010328369680792093
1985-12-18,0.0005137760308571161
1985-12-19,0.0002562317531555891
1985-12-20,0.00016083105583675203
1985-12-21,0.002982270438224077
1985-12-22,0.002219819463789463
1985-12-23,0.0010979619110003112
1985-12-24,0.000545970571693033
1985-12-25,0.0002728433755692094
1985-12-26,0.0032129383180290456
1985-12-27,0.0032129383180290456
1985-12-28,0.0032129383180290456
1985-12-29,0.0032157404348254204
1985-12-30,0.0015820309054106472
1985-12-31,0.00078593724174425
1986-01-01,0.0003914244007319212
1986-01-02,0.00019532936858013272
1986-01-03,9.75692964857444e-05
1986-01-04,4.8760852223495035e-05
1986-01-05,2.437448347336613e-05
1986-01-06,1.218575653183507e-05
1986-01-07,6.092507192079211e-06
1986-01-08,3.0461606002063486e-06
1986-01-09,1.5230571079882789e-06
1986-01-10,7.615227559654157e-07
1986-01-11,3.80759928475527e-07
1986-01-12,1.9037959475554087e-07
1986-01-13,9.51897050072148e-08
1986-01-14,4.7594831187325326e-08
1986-01-15,2.3797410264592145e-08
1986-01-16,1.189870335593923e-08
1986-01-17,5.9493516779696165e-09
1986-01-18,2.9746758389848074e-09
1986-01-19,1.4873379194924037e-09
1986-01-20,7.436689597462018e-10
1986-01-21,3.718344798731009e-10
1986-01-22,1.8591723993655044e-10
1986-01-23,9.295861996827522e-11
1986-01-24,4.647930998413762e-11
1986-01-25,2.323965499206881e-11
1986-01-26,1.161982749603441e-11
1986-01-27,5.809913748017204e-12
1986-01-28,2.9049568740086014e-12
1986-01-29,1.4524784370043007e-12
1986-01-30,7.262392185021504e-13
1986-01-31,3.631196092510752e-13
1986-02-01,1.815598046255376e-13
1986-02-02,9.07799023127688e-14
1986-02-03,4.53899511563844e-14
1986-02-04,2.26949755781922e-14
1986-02-05,1.13474877890961e-14
1986-02-06,5.67374389454805e-15
1986-02-07,2.836871947274025e-15
1986-02-08,1.4184437028126563e-15
1986-02-09,0.003057548310607672
1986-02-10,0.0015054070390760899
1986-02-11,0.033161088824272156
1986-02-12,0.013858057558536528
1986-02-13,0.014081044122576712
1986-02-14,0.00703587057068944
1986-02-15,0.0033942277077585463
1986-02-16,0.0016683145659044385
1986-02-17,0.01558225229382515
1986-02-18,0.015583811327815056
1986-02-19,0.016197845339775085
1986-02-20,0.007444463670253753
1986-02-21,0.003583757905289531
1986-02-22,0.0017597740516066556
1986-02-23,0.0008721452322788537
1986-02-24,0.0004341710591688752
1986-02-25,0.00021661428036168215
1986-02-26,0.00010818984446814284
1986-02-27,5.406565833254716e-05
1986-02-28,2.702552046685014e-05
1986-03-01,1.3510933968063906e-05
1986-03-02,6.755010417691664e-06
1986-03-03,3.3773912946344357e-06
1986-03-04,1.6886671119209497e-06
1986-03-05,8.443263936896983e-07
1986-03-06,4.221614346988645e-07
1986-03-07,2.1108026260208132e-07
1986-03-08,1.0554001761420297e-07
1986-03-09,5.276998393810574e-08
1986-03-10,2.63849848636255e-08
1986-03-11,1.3192490655455913e-08
1986-03-12,6.596244439549537e-09
1986-03-13,3.2981222197747684e-09
1986-03-14,1.649061109887384e-09
1986-03-15,8.245305549436921e-10
1986-03-16,4.1226527747184605e-10
1986-03-17,2.0613263873592302e-10
1986-03-18,1.0306631936796151e-10
1986-03-19,5.1533159683980756e-11
1986-03-20,2.5766579841990375e-11
1986-03-21,1.2883289920995189e-11
1986-03-22,6.441644960497594e-12
1986-03-23,3.220822480248797e-12
1986-03-24,1.6104112401243986e-12
1986-03-25,8.052056200621993e-13
1986-03-26,4.0260281003109966e-13
1986-03-27,2.0130140501554983e-13
1986-03-28,1.0065070250777491e-13
1986-03-29,5.032535125388746e-14
1986-03-30,2.516267562694373e-14
1986-03-31,1.2581337813471864e-14
1986-04-01,6.290668906735932e-15
1986-04-02,3.145334453367966e-15
1986-04-03,1.572667226683983e-15
1986-04-04,7.863336133419915e-16
1986-04-05,3.9316680667099576e-16
1986-04-06,1.9658340333549788e-16
1986-04-07,9.829170166774894e-17
1986-04-08,4.914585083387447e-17
1986-04-09,2.4572925416937235e-17
1986-04-10,1.2286462708468614e-17
1986-04-11,6.143231354234309e-18
1986-04-12,3.0716156771171544e-18
1986-04-13,1.5358078385585772e-18
1986-04-14,7.679039192792886e-19
1986-04-15,3.839519596396442e-19
1986-04-16,1.919759798198221e-19
1986-04-17,9.598798990991105e-20
1986-04-18,4.7993994954955525e-20
1986-04-19,2.3996997477477762e-20
1986-04-20,1.1998498738738881e-20
1986-04-21,5.9992493693694406e-21
1986-04-22,2.9996246846847203e-21
1986-04-23,1.4998123423423602e-21
1986-04-24,7.499061711711801e-22
1986-04-25,3.7495308558559004e-22
1986-04-26,1.8747654279279502e-22
1986-04-27,9.373827139639749e-23
1986-04-28,4.6869135698198766e-23
1986-04-29,2.3434567849099383e-23
1986-04-30,1.1717283924549692e-23
1986-05-01,5.858641962274846e-24
1986-05-02,2.929320981137423e-24
1986-05-03,1.4646604905687115e-24
1986-05-04,7.323302452843557e-25
1986-05-05,3.6616512264217786e-25
1986-05-06,1.8308256132108893e-25
1986-05-07,9.154128066054447e-26
1986-05-08,4.577064033027223e-26
1986-05-09,2.288532016513612e-26
1986-05-10,1.1442660082568058e-26
1986-05-11,5.721330041284028e-27
1986-05-12,2.860665020642014e-27
1986-05-13,1.430332510321007e-27
1986-05-14,7.151662551605035e-28
1986-05-15,3.5758312758025173e-28
1986-05-16,1.7879156379012586e-28
1986-05-17,8.939578189506293e-29
1986-05-18,4.469789094753148e-29
1986-05-19,2.2348945473765733e-29
1986-05-20,1.1174472736882867e-29
1986-05-21,5.587236368441433e-30
1986-05-22,2.7936181842207166e-30
1986-05-23,1.3968090921103583e-30
1986-05-24,6.984045460551792e-31
1986-05-25,3.4920227302758967e-31
1986-05-26,1.7460113651379483e-31
1986-05-27,8.73005682568974e-32
1986-05-28,4.365028412844871e-32
1986-05-29,2.1825142064224354e-32
1986-05-30,1.0912571032112174e-32
1986-05-31,5.456285516056087e-33
1986-06-01,2.7281427580280436e-33
1986-06-02,1.3640713790140218e-33
1986-06-03,6.820356895070111e-34
1986-06-04,3.4101784475350553e-34
1986-06-05,1.7050892237675277e-34
1986-06-06,8.525446118837638e-35
1986-06-07,4.262723059418819e-35
1986-06-08,2.131361529709409e-35
1986-06-09,1.0656807648547048e-35
1986-06-10,5.328403824273524e-36
1986-06-11,2.6642019121367613e-36
1986-06-12,1.332100956068381e-36
1986-06-13,6.660504780341905e-37
1986-06-14,3.3302523901709525e-37
1986-06-15,1.6651261950854762e-37
1986-06-16,8.325630975427379e-38
1986-06-17,4.1628154877136896e-38
1986-06-18,2.0814077438568448e-38
1986-06-19,2.0814077438568448e-38
1986-06-20,2.0814077438568448e-38
1986-06-21,2.0814077438568448e-38
1986-06-22,2.0814077438568448e-38
1986-06-23,2.0814077438568448e-38
1986-06-24,2.0814077438568448e-38
1986-06-25,2.0814077438568448e-38
1986-06-26,2.0814077438568448e-38
1986-06-27,2.0814077438568448e-38
1986-06-28,2.0814077438568448e-38
1986-06-29,2.0814077438568448e-38
1986-06-30,2.0814077438568448e-38
1986-07-01,2.0814077438568448e-38
1986-07-02,2.0814077438568448e-38
1986-07-03,2.0814077438568448e-38
1986-07-04,2.0814077438568448e-38
1986-07-05,2.0814077438568448e-38
1986-07-06,2.0814077438568448e-38
1986-07-07,2.0814077438568448e-38
1986-07-08,2.0814077438568448e-38
1986-07-09,2.0814077438568448e-38
1986-07-10,2.0814077438568448e-38
1986-07-11,2.0814077438568448e-38
1986-07-12,2.0814077438568448e-38
1986-07-13,2.0814077438568448e-38
1986-07-14,2.0814077438568448e-38
1986-07-15,2.0814077438568448e-38
1986-07-16,2.0814077438568448e-38
1986-07-17,2.0814077438568448e-38
1986-07-18,2.0814077438568448e-38
1986-07-19,2.0814077438568448e-38
1986-07-20,2.0814077438568448e-38
1986-07-21,2.0814077438568448e-38
1986-07-22,2.0814077438568448e-38
1986-07-23,2.0814077438568448e-38
1986-07-24,2.0814077438568448e-38
1986-07-25,2.0814077438568448e-38
1986-07-26,2.0814077438568448e-38
1986-07-27,2.0814077438568448e-38
1986-07-28,2.0814077438568448e-38
1986-07-29,2.0814077438568448e-38
1986-07-30,2.0814077438568448e-38
1986-07-31,2.0814077438568448e-38
1986-08-01,2.0814077438568448e-38
1986-08-02,2.0814077438568448e-38
1986-08-03,2.0814077438568448e-38
1986-08-04,2.0814077438568448e-38
1986-08-05,2.0814077438568448e-38
1986-08-06,2.0814077438568448e-38
1986-08-07,2.0814077438568448e-38
1986-08-08,2.0814077438568448e-38
1986-08-09,2.0814077438568448e-38
1986-08-10,2.0814077438568448e-38
1986-08-11,2.0814077438568448e-38
1986-08-12,2.0814077438568448e-38
1986-08-13,2.0814077438568448e-38
1986-08-14,2.0814077438568448e-38
1986-08-15,2.0814077438568448e-38
1986-08-16,2.0814077438568448e-38
1986-08-17,2.0814077438568448e-38
1986-08-18,2.0814077438568448e-38
1986-08-19,2.0814077438568448e-38
1986-08-20,2.0814077438568448e-38
1986-08-21,2.0814077438568448e-38
1986-08-22,2.0814077438568448e-38
1986-08-23,2.0814077438568448e-38
1986-08-24,2.0814077438568448e-38
1986-08-25,2.0814077438568448e-38
1986-08-26,2.0814077438568448e-38
1986-08-27,2.0814077438568448e-38
1986-08-28,2.0814077438568448e-38
1986-08-29,2.0814077438568448e-38
1986-08-30,2.0814077438568448e-38
1986-08-31,2.0814077438568448e-38
1986-09-01,2.0814077438568448e-38
1986-09-02,2.0814077438568448e-38
1986-09-03,2.0814077438568448e-38
1986-09-04,2.0814077438568448e-38
1986-09-05,2.0814077438568448e-38
1986-09-06,2.0814077438568448e-38
1986-09-07,2.0814077438568448e-38
1986-09-08,2.0814077438568448e-38
1986-09-09,2.0814077438568448e-38
1986-09-10,2.0814077438568448e-38
1986-09-11,2.0814077438568448e-38
1986-09-12,2.0814077438568448e-38
1986-09-13,2.0814077438568448e-38
1986-09-14,2.0814077438568448e-38
1986-09-15,2.0814077438568448e-38
1986-09-16,2.0814077438568448e-38
1986-09-17,2.0814077438568448e-38
1986-09-18,2.0814077438568448e-38
1986-09-19,2.0814077438568448e-38
1986-09-20,2.0814077438568448e-38
1986-09-21,2.0814077438568448e-38
1986-09-22,2.0814077438568448e-38
1986-09-23,2.0814077438568448e-38
1986-09-24,2.0814077438568448e-38
1986-09-25,2.0814077438568448e-38
1986-09-26,2.0814077438568448e-38
1986-09-27,2.0814077438568448e-38
1986-09-28,2.0814077438568448e-38
1986-09-29,2.0814077438568448e-38
1986-09-30,2.0814077438568448e-38
1986-10-01,2.0814077438568448e-38
1986-10-02,2.0814077438568448e-38
1986-10-03,2.0814077438568448e-38
1986-10-04,2.0814077438568448e-38
1986-10-05,2.0814077438568448e-38
1986-10-06,2.0814077438568448e-38
1986-10-07,2.0814077438568448e-38
1986-10-08,2.0814077438568448e-38
1986-10-09,2.0814077438568448e-38
1986-10-10,2.0814077438568448e-38
1986-10-11,2.0814077438568448e-38
1986-10-12,2.0814077438568448e-38
1986-10-13,2.0814077438568448e-38
1986-10-14,2.0814077438568448e-38
1986-10-15,2.0814077438568448e-38
1986-10-16,2.0814077438568448e-38
1986-10-17,2.0814077438568448e-38
1986-10-18,2.0814077438568448e-38
1986-10-19,2.0814077438568448e-38
1986-10-20,2.0814077438568448e-38
1986-10-21,2.0814077438568448e-38
1986-10-22,2.0814077438568448e-38
1986-10-23,2.0814077438568448e-38
1986-10-24,2.0814077438568448e-38
1986-10-25,2.0814077438568448e-38
1986-10-26,2.0814077438568448e-38
1986-10-27,2.0814077438568448e-38
1986-10-28,2.0814077438568448e-38
1986-10-29,2.0814077438568448e-38
1986-10-30,2.0814077438568448e-38
1986-10-31,2.0814077438568448e-38
1986-11-01,2.0814077438568448e-38
1986-11-02,2.0814077438568448e-38
1986-11-03,2.0814077438568448e-38
1986-11-04,2.0814077438568448e-38
1986-11-05,2.0814077438568448e-38
1986-11-06,2.0814077438568448e-38
1986-11-07,2.0814077438568448e-38
1986-11-08,2.0814077438568448e-38
1986-11-09,2.0814077438568448e-38
1986-11-10,2.0814077438568448e-38
1986-11-11,2.0814077438568448e-38
1986-11-12,2.0814077438568448e-38
1986-11-13,2.0814077438568448e-38
1986-11-14,2.0814077438568448e-38
1986-11-15,2.0814077438568448e-38
1986-11-16,2.0814077438568448e-38
1986-11-17,2.0814077438568448e-38
1986-11-18,2.0814077438568448e-38
1986-11-19,2.0814077438568448e-38
1986-11-20,2.0814077438568448e-38
1986-11-21,2.0814077438568448e-38
1986-11-22,2.0814077438568448e-38
1986-11-23,2.0814077438568448e-38
1986-11-24,2.0814077438568448e-38
1986-11-25,2.0814077438568448e-38
1986-11-26,2.0814077438568448e-38
1986-11-27,2.0814077438568448e-38
1986-11-28,2.0814077438568448e-38
1986-11-29,2.0814077438568448e-38
1986-11-30,2.0814077438568448e-38
1986-12-01,2.0814077438568448e-38
1986-12-02,2.0814077438568448e-38
1986-12-03,2.0814077438568448e-38
1986-12-04,2.0814077438568448e-38
1986-12-05,2.0814077438568448e-38
1986-12-06,2.0814077438568448e-38
1986-12-07,2.0814077438568448e-38
1986-12-08,2.0814077438568448e-38
1986-12-09,2.0814077438568448e-38
1986-12-10,2.0814077438568448e-38
1986-12-11,2.0814077438568448e-38
1986-12-12,2.0814077438568448e-38
1986-12-13,2.0814077438568448e-38
1986-12-14,2.0814077438568448e-38
1986-12-15,2.0814077438568448e-38
1986-12-16,2.0814077438568448e-38
1986-12-17,2.0814077438568448e-38
1986-12-18,2.0814077438568448e-38
1986-12-19,2.0814077438568448e-38
1986-12-20,2.0814077438568448e-38
1986-12-21,2.0814077438568448e-38
1986-12-22,2.0814077438568448e-38
1986-12-23,2.0814077438568448e-38
1986-12-24,2.0814077438568448e-38
1986-12-25,2.0814077438568448e-38
1986-12-26,2.0814077438568448e-38
1986-12-27,2.0814077438568448e-38
1986-12-28,2.0814077438568448e-38
1986-12-29,2.0814077438568448e-38
1986-12-30,2.0814077438568448e-38
1986-12-31,2.0814077438568448e-38
1987-01-01,2.0814077438568448e-38
1987-01-02,2.0814077438568448e-38
1987-01-03,2.0814077438568448e-38
1987-01-04,2.0814077438568448e-38
1987-01-05,2.0814077438568448e-38
1987-01-06,2.0814077438568448e-38
1987-01-07,2.0814077438568448e-38
1987-01-08,2.0814077438568448e-38
1987-01-09,2.0814077438568448e-38
1987-01-10,2.0814077438568448e-38
1987-01-11,2.0814077438568448e-38
1987-01-12,2.0814077438568448e-38
1987-01-13,2.0814077438568448e-38
1987-01-14,2.0814077438568448e-38
1987-01-15,2.0814077438568448e-38
1987-01-16,2.0814077438568448e-38
1987-01-17,1.347868533230212e-06
1987-01-18,0.016259510070085526
1987-01-19,0.007474607788026333
1987-01-20,0.0035990406759083275
1987-01-21,0.0017671411624178293
1987-01-22,0.0008757638279348612
1987-01-23,0.0004359645245131105
1987-01-24,0.00021750708401668817
1987-01-25,0.00010863526404136795
1987-01-26,5.428813165053725e-05
1987-01-27,2.7136697099194862e-05
1987-01-28,1.3566507732321043e-05
1987-01-29,6.782793661841423e-06
1987-01-30,3.3912820072146124e-06
1987-01-31,1.695612354524201e-06
1987-02-01,8.477990149913239e-07
1987-02-02,4.238976885062584e-07
1987-02-03,2.1194838950577832e-07
1987-02-04,1.0597408106605145e-07
1987-02-05,5.298701566402996e-08
1987-02-06,2.6493500726587623e-08
1987-02-07,1.3246748586936972e-08
1987-02-08,6.623373405290067e-09
1987-02-09,3.3116867026450336e-09
1987-02-10,1.6558433513225168e-09
1987-02-11,8.279216756612584e-10
1987-02-12,4.139608378306292e-10
1987-02-13,2.069804189153146e-10
1987-02-14,1.034902094576573e-10
1987-02-15,5.174510472882864e-11
1987-02-16,2.587255236441432e-11
1987-02-17,1.293627618220716e-11
1987-02-18,6.46813809110358e-12
1987-02-19,3.23406904555179e-12
1987-02-20,1.617034522775895e-12
1987-02-21,8.085172613879475e-13
1987-02-22,4.0425863069397373e-13
1987-02-23,2.0212931534698686e-13
1987-02-24,1.0106467122602061e-13
1987-02-25,5.053329784243839e-14
1987-02-26,2.5266648921219194e-14
1987-02-27,1.2633324460609597e-14
1987-02-28,6.3166622303047985e-15
1987-03-01,3.1583311151523992e-15
1987-03-02,1.5791655575761996e-15
1987-03-03,7.895827787880998e-16
1987-03-04,3.947913893940499e-16
1987-03-05,1.973956946970249e-16
1987-03-06,9.869784734851248e-17
1987-03-07,4.934892367425624e-17
1987-03-08,2.467446183712812e-17
1987-03-09,1.233723091856406e-17
1987-03-10,6.16861545928203e-18
1987-03-11,3.084307729641015e-18
1987-03-12,1.5421538648205074e-18
1987-03-13,7.710769324102537e-19
1987-03-14,3.8553846620512686e-19
1987-03-15,1.9276923310256343e-19
1987-03-16,9.638461655128171e-20
1987-03-17,4.819230827564086e-20
1987-03-18,2.409615413782043e-20
1987-03-19,1.2048077068910214e-20
1987-03-20,6.024038534455107e-21
1987-03-21,3.0120192672275536e-21
1987-03-22,1.5060096336137768e-21
1987-03-23,7.530048168068884e-22
1987-03-24,3.765024084034441e-22
1987-03-25,1.8825120420172205e-22
1987-03-26,9.412560210086105e-23
1987-03-27,4.7062801050430525e-23
1987-03-28,2.3531400525215262e-23
1987-03-29,1.1765700262607631e-23
1987-03-30,5.882850131303814e-24
1987-03-31,2.941425065651907e-24
1987-04-01,1.4707125328259535e-24
1987-04-02,7.353562664129768e-25
1987-04-03,3.676781332064884e-25
1987-04-04,1.838390666032442e-25
1987-04-05,9.19195333016221e-26
1987-04-06,4.595976665081105e-26
1987-04-07,2.2979883325405524e-26
1987-04-08,1.1489941662702762e-26
1987-04-09,5.744970831351381e-27
1987-04-10,2.8724854156756905e-27
1987-04-11,1.4362427078378452e-27
1987-04-12,7.181213539189226e-28
1987-04-13,3.590606769594613e-28
1987-04-14,1.7953033847973066e-28
1987-04-15,8.976516923986533e-29
1987-04-16,4.4882584619932675e-29
1987-04-17,2.2441292309966332e-29
1987-04-18,1.1220646154983166e-29
1987-04-19,5.610323077491583e-30
1987-04-20,2.8051615387457915e-30
1987-04-21,1.4025807693728958e-30
1987-04-22,7.0129038468644805e-31
1987-04-23,3.5064519234322394e-31
1987-04-24,1.7532259617161197e-31
1987-04-25,8.766129808580598e-32
1987-04-26,4.383064904290299e-32
1987-04-27,2.1915324521451496e-32
1987-04-28,1.0957662260725748e-32
1987-04-29,5.478831130362874e-33
1987-04-30,2.739415565181437e-33
1987-05-01,1.3697077825907185e-33
1987-05-02,6.8485389129535925e-34
1987-05-03,3.4242694564767963e-34
1987-05-04,1.7121347282383981e-34
1987-05-05,8.560673641191993e-35
1987-05-06,4.2803368205959964e-35
1987-05-07,2.1401684102979982e-35
1987-05-08,1.0700842051489991e-35
1987-05-09,5.3504210257449955e-36
1987-05-10,2.675210512872497e-36
1987-05-11,1.3376052564362485e-36
1987-05-12,6.688026282181243e-37
1987-05-13,3.3440131410906214e-37
1987-05-14,1.6720065705453107e-37
1987-05-15,8.360032852726553e-38
1987-05-16,4.1800164263632767e-38
1987-05-17,2.0900082131816383e-38
1987-05-18,2.0900082131816383e-38
1987-05-19,2.0900082131816383e-38
1987-05-20,2.0900082131816383e-38
1987-05-21,2.0900082131816383e-38
1987-05-22,2.0900082131816383e-38
1987-05-23,2.0900082131816383e-38
1987-05-24,2.0900082131816383e-38
1987-05-25,2.0900082131816383e-38
1987-05-26,2.0900082131816383e-38
1987-05-27,2.0900082131816383e-38
1987-05-28,2.0900082131816383e-38
1987-05-29,2.0900082131816383e-38
1987-05-30,2.0900082131816383e-38
1987-05-31,2.0900082131816383e-38
1987-06-01,2.0900082131816383e-38
1987-06-02,2.0900082131816383e-38
1987-06-03,2.0900082131816383e-38
1987-06-04,2.0900082131816383e-38
1987-06-05,2.0900082131816383e-38
1987-06-06,2.0900082131816383e-38
1987-06-07,2.0900082131816383e-38
1987-06-08,2.0900082131816383e-38
1987-06-09,2.0900082131816383e-38
1987-06-10,2.0900082131816383e-38
1987-06-11,2.0900082131816383e-38
1987-06-12,2.0900082131816383e-38
1987-06-13,2.0900082131816383e-38
1987-06-14,2.0900082131816383e-38
1987-06-15,2.0900082131816383e-38
1987-06-16,2.0900082131816383e-38
1987-06-17,2.0900082131816383e-38
1987-06-18,2.0900082131816383e-38
1987-06-19,2.0900082131816383e-38
1987-06-20,2.0900082131816383e-38
1987-06-21,2.0900082131816383e-38
1987-06-22,2.0900082131816383e-38
1987-06-23,2.0900082131816383e-38
1987-06-24,2.0900082131816383e-38
1987-06-25,2.0900082131816383e-38
1987-06-26,2.0900082131816383e-38
1987-06-27,2.0900082131816383e-38
1987-06-28,2.0900082131816383e-38
1987-06-29,2.0900082131816383e-38
1987-06-30,2.0900082131816383e-38
1987-07-01,2.0900082131816383e-38
1987-07-02,2.0900082131816383e-38
1987-07-03,2.0900082131816383e-38
1987-07-04,2.0900082131816383e-38
1987-07-05,2.0900082131816383e-38
1987-07-06,2.0900082131816383e-38
1987-07-07,2.0900082131816383e-38
1987-07-08,2.0900082131816383e-38
1987-07-09,2.0900082131816383e-38
1987-07-10,2.0900082131816383e-38
1987-07-11,2.0900082131816383e-38
1987-07-12,2.0900082131816383e-38
1987-07-13,2.0900082131816383e-38
1987-07-14,2.0900082131816383e-38
1987-07-15,2.0900082131816383e-38
1987-07-16,2.0900082131816383e-38
1987-07-17,2.0900082131816383e-38
1987-07-18,2.0900082131816383e-38
1987-07-19,2.0900082131816383e-38
1987-07-20,2.0900082131816383e-38
1987-07-21,2.0900082131816383e-38
1987-07-22,2.0900082131816383e-38
1987-07-23,2.0900082131816383e-38
1987-07-24,2.0900082131816383e-38
1987-07-25,2.0900082131816383e-38
1987-07-26,2.0900082131816383e-38
1987-07-27,2.0900082131816383e-38
1987-07-28,2.0900082131816383e-38
1987-07-29,2.0900082131816383e-38
1987-07-30,2.0900082131816383e-38
1987-07-31,2.0900082131816383e-38
1987-08-01,2.0900082131816383e-38
1987-08-02,2.0900082131816383e-38
1987-08-03,2.0900082131816383e-38
1987-08-04,2.0900082131816383e-38
1987-08-05,2.0900082131816383e-38
1987-08-06,2.0900082131816383e-38
1987-08-07,2.0900082131816383e-38
1987-08-08,2.0900082131816383e-38
1987-08-09,2.0900082131816383e-38
1987-08-10,2.0900082131816383e-38
1987-08-11,2.0900082131816383e-38
1987-08-12,2.0900082131816383e-38
1987-08-13,2.0900082131816383e-38
1987-08-14,2.0900082131816383e-38
1987-08-15,2.0900082131816383e-38
1987-08-16,2.0900082131816383e-38
1987-08-17,2.0900082131816383e-38
1987-08-18,2.0900082131816383e-38
1987-08-19,2.0900082131816383e-38
1987-08-20,2.0900082131816383e-38
1987-08-21,2.0900082131816383e-38
1987-08-22,2.0900082131816383e-38
1987-08-23,2.0900082131816383e-38
1987-08-24,2.0900082131816383e-38
1987-08-25,2.0900082131816383e-38
1987-08-26,2.0900082131816383e-38
1987-08-27,2.0900082131816383e-38
1987-08-28,2.0900082131816383e-38
1987-08-29,2.0900082131816383e-38
1987-08-30,2.0900082131816383e-38
1987-08-31,2.0900082131816383e-38
1987-09-01,2.0900082131816383e-38
1987-09-02,2.0900082131816383e-38
1987-09-03,2.0900082131816383e-38
1987-09-04,2.0900082131816383e-38
1987-09-05,2.0900082131816383e-38
1987-09-06,2.0900082131816383e-38
1987-09-07,2.0900082131816383e-38
1987-09-08,2.0900082131816383e-38
1987-09-09,2.0900082131816383e-38
1987-09-10,2.0900082131816383e-38
1987-09-11,2.0900082131816383e-38
1987-09-12,2.0900082131816383e-38
1987-09-13,2.0900082131816383e-38
1987-09-14,2.0900082131816383e-38
1987-09-15,2.0900082131816383e-38
1987-09-16,2.0900082131816383e-38
1987-09-17,2.0900082131816383e-38
1987-09-18,2.0900082131816383e-38
1987-09-19,2.0900082131816383e-38
1987-09-20,2.0900082131816383e-38
1987-09-21,2.0900082131816383e-38
1987-09-22,2.0900082131816383e-38
1987-09-23,2.0900082131816383e-38
1987-09-24,2.0900082131816383e-38
1987-09-25,2.0900082131816383e-38
1987-09-26,2.0900082131816383e-38
1987-09-27,2.0900082131816383e-38
1987-09-28,2.0900082131816383e-38
1987-09-29,2.0900082131816383e-38
1987-09-30,2.0900082131816383e-38
1987-10-01,2.0900082131816383e-38
1987-10-02,2.0900082131816383e-38
1987-10-03,2.0900082131816383e-38
1987-10-04,2.0900082131816383e-38
1987-10-05,2.0900082131816383e-38
1987-10-06,2.0900082131816383e-38
1987-10-07,2.0900082131816383e-38
1987-10-08,2.0900082131816383e-38
1987-10-09,2.0900082131816383e-38
1987-10-10,2.0900082131816383e-38
1987-10-11,2.0900082131816383e-38
1987-10-12,2.0900082131816383e-38
1987-10-13,2.0900082131816383e-38
1987-10-14,2.0900082131816383e-38
1987-10-15,2.0900082131816383e-38
1987-10-16,2.0900082131816383e-38
1987-10-17,2.0900082131816383e-38
1987-10-18,2.0900082131816383e-38
1987-10-19,2.0900082131816383e-38
1987-10-20,2.0900082131816383e-38
1987-10-21,2.0900082131816383e-38
1987-10-22,2.0900082131816383e-38
1987-10-23,2.0900082131816383e-38
1987-10-24,2.0900082131816383e-38
1987-10-25,2.0900082131816383e-38
1987-10-26,2.0900082131816383e-38
1987-10-27,2.0900082131816383e-38
1987-10-28,2.0900082131816383e-38
1987-10-29,2.0900082131816383e-38
1987-10-30,2.0900082131816383e-38
1987-10-31,2.0900082131816383e-38
1987-11-01,2.0900082131816383e-38
1987-11-02,2.0900082131816383e-38
1987-11-03,2.0900082131816383e-38
1987-11-04,2.0900082131816383e-38
1987-11-05,2.0900082131816383e-38
1987-11-06,2.0900082131816383e-38
1987-11-07,2.0900082131816383e-38
1987-11-08,2.0900082131816383e-38
1987-11-09,2.0900082131816383e-38
1987-11-10,2.0900082131816383e-38
1987-11-11,2.0900082131816383e-38
1987-11-12,2.0900082131816383e-38
1987-11-13,2.0900082131816383e-38
1987-11-14,2.0900082131816383e-38
1987-11-15,2.0900082131816383e-38
1987-11-16,2.0900082131816383e-38
1987-11-17,2.0900082131816383e-38
1987-11-18,2.0900082131816383e-38
1987-11-19,2.0900082131816383e-38
1987-11-20,2.0900082131816383e-38
1987-11-21,2.0900082131816383e-38
1987-11-22,2.0900082131816383e-38
1987-11-23,2.0900082131816383e-38
1987-11-24,2.0900082131816383e-38
1987-11-25,2.0900082131816383e-38
1987-11-26,2.0900082131816383e-38
1987-11-27,2.0900082131816383e-38
1987-11-28,2.0900082131816383e-38
1987-11-29,2.0900082131816383e-38
1987-11-30,2.0900082131816383e-38
1987-12-01,2.0900082131816383e-38
1987-12-02,2.0900082131816383e-38
1987-12-03,2.0900082131816383e-38
1987-12-04,2.0900082131816383e-38
1987-12-05,2.0900082131816383e-38
1987-12-06,2.0900082131816383e-38
1987-12-07,2.0900082131816383e-38
1987-12-08,2.0900082131816383e-38
1987-12-09,2.0900082131816383e-38
1987-12-10,2.0900082131816383e-38
1987-12-11,2.0900082131816383e-38
1987-12-12,0.0002179676084779203
1987-12-13,0.0002179676084779203
1987-12-14,0.00022569984139408922
1987-12-15,0.00022596806229557842
1987-12-16,0.00022596806229557842
1987-12-17,0.00022596806229557842
1987-12-18,0.00022596806229557842
1987-12-19,0.00022872896806802598
1987-12-20,0.012279092334210873
1987-12-21,0.0057634920813143245
1987-12-22,0.04003401100635529
1987-12-23,0.040039703249931335
1987-12-24,0.040039703249931335
1987-12-25,0.040039703249931335
1987-12-26,0.04085042700171471
1987-12-27,0.046775966882705695
1987-12-28,0.033096715807914734
1987-12-29,0.021264832466840744
1987-12-30,0.021655609831213955
1987-12-31,0.029095124453306205
1988-01-01,0.029747156426310532
1988-01-02,0.029748149216175083
1988-01-03,0.02975870296359061
1988-01-04,0.018103733658790592
1988-01-05,0.00823652371764183
1988-01-06,0.00394878163933754
1988-01-07,0.0019354138057678938
1988-01-08,0.0009583451319485903
1988-01-09,0.00047687650658190245
1988-01-10,0.0002378697099629789
1988-01-11,0.00011879340308951214
1988-01-12,5.93614204262849e-05
1988-01-13,2.9671900847461078e-05
1988-01-14,1.4833748537057543e-05
1988-01-15,7.416324478981551e-06
1988-01-16,3.708048097905703e-06
1988-01-17,1.9075375803367933e-06
1988-01-18,9.537599225950542e-07
1988-01-19,4.768776875607728e-07
1988-01-20,2.3843827534619777e-07
1988-01-21,1.1921909504053474e-07
1988-01-22,5.96106488615078e-08
1988-01-23,2.982833535725149e-08
1988-01-24,1.4998867925442028e-08
1988-01-25,7.499433074542592e-09
1988-01-26,3.749716537271296e-09
1988-01-27,1.874858268635648e-09
1988-01-28,9.374291343178243e-10
1988-01-29,4.687145671589121e-10
1988-01-30,2.343585603359344e-10
1988-01-31,1.4796003142691918e-06
1988-02-01,1.4796003142691918e-06
1988-02-02,1.4796003142691918e-06
1988-02-03,8.625004284112947e-07
1988-02-04,4.312483667945344e-07
1988-02-05,2.1562371443906159e-07
1988-02-06,1.0781174353269307e-07
1988-02-07,5.3905839791923427e-08
1988-02-08,2.6952912790534352e-08
1988-02-09,1.347645461891034e-08
1988-02-10,6.7382264212767495e-09
1988-02-11,3.3691132106383748e-09
1988-02-12,1.6845566053191874e-09
1988-02-13,8.422783026595937e-10
1988-02-14,4.2113915132979685e-10
1988-02-15,2.1056957566489842e-10
1988-02-16,1.0528478783244921e-10
1988-02-17,5.2642393916224606e-11
1988-02-18,2.6321196958112303e-11
1988-02-19,1.3160598479056151e-11
1988-02-20,6.580299239528076e-12
1988-02-21,3.290149619764038e-12
1988-02-22,1.645074809882019e-12
1988-02-23,8.225374049410095e-13
1988-02-24,4.1126870247050473e-13
1988-02-25,2.0563435123525242e-13
1988-02-26,1.0281717561762618e-13
1988-02-27,5.1408587808813085e-14
1988-02-28,2.5704293904406543e-14
1988-02-29,1.2852146952203273e-14
1988-03-01,6.4260734761016364e-15
1988-03-02,3.2130367380508182e-15
1988-03-03,1.6065183690254091e-15
1988-03-04,8.032591845127045e-16
1988-03-05,4.0162959225635223e-16
1988-03-06,2.0081479612817611e-16
1988-03-07,1.0040739806408807e-16
1988-03-08,5.020369903204403e-17
1988-03-09,2.5101849516022014e-17
1988-03-10,1.2550924758011007e-17
1988-03-11,6.2754623790055036e-18
1988-03-12,3.1377311895027518e-18
1988-03-13,1.5688655947513759e-18
1988-03-14,7.844327973756879e-19
1988-03-15,3.9221639868784397e-19
1988-03-16,1.9610819934392199e-19
1988-03-17,9.805409967196099e-20
1988-03-18,4.9027049835980497e-20
1988-03-19,2.4513524917990248e-20
1988-03-20,1.2256762458995124e-20
1988-03-21,6.128381229497563e-21
1988-03-22,3.0641906147487814e-21
1988-03-23,1.5320953073743907e-21
1988-03-24,7.660476536871954e-22
1988-03-25,3.830238268435977e-22
1988-03-26,1.9151191342179884e-22
1988-03-27,9.575595671089941e-23
1988-03-28,4.7877978355449704e-23
1988-03-29,2.3938989177724852e-23
1988-03-30,1.1969494588862427e-23
1988-03-31,5.984747294431213e-24
1988-04-01,2.9923736472156065e-24
1988-04-02,1.4961868236078032e-24
1988-04-03,7.480934118039016e-25
1988-04-04,3.740467059019508e-25
1988-04-05,1.870233529509754e-25
1988-04-06,9.351167647548771e-26
1988-04-07,4.6755838237743857e-26
1988-04-08,2.3377919118871929e-26
1988-04-09,1.1688959559435964e-26
1988-04-10,5.844479779717982e-27
1988-04-11,2.922239889858991e-27
1988-04-12,1.4611199449294955e-27
1988-04-13,7.305599724647477e-28
1988-04-14,3.6527998623237384e-28
1988-04-15,1.8263999311618692e-28
1988-04-16,9.131999655809346e-29
1988-04-17,4.565999827904673e-29
1988-04-18,2.2829999139523365e-29
1988-04-19,1.1414999569761682e-29
1988-04-20,5.707499784880841e-30
1988-04-21,2.8537498924404206e-30
1988-04-22,1.4268749462202105e-30
1988-04-23,7.134374731101052e-31
1988-04-24,3.567187365550526e-31
1988-04-25,1.783593682775263e-31
1988-04-26,8.917968413876314e-32
1988-04-27,4.458984206938157e-32
1988-04-28,2.2294921034690786e-32
1988-04-29,1.1147460517345393e-32
1988-04-30,5.573730258672697e-33
1988-05-01,2.7868651293363486e-33
1988-05-02,1.3934325646681743e-33
1988-05-03,6.967162823340871e-34
1988-05-04,3.4835814116704353e-34
1988-05-05,1.7417907058352177e-34
1988-05-06,8.708953529176088e-35
1988-05-07,4.354476764588044e-35
1988-05-08,2.177238382294022e-35
1988-05-09,1.088619191147011e-35
1988-05-10,5.443095955735055e-36
1988-05-11,2.7215479778675276e-36
1988-05-12,1.3607739889337638e-36
1988-05-13,6.803869944668819e-37
1988-05-14,3.4019349723344095e-37
1988-05-15,1.7009674861672047e-37
1988-05-16,8.504837430836024e-38
1988-05-17,4.252418715418012e-38
1988-05-18,2.126209357709006e-38
1988-05-19,2.126209357709006e-38
1988-05-20,2.126209357709006e-38
1988-05-21,2.126209357709006e-38
1988-05-22,2.126209357709006e-38
1988-05-23,2.126209357709006e-38
1988-05-24,2.126209357709006e-38
1988-05-25,2.126209357709006e-38
1988-05-26,2.126209357709006e-38
1988-05-27,2.126209357709006e-38
1988-05-28,2.126209357709006e-38
1988-05-29,2.126209357709006e-38
1988-05-30,2.126209357709006e-38
1988-05-31,2.126209357709006e-38
1988-06-01,2.126209357709006e-38
1988-06-02,2.126209357709006e-38
1988-06-03,2.126209357709006e-38
1988-06-04,2.126209357709006e-38
1988-06-05,2.126209357709006e-38
1988-06-06,2.126209357709006e-38
1988-06-07,2.126209357709006e-38
1988-06-08,2.126209357709006e-38
1988-06-09,2.126209357709006e-38
1988-06-10,2.126209357709006e-38
1988-06-11,2.126209357709006e-38
1988-06-12,2.126209357709006e-38
1988-06-13,2.126209357709006e-38
1988-06-14,2.126209357709006e-38
1988-06-15,2.126209357709006e-38
1988-06-16,2.126209357709006e-38
1988-06-17,2.126209357709006e-38
1988-06-18,2.126209357709006e-38
1988-06-19,2.126209357709006e-38
1988-06-20,2.126209357709006e-38
1988-06-21,2.126209357709006e-38
1988-06-22,2.126209357709006e-38
1988-06-23,2.126209357709006e-38
1988-06-24,2.126209357709006e-38
1988-06-25,2.126209357709006e-38
1988-06-26,2.126209357709006e-38
1988-06-27,2.126209357709006e-38
1988-06-28,2.126209357709006e-38
1988-06-29,2.126209357709006e-38
1988-06-30,2.126209357709006e-38
1988-07-01,2.126209357709006e-38
1988-07-02,2.126209357709006e-38
1988-07-03,2.126209357709006e-38
1988-07-04,2.126209357709006e-38
1988-07-05,2.126209357709006e-38
1988-07-06,2.126209357709006e-38
1988-07-07,2.126209357709006e-38
1988-07-08,2.126209357709006e-38
1988-07-09,2.126209357709006e-38
1988-07-10,2.126209357709006e-38
1988-07-11,2.126209357709006e-38
1988-07-12,2.126209357709006e-38
1988-07-13,2.126209357709006e-38
1988-07-14,2.126209357709006e-38
1988-07-15,2.126209357709006e-38
1988-07-16,2.126209357709006e-38
1988-07-17,2.126209357709006e-38
1988-07-18,2.126209357709006e-38
1988-07-19,2.126209357709006e-38
1988-07-20,2.126209357709006e-38
1988-07-21,2.126209357709006e-38
1988-07-22,2.126209357709006e-38
1988-07-23,2.126209357709006e-38
1988-07-24,2.126209357709006e-38
1988-07-25,2.126209357709006e-38
1988-07-26,2.126209357709006e-38
1988-07-27,2.126209357709006e-38
1988-07-28,2.126209357709006e-38
1988-07-29,2.126209357709006e-38
1988-07-30,2.126209357709006e-38
1988-07-31,2.126209357709006e-38
1988-08-01,2.126209357709006e-38
1988-08-02,2.126209357709006e-38
1988-08-03,2.126209357709006e-38
1988-08-04,2.126209357709006e-38
1988-08-05,2.126209357709006e-38
1988-08-06,2.126209357709006e-38
1988-08-07,2.126209357709006e-38
1988-08-08,2.126209357709006e-38
1988-08-09,2.126209357709006e-38
1988-08-10,2.126209357709006e-38
1988-08-11,2.126209357709006e-38
1988-08-12,2.126209357709006e-38
1988-08-13,2.126209357709006e-38
1988-08-14,2.126209357709006e-38
1988-08-15,2.126209357709006e-38
1988-08-16,2.126209357709006e-38
1988-08-17,2.126209357709006e-38
1988-08-18,2.126209357709006e-38
1988-08-19,2.126209357709006e-38
1988-08-20,2.126209357709006e-38
1988-08-21,2.126209357709006e-38
1988-08-22,2.126209357709006e-38
1988-08-23,2.126209357709006e-38
1988-08-24,2.126209357709006e-38
1988-08-25,2.126209357709006e-38
1988-08-26,2.126209357709006e-38
1988-08-27,2.126209357709006e-38
1988-08-28,2.126209357709006e-38
1988-08-29,2.126209357709006e-38
1988-08-30,2.126209357709006e-38
1988-08-31,2.126209357709006e-38
1988-09-01,2.126209357709006e-38
1988-09-02,2.126209357709006e-38
1988-09-03,2.126209357709006e-38
1988-09-04,2.126209357709006e-38
1988-09-05,2.126209357709006e-38
1988-09-06,2.126209357709006e-38
1988-09-07,2.126209357709006e-38
1988-09-08,2.126209357709006e-38
1988-09-09,2.126209357709006e-38
1988-09-10,2.126209357709006e-38
1988-09-11,2.126209357709006e-38
1988-09-12,2.126209357709006e-38
1988-09-13,2.126209357709006e-38
1988-09-14,2.126209357709006e-38
1988-09-15,2.126209357709006e-38
1988-09-16,2.126209357709006e-38
1988-09-17,2.126209357709006e-38
1988-09-18,2.126209357709006e-38
1988-09-19,2.126209357709006e-38
1988-09-20,2.126209357709006e-38
1988-09-21,2.126209357709006e-38
1988-09-22,2.126209357709006e-38
1988-09-23,2.126209357709006e-38
1988-09-24,2.126209357709006e-38
1988-09-25,2.126209357709006e-38
1988-09-26,2.126209357709006e-38
1988-09-27,2.126209357709006e-38
1988-09-28,2.126209357709006e-38
1988-09-29,2.126209357709006e-38
1988-09-30,2.126209357709006e-38
1988-10-01,2.126209357709006e-38
1988-10-02,2.126209357709006e-38
1988-10-03,2.126209357709006e-38
1988-10-04,2.126209357709006e-38
1988-10-05,2.126209357709006e-38
1988-10-06,2.126209357709006e-38
1988-10-07,2.126209357709006e-38
1988-10-08,2.126209357709006e-38
1988-10-09,2.126209357709006e-38
1988-10-10,2.126209357709006e-38
1988-10-11,2.126209357709006e-38
1988-10-12,2.126209357709006e-38
1988-10-13,2.126209357709006e-38
1988-10-14,2.126209357709006e-38
1988-10-15,2.126209357709006e-38
1988-10-16,2.126209357709006e-38
1988-10-17,2.126209357709006e-38
1988-10-18,2.126209357709006e-38
1988-10-19,2.126209357709006e-38
1988-10-20,2.126209357709006e-38
1988-10-21,2.126209357709006e-38
1988-10-22,2.126209357709006e-38
1988-10-23,2.126209357709006e-38
1988-10-24,2.126209357709006e-38
1988-10-25,2.126209357709006e-38
1988-10-26,2.126209357709006e-38
1988-10-27,2.126209357709006e-38
1988-10-28,2.126209357709006e-38
1988-10-29,2.126209357709006e-38
1988-10-30,2.126209357709006e-38
1988-10-31,2.126209357709006e-38
1988-11-01,2.126209357709006e-38
1988-11-02,2.126209357709006e-38
1988-11-03,2.126209357709006e-38
1988-11-04,2.126209357709006e-38
1988-11-05,2.126209357709006e-38
1988-11-06,2.126209357709006e-38
1988-11-07,2.126209357709006e-38
1988-11-08,2.126209357709006e-38
1988-11-09,2.126209357709006e-38
1988-11-10,2.126209357709006e-38
1988-11-11,2.126209357709006e-38
1988-11-12,2.126209357709006e-38
1988-11-13,2.126209357709006e-38
1988-11-14,2.126209357709006e-38
1988-11-15,2.126209357709006e-38
1988-11-16,2.126209357709006e-38
1988-11-17,2.126209357709006e-38
1988-11-18,2.126209357709006e-38
1988-11-19,2.126209357709006e-38
1988-11-20,2.126209357709006e-38
1988-11-21,2.126209357709006e-38
1988-11-22,2.126209357709006e-38
1988-11-23,2.126209357709006e-38
1988-11-24,2.126209357709006e-38
1988-11-25,2.126209357709006e-38
1988-11-26,2.126209357709006e-38
1988-11-27,2.126209357709006e-38
1988-11-28,2.126209357709006e-38
1988-11-29,2.126209357709006e-38
1988-11-30,2.126209357709006e-38
1988-12-01,2.126209357709006e-38
1988-12-02,2.126209357709006e-38
1988-12-03,2.126209357709006e-38
1988-12-04,2.126209357709006e-38
1988-12-05,2.126209357709006e-38
1988-12-06,2.126209357709006e-38
1988-12-07,2.126209357709006e-38
1988-12-08,2.126209357709006e-38
1988-12-09,2.126209357709006e-38
1988-12-10,2.126209357709006e-38
1988-12-11,2.126209357709006e-38
1988-12-12,2.126209357709006e-38
1988-12-13,2.126209357709006e-38
1988-12-14,0.018420657142996788
1988-12-15,0.01842137612402439
1988-12-16,0.03561122715473175
1988-12-17,0.014668300747871397
1988-12-18,0.02898608148097992
1988-12-19,0.012407142668962479
1988-12-20,0.005821625702083112
1988-12-21,0.002869704505428672
1988-12-22,0.0014142656000331042
1988-12-23,0.0007021799683570862
1988-12-24,0.0004942008526995777
1988-12-25,0.0003663065144792199
1988-12-26,0.00038960031815804547
1988-12-27,0.00022174697369337085
1988-12-28,0.00022174697369337085
1988-12-29,0.00011075055226683615
1988-12-30,5.5344611610053114e-05
1988-12-31,2.7664649678627026e-05
1989-01-01,1.3830412171955688e-05
1989-01-02,6.914728146512062e-06
1989-01-03,3.4572444747027475e-06
1989-01-04,1.7285923377130528e-06
1989-01-05,8.642886655252367e-07
1989-01-06,0.002031225711107254
1989-01-07,0.0020335910376161337
1989-01-08,0.0010155763011425731
1989-01-09,0.0005052096676081418
1989-01-10,0.000251966732321307
1989-01-11,0.0001258246484212577
1989-01-12,6.287275027716532e-05
1989-01-13,3.1429324735654525e-05
1989-01-14,0.017352940514683723
1989-01-15,0.007925542071461676
1989-01-16,0.0038058180361986165
1989-01-17,0.0018667028052732348
1989-01-18,0.0009246402187272906
1989-01-19,0.00046018272405490285
1989-01-20,0.00022956194879952818
1989-01-21,0.00011464922135928643
1989-01-22,5.7438577641733e-05
1989-01-23,5.7438577641733e-05
1989-01-24,0.0011406120611354707
1989-01-25,0.0005670536193065344
1989-01-26,0.00028272293275222177
1989-01-27,0.00014116163947619498
1989-01-28,7.053100125631316e-05
1989-01-29,3.525306601659395e-05
1989-01-30,1.762342435540631e-05
1989-01-31,8.813442036625931e-06
1989-02-01,12.249920845031737
1989-02-02,19.819921493530273
1989-02-03,19.819921493530273
1989-02-04,19.819921493530273
1989-02-05,19.819921493530273
1989-02-06,19.819921493530273
1989-02-07,19.819921493530273
1989-02-08,19.819921493530273
1989-02-09,19.81995391845703
1989-02-10,19.819957733154297
1989-02-11,16.320941925048828
1989-02-12,15.673776626586916
1989-02-13,15.73087692260742
1989-02-14,15.751741409301756
1989-02-15,15.751791954040527
1989-02-16,14.410604476928713
1989-02-17,3.2494497299194327
1989-02-18,0.0
1989-02-19,0.0
1989-02-20,0.0
1989-02-21,0.0
1989-02-22,0.0
1989-02-23,0.0
1989-02-24,0.0
1989-02-25,0.0
1989-02-26,0.0
1989-02-27,0.0
1989-02-28,0.0
1989-03-01,0.0
1989-03-02,2.4980008674901917e-05
1989-03-03,2.4980008674901917e-05
1989-03-04,0.0012545986101031306
1989-03-05,0.000623364292550832
1989-03-06,0.00031071068951860076
1989-03-07,0.0001551140012452379
1989-03-08,7.749685028102249e-05
1989-03-09,3.873341120197438e-05
1989-03-10,1.936295484483708e-05
1989-03-11,9.68054064287571e-06
1989-03-12,4.84003612655215e-06
1989-03-13,2.4199594008678105e-06
1989-03-14,1.2099650348318391e-06
1989-03-15,6.049788225936935e-07
1989-03-16,3.02488501802145e-07
1989-03-17,1.5124402352739708e-07
1989-03-18,7.562195492027966e-08
1989-03-19,3.781096324928512e-08
1989-03-20,1.8905476295572047e-08
1989-03-21,9.4527372596076e-09
1989-03-22,4.7263686298038e-09
1989-03-23,2.3631843149019e-09
1989-03-24,1.18159215745095e-09
1989-03-25,5.907960787254751e-10
1989-03-26,2.953980393627376e-10
1989-03-27,1.4769901968136878e-10
1989-03-28,7.384950984068439e-11
1989-03-29,3.69247549203422e-11
1989-03-30,1.8462377460171098e-11
1989-03-31,9.231188730085549e-12
1989-04-01,4.6155943650427744e-12
1989-04-02,2.3077971825213872e-12
1989-04-03,1.1538985912606936e-12
1989-04-04,5.769492956303468e-13
1989-04-05,2.884746478151734e-13
1989-04-06,1.442373239075867e-13
1989-04-07,7.211866195379334e-14
1989-04-08,3.6059330976896675e-14
1989-04-09,1.8029665488448334e-14
1989-04-10,9.014832744224169e-15
1989-04-11,4.5074163721120844e-15
1989-04-12,2.2537081860560422e-15
1989-04-13,1.1268540930280211e-15
1989-04-14,5.6342704651401055e-16
1989-04-15,2.8171352325700528e-16
1989-04-16,1.4085676162850264e-16
1989-04-17,7.042838081425132e-17
1989-04-18,3.521419040712566e-17
1989-04-19,1.760709520356283e-17
1989-04-20,8.803547601781413e-18
1989-04-21,4.401773800890707e-18
1989-04-22,2.2008869004453533e-18
1989-04-23,1.1004434502226767e-18
1989-04-24,5.502217251113383e-19
1989-04-25,2.7511086255566917e-19
1989-04-26,1.3755543127783458e-19
1989-04-27,6.87777156389173e-20
1989-04-28,3.438885781945865e-20
1989-04-29,1.7194428909729326e-20
1989-04-30,8.597214454864664e-21
1989-05-01,4.2986072274323315e-21
1989-05-02,2.1493036137161657e-21
1989-05-03,1.0746518068580829e-21
1989-05-04,5.373259034290413e-22
1989-05-05,2.6866295171452067e-22
1989-05-06,1.3433147585726033e-22
1989-05-07,6.716573792863017e-23
1989-05-08,3.3582868964315084e-23
1989-05-09,1.6791434482157542e-23
1989-05-10,8.395717241078771e-24
1989-05-11,4.1978586205393855e-24
1989-05-12,2.0989293102696927e-24
1989-05-13,1.0494646551348464e-24
1989-05-14,5.247323275674233e-25
1989-05-15,2.6236616378371164e-25
1989-05-16,1.3118308189185582e-25
1989-05-17,6.55915409459279e-26
1989-05-18,3.279577047296395e-26
1989-05-19,1.6397885236481974e-26
1989-05-20,8.198942618240987e-27
1989-05-21,4.0994713091204936e-27
1989-05-22,2.0497356545602468e-27
1989-05-23,1.0248678272801234e-27
1989-05-24,5.124339136400617e-28
1989-05-25,2.5621695682003085e-28
1989-05-26,1.2810847841001545e-28
1989-05-27,6.405423920500771e-29
1989-05-28,3.202711960250386e-29
1989-05-29,1.601355980125193e-29
1989-05-30,8.006779900625964e-30
1989-05-31,4.003389950312983e-30
1989-06-01,2.0016949751564914e-30
1989-06-02,1.0008474875782457e-30
1989-06-03,5.004237437891228e-31
1989-06-04,2.502118718945614e-31
1989-06-05,1.251059359472807e-31
1989-06-06,6.255296797364034e-32
1989-06-07,3.127648398682017e-32
1989-06-08,1.5638241993410086e-32
1989-06-09,7.819120996705043e-33
1989-06-10,3.9095604983525215e-33
1989-06-11,1.9547802491762608e-33
1989-06-12,9.773901245881304e-34
1989-06-13,4.886950622940652e-34
1989-06-14,2.443475311470326e-34
1989-06-15,1.2217376557351634e-34
1989-06-16,6.108688278675815e-35
1989-06-17,3.0543441393379074e-35
1989-06-18,1.5271720696689537e-35
1989-06-19,7.635860348344771e-36
1989-06-20,3.817930174172384e-36
1989-06-21,1.908965087086192e-36
1989-06-22,9.544825435430959e-37
1989-06-23,4.7724127177154796e-37
1989-06-24,2.386206358857741e-37
1989-06-25,1.1931031794288705e-37
1989-06-26,5.965515897144352e-38
1989-06-27,2.982757948572176e-38
1989-06-28,1.4913789742860876e-38
1989-06-29,1.4913789742860876e-38
1989-06-30,1.4913789742860876e-38
1989-07-01,1.4913789742860876e-38
1989-07-02,1.4913789742860876e-38
1989-07-03,1.4913789742860876e-38
1989-07-04,1.4913789742860876e-38
1989-07-05,1.4913789742860876e-38
1989-07-06,1.4913789742860876e-38
1989-07-07,1.4913789742860876e-38
1989-07-08,1.4913789742860876e-38
1989-07-09,1.4913789742860876e-38
1989-07-10,1.4913789742860876e-38
1989-07-11,1.4913789742860876e-38
1989-07-12,1.4913789742860876e-38
1989-07-13,1.4913789742860876e-38
1989-07-14,1.4913789742860876e-38
1989-07-15,1.4913789742860876e-38
1989-07-16,1.4913789742860876e-38
1989-07-17,1.4913789742860876e-38
1989-07-18,1.4913789742860876e-38
1989-07-19,1.4913789742860876e-38
1989-07-20,1.4913789742860876e-38
1989-07-21,1.4913789742860876e-38
1989-07-22,1.4913789742860876e-38
1989-07-23,1.4913789742860876e-38
1989-07-24,1.4913789742860876e-38
1989-07-25,1.4913789742860876e-38
1989-07-26,1.4913789742860876e-38
1989-07-27,1.4913789742860876e-38
1989-07-28,1.4913789742860876e-38
1989-07-29,1.4913789742860876e-38
1989-07-30,1.4913789742860876e-38
1989-07-31,1.4913789742860876e-38
1989-08-01,1.4913789742860876e-38
1989-08-02,1.4913789742860876e-38
1989-08-03,1.4913789742860876e-38
1989-08-04,1.4913789742860876e-38
1989-08-05,1.4913789742860876e-38
1989-08-06,1.4913789742860876e-38
1989-08-07,1.4913789742860876e-38
1989-08-08,1.4913789742860876e-38
1989-08-09,1.4913789742860876e-38
1989-08-10,1.4913789742860876e-38
1989-08-11,1.4913789742860876e-38
1989-08-12,1.4913789742860876e-38
1989-08-13,1.4913789742860876e-38
1989-08-14,1.4913789742860876e-38
1989-08-15,1.4913789742860876e-38
1989-08-16,1.4913789742860876e-38
1989-08-17,1.4913789742860876e-38
1989-08-18,1.4913789742860876e-38
1989-08-19,1.4913789742860876e-38
1989-08-20,1.4913789742860876e-38
1989-08-21,1.4913789742860876e-38
1989-08-22,1.4913789742860876e-38
1989-08-23,1.4913789742860876e-38
1989-08-24,1.4913789742860876e-38
1989-08-25,1.4913789742860876e-38
1989-08-26,1.4913789742860876e-38
1989-08-27,1.4913789742860876e-38
1989-08-28,1.4913789742860876e-38
1989-08-29,1.4913789742860876e-38
1989-08-30,1.4913789742860876e-38
1989-08-31,1.4913789742860876e-38
1989-09-01,1.4913789742860876e-38
1989-09-02,1.4913789742860876e-38
1989-09-03,1.4913789742860876e-38
1989-09-04,1.4913789742860876e-38
1989-09-05,1.4913789742860876e-38
1989-09-06,1.4913789742860876e-38
1989-09-07,1.4913789742860876e-38
1989-09-08,1.4913789742860876e-38
1989-09-09,1.4913789742860876e-38
1989-09-10,1.4913789742860876e-38
1989-09-11,1.4913789742860876e-38
1989-09-12,1.4913789742860876e-38
1989-09-13,1.4913789742860876e-38
1989-09-14,1.4913789742860876e-38
1989-09-15,1.4913789742860876e-38
1989-09-16,1.4913789742860876e-38
1989-09-17,1.4913789742860876e-38
1989-09-18,1.4913789742860876e-38
1989-09-19,1.4913789742860876e-38
1989-09-20,1.4913789742860876e-38
1989-09-21,1.4913789742860876e-38
1989-09-22,1.4913789742860876e-38
1989-09-23,1.4913789742860876e-38
1989-09-24,1.4913789742860876e-38
1989-09-25,1.4913789742860876e-38
1989-09-26,1.4913789742860876e-38
1989-09-27,1.4913789742860876e-38
1989-09-28,1.4913789742860876e-38
1989-09-29,1.4913789742860876e-38
1989-09-30,1.4913789742860876e-38
1989-10-01,1.4913789742860876e-38
1989-10-02,1.4913789742860876e-38
1989-10-03,1.4913789742860876e-38
1989-10-04,1.4913789742860876e-38
1989-10-05,1.4913789742860876e-38
1989-10-06,1.4913789742860876e-38
1989-10-07,1.4913789742860876e-38
1989-10-08,1.4913789742860876e-38
1989-10-09,1.4913789742860876e-38
1989-10-10,1.4913789742860876e-38
1989-10-11,1.4913789742860876e-38
1989-10-12,1.4913789742860876e-38
1989-10-13,1.4913789742860876e-38
1989-10-14,1.4913789742860876e-38
1989-10-15,1.4913789742860876e-38
1989-10-16,1.4913789742860876e-38
1989-10-17,1.4913789742860876e-38
1989-10-18,1.4913789742860876e-38
1989-10-19,1.4913789742860876e-38
1989-10-20,1.4913789742860876e-38
1989-10-21,1.4913789742860876e-38
1989-10-22,1.4913789742860876e-38
1989-10-23,1.4913789742860876e-38
1989-10-24,1.4913789742860876e-38
1989-10-25,1.4913789742860876e-38
1989-10-26,1.4913789742860876e-38
1989-10-27,1.4913789742860876e-38
1989-10-28,1.4913789742860876e-38
1989-10-29,1.4913789742860876e-38
1989-10-30,1.4913789742860876e-38
1989-10-31,1.4913789742860876e-38
1989-11-01,1.4913789742860876e-38
1989-11-02,1.4913789742860876e-38
1989-11-03,1.4913789742860876e-38
1989-11-04,1.4913789742860876e-38
1989-11-05,1.4913789742860876e-38
1989-11-06,1.4913789742860876e-38
1989-11-07,1.4913789742860876e-38
1989-11-08,1.4913789742860876e-38
1989-11-09,1.4913789742860876e-38
1989-11-10,1.4913789742860876e-38
1989-11-11,1.4913789742860876e-38
1989-11-12,1.4913789742860876e-38
1989-11-13,1.4913789742860876e-38
1989-11-14,1.4913789742860876e-38
1989-11-15,1.4913789742860876e-38
1989-11-16,1.4913789742860876e-38
1989-11-17,1.4913789742860876e-38
1989-11-18,1.4913789742860876e-38
1989-11-19,1.4913789742860876e-38
1989-11-20,1.4913789742860876e-38
1989-11-21,1.4913789742860876e-38
1989-11-22,1.4913789742860876e-38
1989-11-23,1.4913789742860876e-38
1989-11-24,1.4913789742860876e-38
1989-11-25,1.4913789742860876e-38
1989-11-26,1.4913789742860876e-38
1989-11-27,1.4913789742860876e-38
1989-11-28,1.4913789742860876e-38
1989-11-29,1.4913789742860876e-38
1989-11-30,1.4913789742860876e-38
1989-12-01,1.4913789742860876e-38
1989-12-02,1.4913789742860876e-38
1989-12-03,1.4913789742860876e-38
1989-12-04,1.4913789742860876e-38
1989-12-05,1.4913789742860876e-38
1989-12-06,1.4913789742860876e-38
1989-12-07,1.4913789742860876e-38
1989-12-08,1.4913789742860876e-38
1989-12-09,1.4913789742860876e-38
1989-12-10,1.4913789742860876e-38
1989-12-11,0.0008036969229578973
1989-12-12,0.0008859949884936212
1989-12-13,0.00044103758409619326
1989-12-14,0.00022254559735301885
1989-12-15,0.00011229638766963035
1989-12-16,0.0307109784334898
1989-12-17,0.03286461532115936
1989-12-18,0.03286461532115936
1989-12-19,0.013812948018312452
1989-12-20,0.006430236622691154
1989-12-21,0.0031117838807404037
1989-12-22,0.0015316859353333714
1989-12-23,0.0007599779637530446
1989-12-24,0.00037854505353607243
1989-12-25,0.00018891428771894425
1989-12-26,9.436791879124941e-05
1989-12-27,4.731674562208353e-05
1989-12-28,2.3652773961657658e-05
1989-12-29,1.1824988177977502e-05
1989-12-30,5.912144388275919e-06
1989-12-31,2.955984882646589e-06
1990-01-01,1.4779706134504522e-06
1990-01-02,7.396429282380269e-07
1990-01-03,3.698200998769607e-07
1990-01-04,1.8490969466711246e-07
1990-01-05,9.245476206842797e-08
1990-01-06,4.622735971793192e-08
1990-01-07,2.3113674529895437e-08
1990-01-08,1.1556835488590876e-08
1990-01-09,5.778417744295439e-09
1990-01-10,2.8892088721477194e-09
1990-01-11,1.4446044360738595e-09
1990-01-12,7.223022180369297e-10
1990-01-13,3.6115110901846487e-10
1990-01-14,1.8057555450923249e-10
1990-01-15,9.028777725461624e-11
1990-01-16,4.514388862730812e-11
1990-01-17,2.257195992616534e-11
1990-01-18,0.0031837446149438615
1990-01-19,0.0015665354439988732
1990-01-20,0.0007771327509544788
1990-01-21,0.0003870565560646355
1990-01-22,0.00019315375539008528
1990-01-23,9.648361447034405e-05
1990-01-24,4.8218535084743046e-05
1990-01-25,2.4103455871227194e-05
1990-01-26,0.02459859475493431
1990-01-27,0.010794151574373245
1990-01-28,0.005106074269860983
1990-01-29,0.002487871330231428
1990-01-30,0.001228468841873109
1990-01-31,0.000610620656516403
1990-02-01,0.00030461474671028554
1990-02-02,0.00015207540127448732
1990-02-03,7.597987860208377e-05
1990-02-04,3.797803947236389e-05
1990-02-05,1.899388007586822e-05
1990-02-06,1.2022037481074221e-05
1990-02-07,1.6561763914069157e-05
1990-02-08,8.28038901090622e-06
1990-02-09,4.1400230657018255e-06
1990-02-10,2.069968559226254e-06
1990-02-11,1.0349735930503812e-06
1990-02-12,5.623918241326464e-06
1990-02-13,6.829991817474365
1990-02-14,6.829991817474365
1990-02-15,7.02320432662964
1990-02-16,7.023207187652587
1990-02-17,7.023298740386962
1990-02-18,7.023298740386962
1990-02-19,7.023298740386962
1990-02-20,6.015988826751708
1990-02-21,0.0
1990-02-22,0.0
1990-02-23,0.0
1990-02-24,0.0
1990-02-25,0.0
1990-02-26,0.0
1990-02-27,0.0
1990-02-28,0.0
1990-03-01,0.0
1990-03-02,0.0
1990-03-03,0.0
1990-03-04,0.0
1990-03-05,0.0
1990-03-06,0.0
1990-03-07,0.0
1990-03-08,0.0
1990-03-09,0.0
1990-03-10,0.0
1990-03-11,0.0
1990-03-12,0.0
1990-03-13,0.0
1990-03-14,0.0
1990-03-15,0.0
1990-03-16,0.0
1990-03-17,0.0
1990-03-18,0.0
1990-03-19,0.0
1990-03-20,0.0
1990-03-21,0.0
1990-03-22,0.0
1990-03-23,0.0
1990-03-24,0.0
1990-03-25,0.0
1990-03-26,0.0
1990-03-27,0.0
1990-03-28,0.0
1990-03-29,0.0
1990-03-30,0.0
1990-03-31,0.0
1990-04-01,0.0
1990-04-02,0.0
1990-04-03,0.0
1990-04-04,0.0
1990-04-05,0.0
1990-04-06,0.0
1990-04-07,0.0
1990-04-08,0.0
1990-04-09,0.0
1990-04-10,0.0
1990-04-11,0.0
1990-04-12,0.0
1990-04-13,0.0
1990-04-14,0.0
1990-04-15,0.0
1990-04-16,0.0
1990-04-17,0.0
1990-04-18,0.0
1990-04-19,0.0
1990-04-20,0.0
1990-04-21,0.0
1990-04-22,0.0
1990-04-23,0.0
1990-04-24,0.0
1990-04-25,0.0
1990-04-26,0.0
1990-04-27,0.0
1990-04-28,0.0
1990-04-29,0.0
1990-04-30,0.0
1990-05-01,0.0
1990-05-02,0.0
1990-05-03,0.0
1990-05-04,0.0
1990-05-05,0.0
1990-05-06,0.0
1990-05-07,0.0
1990-05-08,0.0
1990-05-09,0.0
1990-05-10,0.0
1990-05-11,0.0
1990-05-12,0.0
1990-05-13,0.0
1990-05-14,0.0
1990-05-15,0.0
1990-05-16,0.0
1990-05-17,0.0
1990-05-18,0.0
1990-05-19,0.0
1990-05-20,0.0
1990-05-21,0.0
1990-05-22,0.0
1990-05-23,0.0
1990-05-24,0.0
1990-05-25,0.0
1990-05-26,0.0
1990-05-27,0.0
1990-05-28,0.0
1990-05-29,0.0
1990-05-30,0.0
1990-05-31,0.0
1990-06-01,0.0
1990-06-02,0.0
1990-06-03,0.0
1990-06-04,0.0
1990-06-05,0.0
1990-06-06,0.0
1990-06-07,0.0
1990-06-08,0.0
1990-06-09,0.0
1990-06-10,0.0
1990-06-11,0.0
1990-06-12,0.0
1990-06-13,0.0
1990-06-14,0.0
1990-06-15,0.0
1990-06-16,0.0
1990-06-17,0.0
1990-06-18,0.0
1990-06-19,0.0
1990-06-20,0.0
1990-06-21,0.0
1990-06-22,0.0
1990-06-23,0.0
1990-06-24,0.0
1990-06-25,0.0
1990-06-26,0.0
1990-06-27,0.0
1990-06-28,0.0
1990-06-29,0.0
1990-06-30,0.0
1990-07-01,0.0
1990-07-02,0.0
1990-07-03,0.0
1990-07-04,0.0
1990-07-05,0.0
1990-07-06,0.0
1990-07-07,0.0
1990-07-08,0.0
1990-07-09,0.0
1990-07-10,0.0
1990-07-11,0.0
1990-07-12,0.0
1990-07-13,0.0
1990-07-14,0.0
1990-07-15,0.0
1990-07-16,0.0
1990-07-17,0.0
1990-07-18,0.0
1990-07-19,0.0
1990-07-20,0.0
1990-07-21,0.0
1990-07-22,0.0
1990-07-23,0.0
1990-07-24,0.0
1990-07-25,0.0
1990-07-26,0.0
1990-07-27,0.0
1990-07-28,0.0
1990-07-29,0.0
1990-07-30,0.0
1990-07-31,0.0
1990-08-01,0.0
1990-08-02,0.0
1990-08-03,0.0
1990-08-04,0.0
1990-08-05,0.0
1990-08-06,0.0
1990-08-07,0.0
1990-08-08,0.0
1990-08-09,0.0
1990-08-10,0.0
1990-08-11,0.0
1990-08-12,0.0
1990-08-13,0.0
1990-08-14,0.0
1990-08-15,0.0
1990-08-16,0.0
1990-08-17,0.0
1990-08-18,0.0
1990-08-19,0.0
1990-08-20,0.0
1990-08-21,0.0
1990-08-22,0.0
1990-08-23,0.0
1990-08-24,0.0
1990-08-25,0.0
1990-08-26,0.0
1990-08-27,0.0
1990-08-28,0.0
1990-08-29,0.0
1990-08-30,0.0
1990-08-31,0.0
1990-09-01,0.0
1990-09-02,0.0
1990-09-03,0.0
1990-09-04,0.0
1990-09-05,0.0
1990-09-06,0.0
1990-09-07,0.0
1990-09-08,0.0
1990-09-09,0.0
1990-09-10,0.0
1990-09-11,0.0
1990-09-12,0.0
1990-09-13,0.0
1990-09-14,0.0
1990-09-15,0.0
1990-09-16,0.0
1990-09-17,0.0
1990-09-18,0.0
1990-09-19,0.0
1990-09-20,0.0
1990-09-21,0.0
1990-09-22,0.0
1990-09-23,0.0
1990-09-24,0.0
1990-09-25,0.0
1990-09-26,0.0
1990-09-27,0.0
1990-09-28,0.0
1990-09-29,0.0
1990-09-30,0.0
1990-10-01,0.0
1990-10-02,0.0
1990-10-03,0.0
1990-10-04,0.0
1990-10-05,0.0
1990-10-06,0.0
1990-10-07,0.0
1990-10-08,0.0
1990-10-09,0.0
1990-10-10,0.0
1990-10-11,0.0
1990-10-12,0.0
1990-10-13,0.0
1990-10-14,0.0
1990-10-15,0.0
1990-10-16,0.0
1990-10-17,0.0
1990-10-18,0.0
1990-10-19,0.0
1990-10-20,0.0
1990-10-21,0.0
1990-10-22,0.0
1990-10-23,0.0
1990-10-24,0.0
1990-10-25,0.0
1990-10-26,0.0
1990-10-27,0.0
1990-10-28,0.0
1990-10-29,0.0
1990-10-30,0.0
1990-10-31,0.0
1990-11-01,0.0
1990-11-02,0.0
1990-11-03,0.0
1990-11-04,0.0
1990-11-05,0.0
1990-11-06,0.0
1990-11-07,0.0
1990-11-08,0.0
1990-11-09,0.0
1990-11-10,0.0
1990-11-11,0.0
1990-11-12,0.0
1990-11-13,0.0
1990-11-14,0.0
1990-11-15,0.0
1990-11-16,0.0
1990-11-17,0.0
1990-11-18,0.0
1990-11-19,0.0
1990-11-20,0.0
1990-11-21,0.0
1990-11-22,0.0
1990-11-23,0.0
1990-11-24,0.0
1990-11-25,0.0
1990-11-26,0.0
1990-11-27,0.0
1990-11-28,0.0
1990-11-29,0.0
1990-11-30,0.0
1990-12-01,0.0
1990-12-02,0.0
1990-12-03,0.0
1990-12-04,0.0
1990-12-05,0.0
1990-12-06,0.0
1990-12-07,0.0
1990-12-08,0.0
1990-12-09,0.0
1990-12-10,0.0
1990-12-11,0.0
1990-12-12,0.0
1990-12-13,0.0341125950217247
1990-12-14,0.01417507231235504
1990-12-15,0.0065860440954566
1990-12-16,0.026197057217359543
1990-12-17,0.011392559856176376
1990-12-18,0.005372154526412487
1990-12-19,8.765295982360838
1990-12-20,8.765295982360838
1990-12-21,8.765295982360838
1990-12-22,8.765295982360838
1990-12-23,8.765295982360838
1990-12-24,8.765295982360838
1990-12-25,12.371331214904783
1990-12-26,12.438400268554688
1990-12-27,10.707286834716797
1990-12-28,20.637821197509762
1990-12-29,20.637821197509762
1990-12-30,20.637821197509762
1990-12-31,20.650098800659176
1991-01-01,16.578907012939453
1991-01-02,16.58999252319336
1991-01-03,16.591405868530273
1991-01-04,16.591405868530273
1991-01-05,16.591405868530273
1991-01-06,16.591405868530273
1991-01-07,11.251483917236328
1991-01-08,5.426459312438964
1991-01-09,1.9896359443664553
1991-01-10,0.0
1991-01-11,0.0
1991-01-12,0.0
1991-01-13,0.0
1991-01-14,0.0
1991-01-15,0.0
1991-01-16,0.0
1991-01-17,0.0
1991-01-18,0.0
1991-01-19,0.0
1991-01-20,0.0
1991-01-21,0.0
1991-01-22,0.0006211009458638728
1991-01-23,0.0003097473818343133
1991-01-24,0.0001550309098092839
1991-01-25,0.025192813947796818
1991-01-26,0.025222644209861755
1991-01-27,0.025222644209861755
1991-01-28,0.011105944402515888
1991-01-29,0.011105944402515888
1991-01-30,0.011105944402515888
1991-01-31,0.005244933534413577
1991-02-01,0.0025537093169987197
1991-02-02,0.0012605520896613598
1991-02-03,0.0006263036048039794
1991-02-04,0.00031217117793858046
1991-02-05,0.00015584197535645214
1991-02-06,7.786027708789332e-05
1991-02-07,3.8914982724236324e-05
1991-02-08,1.9453706045169383e-05
1991-02-09,9.725907148094848e-06
1991-02-10,4.862717105424963e-06
1991-02-11,2.4312994355568667e-06
1991-02-12,1.2156349384895295e-06
1991-02-13,6.078137744225387e-07
1991-02-14,3.0390597771656763e-07
1991-02-15,1.5195274727375363e-07
1991-02-16,7.597631679345795e-08
1991-02-17,3.7988144185874255e-08
1991-02-18,1.899406676386661e-08
1991-02-19,9.497032493754887e-09
1991-02-20,4.748516246877443e-09
1991-02-21,2.3742581234387217e-09
1991-02-22,1.1871290617193608e-09
1991-02-23,5.935645308596804e-10
1991-02-24,2.967822654298402e-10
1991-02-25,1.483911327149201e-10
1991-02-26,7.419556635746005e-11
1991-02-27,3.7097783178730026e-11
1991-02-28,1.8548891589365013e-11
1991-03-01,9.274445794682508e-12
1991-03-02,4.637222897341254e-12
1991-03-03,2.318611448670627e-12
1991-03-04,1.1593057243353135e-12
1991-03-05,5.805537799628835e-13
1991-03-06,2.9027688998144174e-13
1991-03-07,1.4513844499072087e-13
1991-03-08,7.256922249536042e-14
1991-03-09,3.628461124768021e-14
1991-03-10,1.8142314094169578e-14
1991-03-11,9.080612475874989e-15
1991-03-12,4.5403062379374945e-15
1991-03-13,2.270153118968748e-15
1991-03-14,1.1350765594843736e-15
1991-03-15,5.675382797421868e-16
1991-03-16,2.837691398710934e-16
1991-03-17,1.418845699355467e-16
1991-03-18,7.094228496777335e-17
1991-03-19,3.5471142483886676e-17
1991-03-20,1.7735571241943338e-17
1991-03-21,8.86778562097167e-18
1991-03-22,4.433892810485835e-18
1991-03-23,2.2169464052429176e-18
1991-03-24,1.1084732026214588e-18
1991-03-25,5.542366013107293e-19
1991-03-26,2.7711863669748845e-19
1991-03-27,1.385593183487443e-19
1991-03-28,6.927965917437214e-20
1991-03-29,3.463982958718607e-20
1991-03-30,1.7319914793593034e-20
1991-03-31,8.659957396796517e-21
1991-04-01,4.3299786983982586e-21
1991-04-02,2.1649893491991293e-21
1991-04-03,1.0824946745995646e-21
1991-04-04,5.412473372997823e-22
1991-04-05,2.706236686498912e-22
1991-04-06,1.3531183432494558e-22
1991-04-07,6.765591716247279e-23
1991-04-08,3.3827958581236395e-23
1991-04-09,1.6913979290618195e-23
1991-04-10,8.456989645309097e-24
1991-04-11,4.228494822654549e-24
1991-04-12,2.114247411327275e-24
1991-04-13,1.0571237056636372e-24
1991-04-14,5.285618528318186e-25
1991-04-15,2.642809264159093e-25
1991-04-16,1.3214046320795465e-25
1991-04-17,6.607023160397732e-26
1991-04-18,3.303511580198866e-26
1991-04-19,1.651755790099433e-26
1991-04-20,8.258778950497167e-27
1991-04-21,4.1293894752485834e-27
1991-04-22,2.0646947376242917e-27
1991-04-23,1.0323473688121457e-27
1991-04-24,5.161736844060729e-28
1991-04-25,2.5808684220303646e-28
1991-04-26,1.2904342110151823e-28
1991-04-27,6.452171055075912e-29
1991-04-28,3.226085527537956e-29
1991-04-29,1.613042763768978e-29
1991-04-30,8.06521381884489e-30
1991-05-01,4.032606909422445e-30
1991-05-02,2.0163034547112224e-30
1991-05-03,1.0081517273556112e-30
1991-05-04,5.040758636778056e-31
1991-05-05,2.520379318389028e-31
1991-05-06,1.260189659194514e-31
1991-05-07,6.300948295972569e-32
1991-05-08,3.1504741479862844e-32
1991-05-09,1.5752370739931422e-32
1991-05-10,7.876185369965711e-33
1991-05-11,3.9380926849828555e-33
1991-05-12,1.9690463424914278e-33
1991-05-13,9.845231712457139e-34
1991-05-14,4.922615856228569e-34
1991-05-15,2.4613079281142847e-34
1991-05-16,1.2306539640571423e-34
1991-05-17,6.153269820285713e-35
1991-05-18,3.0766349101428564e-35
1991-05-19,1.538317455071428e-35
1991-05-20,7.691587275357141e-36
1991-05-21,3.84579363767857e-36
1991-05-22,1.922896818839285e-36
1991-05-23,9.614484094196426e-37
1991-05-24,4.807242047098213e-37
1991-05-25,2.4036210235491066e-37
1991-05-26,1.2018105117745533e-37
1991-05-27,6.009052558872766e-38
1991-05-28,3.004526279436383e-38
1991-05-29,1.5022631397181916e-38
1991-05-30,1.5022631397181916e-38
1991-05-31,1.5022631397181916e-38
1991-06-01,1.5022631397181916e-38
1991-06-02,1.5022631397181916e-38
1991-06-03,1.5022631397181916e-38
1991-06-04,1.5022631397181916e-38
1991-06-05,1.5022631397181916e-38
1991-06-06,1.5022631397181916e-38
1991-06-07,1.5022631397181916e-38
1991-06-08,1.5022631397181916e-38
1991-06-09,1.5022631397181916e-38
1991-06-10,1.5022631397181916e-38
1991-06-11,1.5022631397181916e-38
1991-06-12,1.5022631397181916e-38
1991-06-13,1.5022631397181916e-38
1991-06-14,1.5022631397181916e-38
1991-06-15,1.5022631397181916e-38
1991-06-16,1.5022631397181916e-38
1991-06-17,1.5022631397181916e-38
1991-06-18,1.5022631397181916e-38
1991-06-19,1.5022631397181916e-38
1991-06-20,1.5022631397181916e-38
1991-06-21,1.5022631397181916e-38
1991-06-22,1.5022631397181916e-38
1991-06-23,1.5022631397181916e-38
1991-06-24,1.5022631397181916e-38
1991-06-25,1.5022631397181916e-38
1991-06-26,1.5022631397181916e-38
1991-06-27,1.5022631397181916e-38
1991-06-28,1.5022631397181916e-38
1991-06-29,1.5022631397181916e-38
1991-06-30,1.5022631397181916e-38
1991-07-01,1.5022631397181916e-38
1991-07-02,1.5022631397181916e-38
1991-07-03,1.5022631397181916e-38
1991-07-04,1.5022631397181916e-38
1991-07-05,1.5022631397181916e-38
1991-07-06,1.5022631397181916e-38
1991-07-07,1.5022631397181916e-38
1991-07-08,1.5022631397181916e-38
1991-07-09,1.5022631397181916e-38
1991-07-10,1.5022631397181916e-38
1991-07-11,1.5022631397181916e-38
1991-07-12,1.5022631397181916e-38
1991-07-13,1.5022631397181916e-38
1991-07-14,1.5022631397181916e-38
1991-07-15,1.5022631397181916e-38
1991-07-16,1.5022631397181916e-38
1991-07-17,1.5022631397181916e-38
1991-07-18,1.5022631397181916e-38
1991-07-19,1.5022631397181916e-38
1991-07-20,1.5022631397181916e-38
1991-07-21,1.5022631397181916e-38
1991-07-22,1.5022631397181916e-38
1991-07-23,1.5022631397181916e-38
1991-07-24,1.5022631397181916e-38
1991-07-25,1.5022631397181916e-38
1991-07-26,1.5022631397181916e-38
1991-07-27,1.5022631397181916e-38
1991-07-28,1.5022631397181916e-38
1991-07-29,1.5022631397181916e-38
1991-07-30,1.5022631397181916e-38
1991-07-31,1.5022631397181916e-38
1991-08-01,1.5022631397181916e-38
1991-08-02,1.5022631397181916e-38
1991-08-03,1.5022631397181916e-38
1991-08-04,1.5022631397181916e-38
1991-08-05,1.5022631397181916e-38
1991-08-06,1.5022631397181916e-38
1991-08-07,1.5022631397181916e-38
1991-08-08,1.5022631397181916e-38
1991-08-09,1.5022631397181916e-38
1991-08-10,1.5022631397181916e-38
1991-08-11,1.5022631397181916e-38
1991-08-12,1.5022631397181916e-38
1991-08-13,1.5022631397181916e-38
1991-08-14,1.5022631397181916e-38
1991-08-15,1.5022631397181916e-38
1991-08-16,1.5022631397181916e-38
1991-08-17,1.5022631397181916e-38
1991-08-18,1.5022631397181916e-38
1991-08-19,1.5022631397181916e-38
1991-08-20,1.5022631397181916e-38
1991-08-21,1.5022631397181916e-38
1991-08-22,1.5022631397181916e-38
1991-08-23,1.5022631397181916e-38
1991-08-24,1.5022631397181916e-38
1991-08-25,1.5022631397181916e-38
1991-08-26,1.5022631397181916e-38
1991-08-27,1.5022631397181916e-38
1991-08-28,1.5022631397181916e-38
1991-08-29,1.5022631397181916e-38
1991-08-30,1.5022631397181916e-38
1991-08-31,1.5022631397181916e-38
1991-09-01,1.5022631397181916e-38
1991-09-02,1.5022631397181916e-38
1991-09-03,1.5022631397181916e-38
1991-09-04,1.5022631397181916e-38
1991-09-05,1.5022631397181916e-38
1991-09-06,1.5022631397181916e-38
1991-09-07,1.5022631397181916e-38
1991-09-08,1.5022631397181916e-38
1991-09-09,1.5022631397181916e-38
1991-09-10,1.5022631397181916e-38
1991-09-11,1.5022631397181916e-38
1991-09-12,1.5022631397181916e-38
1991-09-13,1.5022631397181916e-38
1991-09-14,1.5022631397181916e-38
1991-09-15,1.5022631397181916e-38
1991-09-16,1.5022631397181916e-38
1991-09-17,1.5022631397181916e-38
1991-09-18,1.5022631397181916e-38
1991-09-19,1.5022631397181916e-38
1991-09-20,1.5022631397181916e-38
1991-09-21,1.5022631397181916e-38
1991-09-22,1.5022631397181916e-38
1991-09-23,1.5022631397181916e-38
1991-09-24,1.5022631397181916e-38
1991-09-25,1.5022631397181916e-38
1991-09-26,1.5022631397181916e-38
1991-09-27,1.5022631397181916e-38
1991-09-28,1.5022631397181916e-38
1991-09-29,1.5022631397181916e-38
1991-09-30,1.5022631397181916e-38
1991-10-01,1.5022631397181916e-38
1991-10-02,1.5022631397181916e-38
1991-10-03,1.5022631397181916e-38
1991-10-04,1.5022631397181916e-38
1991-10-05,1.5022631397181916e-38
1991-10-06,1.5022631397181916e-38
1991-10-07,1.5022631397181916e-38
1991-10-08,1.5022631397181916e-38
1991-10-09,1.5022631397181916e-38
1991-10-10,1.5022631397181916e-38
1991-10-11,1.5022631397181916e-38
1991-10-12,1.5022631397181916e-38
1991-10-13,1.5022631397181916e-38
1991-10-14,1.5022631397181916e-38
1991-10-15,1.5022631397181916e-38
1991-10-16,1.5022631397181916e-38
1991-10-17,1.5022631397181916e-38
1991-10-18,1.5022631397181916e-38
1991-10-19,1.5022631397181916e-38
1991-10-20,1.5022631397181916e-38
1991-10-21,1.5022631397181916e-38
1991-10-22,1.5022631397181916e-38
1991-10-23,1.5022631397181916e-38
1991-10-24,1.5022631397181916e-38
1991-10-25,1.5022631397181916e-38
1991-10-26,1.5022631397181916e-38
1991-10-27,1.5022631397181916e-38
1991-10-28,1.5022631397181916e-38
1991-10-29,1.5022631397181916e-38
1991-10-30,1.5022631397181916e-38
1991-10-31,1.5022631397181916e-38
1991-11-01,1.5022631397181916e-38
1991-11-02,1.5022631397181916e-38
1991-11-03,1.5022631397181916e-38
1991-11-04,1.5022631397181916e-38
1991-11-05,1.5022631397181916e-38
1991-11-06,1.5022631397181916e-38
1991-11-07,1.5022631397181916e-38
1991-11-08,1.5022631397181916e-38
1991-11-09,1.5022631397181916e-38
1991-11-10,1.5022631397181916e-38
1991-11-11,1.5022631397181916e-38
1991-11-12,1.5022631397181916e-38
1991-11-13,1.5022631397181916e-38
1991-11-14,1.5022631397181916e-38
1991-11-15,1.5022631397181916e-38
1991-11-16,1.5022631397181916e-38
1991-11-17,1.5022631397181916e-38
1991-11-18,1.5022631397181916e-38
1991-11-19,1.5022631397181916e-38
1991-11-20,1.5022631397181916e-38
1991-11-21,1.5022631397181916e-38
1991-11-22,1.5022631397181916e-38
1991-11-23,1.5022631397181916e-38
1991-11-24,1.5022631397181916e-38
1991-11-25,1.5022631397181916e-38
1991-11-26,1.5022631397181916e-38
1991-11-27,1.5022631397181916e-38
1991-11-28,1.5022631397181916e-38
1991-11-29,1.5022631397181916e-38
1991-11-30,1.5022631397181916e-38
1991-12-01,1.5022631397181916e-38
1991-12-02,1.5022631397181916e-38
1991-12-03,1.5022631397181916e-38
1991-12-04,1.5022631397181916e-38
1991-12-05,1.5022631397181916e-38
1991-12-06,1.5022631397181916e-38
1991-12-07,1.5022631397181916e-38
1991-12-08,1.5022631397181916e-38
1991-12-09,1.5022631397181916e-38
1991-12-10,1.5022631397181916e-38
1991-12-11,1.5022631397181916e-38
1991-12-12,1.5022631397181916e-38
1991-12-13,1.5022631397181916e-38
1991-12-14,0.0003855487739201635
1991-12-15,0.0019056421006098387
1991-12-16,0.0030954985413700342
1991-12-17,0.0015256990445777774
1991-12-18,0.0007570302695967258
1991-12-19,0.00037708447780460125
1991-12-20,0.00018818717217072845
1991-12-21,9.400505223311485e-05
1991-12-22,4.698043267126195e-05
1991-12-23,2.3484697521780614e-05
1991-12-24,1.174096996692242e-05
1991-12-25,5.870140739716589e-06
1991-12-26,2.934984195235302e-06
1991-12-27,1.467470610805321e-06
1991-12-28,7.33729905277869e-07
1991-12-29,3.6686358839688177e-07
1991-12-30,1.8343146734878246e-07
1991-12-31,9.171564840926291e-08
1992-01-01,4.5857802888349404e-08
1992-01-02,2.292889611510418e-08
1992-01-03,1.146444628119525e-08
1992-01-04,5.732223140597625e-09
1992-01-05,2.866111570298813e-09
1992-01-06,8.584743227402214e-06
1992-01-07,8.584743227402214e-06
1992-01-08,4.867789357376751e-06
1992-01-09,2.43383556153276e-06
1992-01-10,1.2169030014774762e-06
1992-01-11,6.084478059165122e-07
1992-01-12,3.042229650418448e-07
1992-01-13,1.5211124093639228e-07
1992-01-14,7.605556362477728e-08
1992-01-15,3.802776760153392e-08
1992-01-16,1.9013878471696444e-08
1992-01-17,9.507884257686783e-09
1992-01-18,4.753942128843391e-09
1992-01-19,2.3769710644216957e-09
1992-01-20,1.1884855322108476e-09
1992-01-21,5.942427661054238e-10
1992-01-22,2.9712138305271196e-10
1992-01-23,1.4856069152635596e-10
1992-01-24,7.428034576317798e-11
1992-01-25,3.7140172881588995e-11
1992-01-26,1.8570086440794494e-11
1992-01-27,9.285043220397247e-12
1992-01-28,4.642521610198624e-12
1992-01-29,2.321260805099312e-12
1992-01-30,1.160630402549656e-12
1992-01-31,5.80315201274828e-13
1992-02-01,2.90157600637414e-13
1992-02-02,1.45078800318707e-13
1992-02-03,7.25394001593535e-14
1992-02-04,3.626970007967675e-14
1992-02-05,1.8134850039838373e-14
1992-02-06,9.067425019919187e-15
1992-02-07,4.533712509959593e-15
1992-02-08,2.2668562549797967e-15
1992-02-09,1.1334281274898983e-15
1992-02-10,5.667140637449493e-16
1992-02-11,2.8335703187247463e-16
1992-02-12,1.4167851593623732e-16
1992-02-13,7.083925796811866e-17
1992-02-14,3.541962898405933e-17
1992-02-15,1.7709814492029665e-17
1992-02-16,8.854907246014832e-18
1992-02-17,4.427453623007416e-18
1992-02-18,2.213726811503708e-18
1992-02-19,1.1069038342042924e-18
1992-02-20,5.534519171021464e-19
1992-02-21,2.767259585510732e-19
1992-02-22,1.3836297927553655e-19
1992-02-23,6.91814896377683e-20
1992-02-24,3.459074481888415e-20
1992-02-25,1.7295372409442074e-20
1992-02-26,8.647686204721036e-21
1992-02-27,4.323843102360518e-21
1992-02-28,2.161921551180259e-21
1992-02-29,1.0809607755901295e-21
1992-03-01,5.404803877950646e-22
1992-03-02,2.702401938975324e-22
1992-03-03,1.3512009694876616e-22
1992-03-04,6.756004847438308e-23
1992-03-05,3.378002423719154e-23
1992-03-06,1.689001211859577e-23
1992-03-07,8.445006059297885e-24
1992-03-08,4.2225030296489425e-24
1992-03-09,2.111251514824472e-24
1992-03-10,1.0556257574122356e-24
1992-03-11,5.278128787061178e-25
1992-03-12,2.639064393530589e-25
1992-03-13,1.3195321967652945e-25
1992-03-14,6.597660983826473e-26
1992-03-15,3.2988304919132363e-26
1992-03-16,1.6494152459566182e-26
1992-03-17,8.247076229783091e-27
1992-03-18,4.1235381148915454e-27
1992-03-19,2.0617690574457727e-27
1992-03-20,1.0308845287228863e-27
1992-03-21,5.154422643614432e-28
1992-03-22,2.577211321807216e-28
1992-03-23,1.288605660903608e-28
1992-03-24,6.44302830451804e-29
1992-03-25,3.22151415225902e-29
1992-03-26,1.61075707612951e-29
1992-03-27,8.05378538064755e-30
1992-03-28,4.0268926903237755e-30
1992-03-29,2.0134463451618878e-30
1992-03-30,1.0067231725809437e-30
1992-03-31,5.0336158629047185e-31
1992-04-01,2.51680793145236e-31
1992-04-02,1.2584039657261796e-31
1992-04-03,6.292019828630898e-32
1992-04-04,3.146009914315449e-32
1992-04-05,1.5730049571577245e-32
1992-04-06,7.865024785788623e-33
1992-04-07,3.932512392894311e-33
1992-04-08,1.9662561964471557e-33
1992-04-09,9.831280982235778e-34
1992-04-10,4.915640491117889e-34
1992-04-11,2.4578202455589446e-34
1992-04-12,1.2289101227794723e-34
1992-04-13,6.144550613897361e-35
1992-04-14,3.0722753069486807e-35
1992-04-15,1.5361376534743404e-35
1992-04-16,7.680688267371702e-36
1992-04-17,3.8403441336858516e-36
1992-04-18,1.9201720668429255e-36
1992-04-19,9.600860334214629e-37
1992-04-20,4.800430167107314e-37
1992-04-21,2.400215083553657e-37
1992-04-22,1.2001075417768286e-37
1992-04-23,6.000537708884142e-38
1992-04-24,3.000268854442071e-38
1992-04-25,1.5001344272210355e-38
1992-04-26,1.5001344272210355e-38
1992-04-27,1.5001344272210355e-38
1992-04-28,1.5001344272210355e-38
1992-04-29,1.5001344272210355e-38
1992-04-30,1.5001344272210355e-38
1992-05-01,1.5001344272210355e-38
1992-05-02,1.5001344272210355e-38
1992-05-03,1.5001344272210355e-38
1992-05-04,1.5001344272210355e-38
1992-05-05,1.5001344272210355e-38
1992-05-06,1.5001344272210355e-38
1992-05-07,1.5001344272210355e-38
1992-05-08,1.5001344272210355e-38
1992-05-09,1.5001344272210355e-38
1992-05-10,1.5001344272210355e-38
1992-05-11,1.5001344272210355e-38
1992-05-12,1.5001344272210355e-38
1992-05-13,1.5001344272210355e-38
1992-05-14,1.5001344272210355e-38
1992-05-15,1.5001344272210355e-38
1992-05-16,1.5001344272210355e-38
1992-05-17,1.5001344272210355e-38
1992-05-18,1.5001344272210355e-38
1992-05-19,1.5001344272210355e-38
1992-05-20,1.5001344272210355e-38
1992-05-21,1.5001344272210355e-38
1992-05-22,1.5001344272210355e-38
1992-05-23,1.5001344272210355e-38
1992-05-24,1.5001344272210355e-38
1992-05-25,1.5001344272210355e-38
1992-05-26,1.5001344272210355e-38
1992-05-27,1.5001344272210355e-38
1992-05-28,1.5001344272210355e-38
1992-05-29,1.5001344272210355e-38
1992-05-30,1.5001344272210355e-38
1992-05-31,1.5001344272210355e-38
1992-06-01,1.5001344272210355e-38
1992-06-02,1.5001344272210355e-38
1992-06-03,1.5001344272210355e-38
1992-06-04,1.5001344272210355e-38
1992-06-05,1.5001344272210355e-38
1992-06-06,1.5001344272210355e-38
1992-06-07,1.5001344272210355e-38
1992-06-08,1.5001344272210355e-38
1992-06-09,1.5001344272210355e-38
1992-06-10,1.5001344272210355e-38
1992-06-11,1.5001344272210355e-38
1992-06-12,1.5001344272210355e-38
1992-06-13,1.5001344272210355e-38
1992-06-14,1.5001344272210355e-38
1992-06-15,1.5001344272210355e-38
1992-06-16,1.5001344272210355e-38
1992-06-17,1.5001344272210355e-38
1992-06-18,1.5001344272210355e-38
1992-06-19,1.5001344272210355e-38
1992-06-20,1.5001344272210355e-38
1992-06-21,1.5001344272210355e-38
1992-06-22,1.5001344272210355e-38
1992-06-23,1.5001344272210355e-38
1992-06-24,1.5001344272210355e-38
1992-06-25,1.5001344272210355e-38
1992-06-26,1.5001344272210355e-38
1992-06-27,1.5001344272210355e-38
1992-06-28,1.5001344272210355e-38
1992-06-29,1.5001344272210355e-38
1992-06-30,1.5001344272210355e-38
1992-07-01,1.5001344272210355e-38
1992-07-02,1.5001344272210355e-38
1992-07-03,1.5001344272210355e-38
1992-07-04,1.5001344272210355e-38
1992-07-05,1.5001344272210355e-38
1992-07-06,1.5001344272210355e-38
1992-07-07,1.5001344272210355e-38
1992-07-08,1.5001344272210355e-38
1992-07-09,1.5001344272210355e-38
1992-07-10,1.5001344272210355e-38
1992-07-11,1.5001344272210355e-38
1992-07-12,1.5001344272210355e-38
1992-07-13,1.5001344272210355e-38
1992-07-14,1.5001344272210355e-38
1992-07-15,1.5001344272210355e-38
1992-07-16,1.5001344272210355e-38
1992-07-17,1.5001344272210355e-38
1992-07-18,1.5001344272210355e-38
1992-07-19,1.5001344272210355e-38
1992-07-20,1.5001344272210355e-38
1992-07-21,1.5001344272210355e-38
1992-07-22,1.5001344272210355e-38
1992-07-23,1.5001344272210355e-38
1992-07-24,1.5001344272210355e-38
1992-07-25,1.5001344272210355e-38
1992-07-26,1.5001344272210355e-38
1992-07-27,1.5001344272210355e-38
1992-07-28,1.5001344272210355e-38
1992-07-29,1.5001344272210355e-38
1992-07-30,1.5001344272210355e-38
1992-07-31,1.5001344272210355e-38
1992-08-01,1.5001344272210355e-38
1992-08-02,1.5001344272210355e-38
1992-08-03,1.5001344272210355e-38
1992-08-04,1.5001344272210355e-38
1992-08-05,1.5001344272210355e-38
1992-08-06,1.5001344272210355e-38
1992-08-07,1.5001344272210355e-38
1992-08-08,1.5001344272210355e-38
1992-08-09,1.5001344272210355e-38
1992-08-10,1.5001344272210355e-38
1992-08-11,1.5001344272210355e-38
1992-08-12,1.5001344272210355e-38
1992-08-13,1.5001344272210355e-38
1992-08-14,1.5001344272210355e-38
1992-08-15,1.5001344272210355e-38
1992-08-16,1.5001344272210355e-38
1992-08-17,1.5001344272210355e-38
1992-08-18,1.5001344272210355e-38
1992-08-19,1.5001344272210355e-38
1992-08-20,1.5001344272210355e-38
1992-08-21,1.5001344272210355e-38
1992-08-22,1.5001344272210355e-38
1992-08-23,1.5001344272210355e-38
1992-08-24,1.5001344272210355e-38
1992-08-25,1.5001344272210355e-38
1992-08-26,1.5001344272210355e-38
1992-08-27,1.5001344272210355e-38
1992-08-28,1.5001344272210355e-38
1992-08-29,1.5001344272210355e-38
1992-08-30,1.5001344272210355e-38
1992-08-31,1.5001344272210355e-38
1992-09-01,1.5001344272210355e-38
1992-09-02,1.5001344272210355e-38
1992-09-03,1.5001344272210355e-38
1992-09-04,1.5001344272210355e-38
1992-09-05,1.5001344272210355e-38
1992-09-06,1.5001344272210355e-38
1992-09-07,1.5001344272210355e-38
1992-09-08,1.5001344272210355e-38
1992-09-09,1.5001344272210355e-38
1992-09-10,1.5001344272210355e-38
1992-09-11,1.5001344272210355e-38
1992-09-12,1.5001344272210355e-38
1992-09-13,1.5001344272210355e-38
1992-09-14,1.5001344272210355e-38
1992-09-15,1.5001344272210355e-38
1992-09-16,1.5001344272210355e-38
1992-09-17,1.5001344272210355e-38
1992-09-18,1.5001344272210355e-38
1992-09-19,1.5001344272210355e-38
1992-09-20,1.5001344272210355e-38
1992-09-21,1.5001344272210355e-38
1992-09-22,1.5001344272210355e-38
1992-09-23,1.5001344272210355e-38
1992-09-24,1.5001344272210355e-38
1992-09-25,1.5001344272210355e-38
1992-09-26,1.5001344272210355e-38
1992-09-27,1.5001344272210355e-38
1992-09-28,1.5001344272210355e-38
1992-09-29,1.5001344272210355e-38
1992-09-30,1.5001344272210355e-38
1992-10-01,1.5001344272210355e-38
1992-10-02,1.5001344272210355e-38
1992-10-03,1.5001344272210355e-38
1992-10-04,1.5001344272210355e-38
1992-10-05,1.5001344272210355e-38
1992-10-06,1.5001344272210355e-38
1992-10-07,1.5001344272210355e-38
1992-10-08,1.5001344272210355e-38
1992-10-09,1.5001344272210355e-38
1992-10-10,1.5001344272210355e-38
1992-10-11,1.5001344272210355e-38
1992-10-12,1.5001344272210355e-38
1992-10-13,1.5001344272210355e-38
1992-10-14,1.5001344272210355e-38
1992-10-15,1.5001344272210355e-38
1992-10-16,1.5001344272210355e-38
1992-10-17,1.5001344272210355e-38
1992-10-18,1.5001344272210355e-38
1992-10-19,1.5001344272210355e-38
1992-10-20,1.5001344272210355e-38
1992-10-21,1.5001344272210355e-38
1992-10-22,1.5001344272210355e-38
1992-10-23,1.5001344272210355e-38
1992-10-24,1.5001344272210355e-38
1992-10-25,1.5001344272210355e-38
1992-10-26,1.5001344272210355e-38
1992-10-27,1.5001344272210355e-38
1992-10-28,1.5001344272210355e-38
1992-10-29,1.5001344272210355e-38
1992-10-30,1.5001344272210355e-38
1992-10-31,1.5001344272210355e-38
1992-11-01,1.5001344272210355e-38
1992-11-02,1.5001344272210355e-38
1992-11-03,1.5001344272210355e-38
1992-11-04,1.5001344272210355e-38
1992-11-05,1.5001344272210355e-38
1992-11-06,1.5001344272210355e-38
1992-11-07,1.5001344272210355e-38
1992-11-08,1.5001344272210355e-38
1992-11-09,1.5001344272210355e-38
1992-11-10,1.5001344272210355e-38
1992-11-11,1.5001344272210355e-38
1992-11-12,1.5001344272210355e-38
1992-11-13,1.5001344272210355e-38
1992-11-14,1.5001344272210355e-38
1992-11-15,1.5001344272210355e-38
1992-11-16,1.5001344272210355e-38
1992-11-17,1.5001344272210355e-38
1992-11-18,1.5001344272210355e-38
1992-11-19,1.5001344272210355e-38
1992-11-20,1.5001344272210355e-38
1992-11-21,1.5001344272210355e-38
1992-11-22,1.5001344272210355e-38
1992-11-23,1.5001344272210355e-38
1992-11-24,1.5001344272210355e-38
1992-11-25,1.5001344272210355e-38
1992-11-26,1.5001344272210355e-38
1992-11-27,1.5001344272210355e-38
1992-11-28,1.5001344272210355e-38
1992-11-29,0.02962522022426128
1992-11-30,0.012634383514523504
1992-12-01,0.0059186676517128944
1992-12-02,0.00287178298458457
1992-12-03,0.0028720789123326536
1992-12-04,0.0028739827685058117
1992-12-05,0.0028739827685058117
1992-12-06,0.003016047878190875
1992-12-07,0.03565702214837074
1992-12-08,0.014683751389384268
1992-12-09,0.006803813390433788
1992-12-10,0.0032862236257642508
1992-12-11,0.0016175416531041265
1992-12-12,0.0008026119903661311
1992-12-13,0.00039969658246263856
1992-12-14,0.0001994489139178768
1992-12-15,9.962567855836824e-05
1992-12-16,0.00019343869644217196
1992-12-17,0.016992805525660515
1992-12-18,0.01813302189111709
1992-12-19,0.018135432153940197
1992-12-20,0.008247727528214453
1992-12-21,0.0039538973942399025
1992-12-22,0.0019378704018890856
1992-12-23,0.0009595471201464532
1992-12-24,0.0004774717381224036
1992-12-25,0.0002382216043770313
1992-12-26,0.0001189699396491051
1992-12-27,5.9804839111166075e-05
1992-12-28,2.9893479222664613e-05
1992-12-29,1.4944504982850049e-05
1992-12-30,7.471734534192365e-06
1992-12-31,3.735730615517241e-06
1993-01-01,3.735730615517241e-06
1993-01-02,3.735730615517241e-06
1993-01-03,5.045683792559431e-06
1993-01-04,0.0004255962267052382
1993-01-05,0.15873871743679047
1993-01-06,0.15873871743679047
1993-01-07,0.15873871743679047
1993-01-08,0.15947790443897247
1993-01-09,6.039477825164795
1993-01-10,6.039477825164795
1993-01-11,6.039477825164795
1993-01-12,6.039477825164795
1993-01-13,6.039477825164795
1993-01-14,6.039477825164795
1993-01-15,6.039493083953857
1993-01-16,6.039493083953857
1993-01-17,6.039493083953857
1993-01-18,6.04148244857788
1993-01-19,4.360427379608153
1993-01-20,0.0
1993-01-21,0.0
1993-01-22,0.03142360970377922
1993-01-23,0.03144599124789237
1993-01-24,0.013271059840917586
1993-01-25,0.006195872556418181
1993-01-26,0.003001994686201215
1993-01-27,0.0014784691156819463
1993-01-28,0.0007337700226344168
1993-01-29,0.0003655389882624149
1993-01-30,0.00018243544036522508
1993-01-31,9.113451233133672e-05
1993-02-01,4.554649422061629e-05
1993-02-02,2.276806117151864e-05
1993-02-03,1.1382734555809296e-05
1993-02-04,5.691043497790815e-06
1993-02-05,2.845440576493274e-06
1993-02-06,1.422700051989523e-06
1993-02-07,7.11344910087064e-07
1993-02-08,3.5567117606660764e-07
1993-02-09,1.7783527539450003e-07
1993-02-10,8.891756664297645e-08
1993-02-11,4.445876200520615e-08
1993-02-12,2.2229375673532562e-08
1993-02-13,1.111468694858786e-08
1993-02-14,5.55734347429393e-09
1993-02-15,0.02316006645560264
1993-02-16,0.02316006645560264
1993-02-17,0.02316006645560264
1993-02-18,0.02316006645560264
1993-02-19,0.02332337573170662
1993-02-20,0.023345902562141415
1993-02-21,0.023358337581157684
1993-02-22,0.01032741740345955
1993-02-23,0.04337221011519432
1993-02-24,0.04337655007839202
1993-02-25,0.04337655007839202
1993-02-26,0.04666123911738397
1993-02-27,0.017984207719564438
1993-02-28,0.00818569678813219
1993-03-01,0.003925427794456481
1993-03-02,0.0019241964910179374
1993-03-03,0.0009528422378934924
1993-03-04,0.0004741513403132558
1993-03-05,0.00023651363153476273
1993-03-06,0.00011811697186203672
1993-03-07,5.902360862819477e-05
1993-03-08,2.9503093173843812e-05
1993-03-09,1.4749371075595263e-05
1993-03-10,7.3741412052186214e-06
1993-03-11,3.6869348605250715e-06
1993-03-12,1.843433324211219e-06
1993-03-13,9.217081924361992e-07
1993-03-14,4.608519645898924e-07
1993-03-15,2.3042545649332166e-07
1993-03-16,1.1521259324354105e-07
1993-03-17,5.760626109463374e-08
1993-03-18,2.880312344188951e-08
1993-03-19,1.4401559944587916e-08
1993-03-20,7.200779084115538e-09
1993-03-21,3.600389542057769e-09
1993-03-22,1.8001947710288846e-09
1993-03-23,9.000973855144424e-10
1993-03-24,4.5004869275722115e-10
1993-03-25,2.2502434637861057e-10
1993-03-26,1.1251217318930529e-10
1993-03-27,5.6256086594652643e-11
1993-03-28,2.8128043297326322e-11
1993-03-29,1.4064021648663162e-11
1993-03-30,7.032010824331581e-12
1993-03-31,3.5160054121657906e-12
1993-04-01,1.7580027060828953e-12
1993-04-02,8.790013530414477e-13
1993-04-03,4.3950067652072383e-13
1993-04-04,2.1975033826036191e-13
1993-04-05,1.0987516913018096e-13
1993-04-06,5.4937584565090466e-14
1993-04-07,2.7468792282545242e-14
1993-04-08,1.3734396141272616e-14
1993-04-09,6.867198070636308e-15
1993-04-10,3.433599035318154e-15
1993-04-11,1.716799517659077e-15
1993-04-12,8.583997588295385e-16
1993-04-13,4.2919987941476926e-16
1993-04-14,2.1459993970738463e-16
1993-04-15,1.0729996985369232e-16
1993-04-16,5.364998492684616e-17
1993-04-17,2.682499246342308e-17
1993-04-18,1.341249623171154e-17
1993-04-19,6.70624811585577e-18
1993-04-20,3.353124057927885e-18
1993-04-21,1.6765620289639424e-18
1993-04-22,8.382810144819712e-19
1993-04-23,4.191405072409856e-19
1993-04-24,2.095702536204928e-19
1993-04-25,1.047851268102464e-19
1993-04-26,5.23925634051232e-20
1993-04-27,2.61962817025616e-20
1993-04-28,1.3098140851280797e-20
1993-04-29,6.5490704256404e-21
1993-04-30,3.2745352128202e-21
1993-05-01,1.6372676064101e-21
1993-05-02,8.186338032050501e-22
1993-05-03,4.0931690160252506e-22
1993-05-04,2.0465845080126246e-22
1993-05-05,1.0232922540063126e-22
1993-05-06,5.116461270031563e-23
1993-05-07,2.5582306350157813e-23
1993-05-08,1.2791153175078908e-23
1993-05-09,6.395576587539453e-24
1993-05-10,3.1977882937697266e-24
1993-05-11,1.5988941468848633e-24
1993-05-12,7.994470734424317e-25
1993-05-13,3.9972353672121587e-25
1993-05-14,1.9986176836060794e-25
1993-05-15,9.993088418030397e-26
1993-05-16,4.9965442090151984e-26
1993-05-17,2.4982721045075992e-26
1993-05-18,1.2491360522537996e-26
1993-05-19,6.245680261268998e-27
1993-05-20,3.122840130634499e-27
1993-05-21,1.5614200653172495e-27
1993-05-22,7.807100326586245e-28
1993-05-23,3.9035501632931224e-28
1993-05-24,1.9517750816465612e-28
1993-05-25,9.758875408232806e-29
1993-05-26,4.879437704116403e-29
1993-05-27,2.4397188520582015e-29
1993-05-28,1.2198594260291008e-29
1993-05-29,6.099297130145505e-30
1993-05-30,3.0496485650727526e-30
1993-05-31,1.5248242825363763e-30
1993-06-01,7.6241214126818815e-31
1993-06-02,3.8120607063409408e-31
1993-06-03,1.9060303531704704e-31
1993-06-04,9.530151765852352e-32
1993-06-05,4.765075882926176e-32
1993-06-06,2.382537941463088e-32
1993-06-07,1.191268970731544e-32
1993-06-08,5.95634485365772e-33
1993-06-09,2.97817242682886e-33
1993-06-10,1.48908621341443e-33
1993-06-11,7.445431067072151e-34
1993-06-12,3.7227155335360754e-34
1993-06-13,1.8613577667680377e-34
1993-06-14,9.306788833840188e-35
1993-06-15,4.653394416920094e-35
1993-06-16,2.326697208460047e-35
1993-06-17,1.1633486042300236e-35
1993-06-18,5.816743021150117e-36
1993-06-19,2.9083715105750586e-36
1993-06-20,1.4541857552875293e-36
1993-06-21,7.270928776437646e-37
1993-06-22,3.635464388218823e-37
1993-06-23,1.8177321941094116e-37
1993-06-24,9.088660970547058e-38
1993-06-25,4.544330485273529e-38
1993-06-26,2.2721652426367645e-38
1993-06-27,2.2721652426367645e-38
1993-06-28,2.2721652426367645e-38
1993-06-29,2.2721652426367645e-38
1993-06-30,2.2721652426367645e-38
1993-07-01,2.2721652426367645e-38
1993-07-02,2.2721652426367645e-38
1993-07-03,2.2721652426367645e-38
1993-07-04,2.2721652426367645e-38
1993-07-05,2.2721652426367645e-38
1993-07-06,2.2721652426367645e-38
1993-07-07,2.2721652426367645e-38
1993-07-08,2.2721652426367645e-38
1993-07-09,2.2721652426367645e-38
1993-07-10,2.2721652426367645e-38
1993-07-11,2.2721652426367645e-38
1993-07-12,2.2721652426367645e-38
1993-07-13,2.2721652426367645e-38
1993-07-14,2.2721652426367645e-38
1993-07-15,2.2721652426367645e-38
1993-07-16,2.2721652426367645e-38
1993-07-17,2.2721652426367645e-38
1993-07-18,2.2721652426367645e-38
1993-07-19,2.2721652426367645e-38
1993-07-20,2.2721652426367645e-38
1993-07-21,2.2721652426367645e-38
1993-07-22,2.2721652426367645e-38
1993-07-23,2.2721652426367645e-38
1993-07-24,2.2721652426367645e-38
1993-07-25,2.2721652426367645e-38
1993-07-26,2.2721652426367645e-38
1993-07-27,2.2721652426367645e-38
1993-07-28,2.2721652426367645e-38
1993-07-29,2.2721652426367645e-38
1993-07-30,2.2721652426367645e-38
1993-07-31,2.2721652426367645e-38
1993-08-01,2.2721652426367645e-38
1993-08-02,2.2721652426367645e-38
1993-08-03,2.2721652426367645e-38
1993-08-04,2.2721652426367645e-38
1993-08-05,2.2721652426367645e-38
1993-08-06,2.2721652426367645e-38
1993-08-07,2.2721652426367645e-38
1993-08-08,2.2721652426367645e-38
1993-08-09,2.2721652426367645e-38
1993-08-10,2.2721652426367645e-38
1993-08-11,2.2721652426367645e-38
1993-08-12,2.2721652426367645e-38
1993-08-13,2.2721652426367645e-38
1993-08-14,2.2721652426367645e-38
1993-08-15,2.2721652426367645e-38
1993-08-16,2.2721652426367645e-38
1993-08-17,2.2721652426367645e-38
1993-08-18,2.2721652426367645e-38
1993-08-19,2.2721652426367645e-38
1993-08-20,2.2721652426367645e-38
1993-08-21,2.2721652426367645e-38
1993-08-22,2.2721652426367645e-38
1993-08-23,2.2721652426367645e-38
1993-08-24,2.2721652426367645e-38
1993-08-25,2.2721652426367645e-38
1993-08-26,2.2721652426367645e-38
1993-08-27,2.2721652426367645e-38
1993-08-28,2.2721652426367645e-38
1993-08-29,2.2721652426367645e-38
1993-08-30,2.2721652426367645e-38
1993-08-31,2.2721652426367645e-38
1993-09-01,2.2721652426367645e-38
1993-09-02,2.2721652426367645e-38
1993-09-03,2.2721652426367645e-38
1993-09-04,2.2721652426367645e-38
1993-09-05,2.2721652426367645e-38
1993-09-06,2.2721652426367645e-38
1993-09-07,2.2721652426367645e-38
1993-09-08,2.2721652426367645e-38
1993-09-09,2.2721652426367645e-38
1993-09-10,2.2721652426367645e-38
1993-09-11,2.2721652426367645e-38
1993-09-12,2.2721652426367645e-38
1993-09-13,2.2721652426367645e-38
1993-09-14,2.2721652426367645e-38
1993-09-15,2.2721652426367645e-38
1993-09-16,2.2721652426367645e-38
1993-09-17,2.2721652426367645e-38
1993-09-18,2.2721652426367645e-38
1993-09-19,2.2721652426367645e-38
1993-09-20,2.2721652426367645e-38
1993-09-21,2.2721652426367645e-38
1993-09-22,2.2721652426367645e-38
1993-09-23,2.2721652426367645e-38
1993-09-24,2.2721652426367645e-38
1993-09-25,2.2721652426367645e-38
1993-09-26,2.2721652426367645e-38
1993-09-27,2.2721652426367645e-38
1993-09-28,2.2721652426367645e-38
1993-09-29,2.2721652426367645e-38
1993-09-30,2.2721652426367645e-38
1993-10-01,2.2721652426367645e-38
1993-10-02,2.2721652426367645e-38
1993-10-03,2.2721652426367645e-38
1993-10-04,2.2721652426367645e-38
1993-10-05,2.2721652426367645e-38
1993-10-06,2.2721652426367645e-38
1993-10-07,2.2721652426367645e-38
1993-10-08,2.2721652426367645e-38
1993-10-09,2.2721652426367645e-38
1993-10-10,2.2721652426367645e-38
1993-10-11,2.2721652426367645e-38
1993-10-12,2.2721652426367645e-38
1993-10-13,2.2721652426367645e-38
1993-10-14,2.2721652426367645e-38
1993-10-15,2.2721652426367645e-38
1993-10-16,2.2721652426367645e-38
1993-10-17,2.2721652426367645e-38
1993-10-18,2.2721652426367645e-38
1993-10-19,2.2721652426367645e-38
1993-10-20,2.2721652426367645e-38
1993-10-21,2.2721652426367645e-38
1993-10-22,2.2721652426367645e-38
1993-10-23,2.2721652426367645e-38
1993-10-24,2.2721652426367645e-38
1993-10-25,2.2721652426367645e-38
1993-10-26,2.2721652426367645e-38
1993-10-27,2.2721652426367645e-38
1993-10-28,2.2721652426367645e-38
1993-10-29,2.2721652426367645e-38
1993-10-30,2.2721652426367645e-38
1993-10-31,2.2721652426367645e-38
1993-11-01,2.2721652426367645e-38
1993-11-02,2.2721652426367645e-38
1993-11-03,2.2721652426367645e-38
1993-11-04,2.2721652426367645e-38
1993-11-05,2.2721652426367645e-38
1993-11-06,2.2721652426367645e-38
1993-11-07,2.2721652426367645e-38
1993-11-08,2.2721652426367645e-38
1993-11-09,2.2721652426367645e-38
1993-11-10,2.2721652426367645e-38
1993-11-11,2.2721652426367645e-38
1993-11-12,2.2721652426367645e-38
1993-11-13,2.2721652426367645e-38
1993-11-14,2.2721652426367645e-38
1993-11-15,2.2721652426367645e-38
1993-11-16,2.2721652426367645e-38
1993-11-17,2.2721652426367645e-38
1993-11-18,2.2721652426367645e-38
1993-11-19,2.2721652426367645e-38
1993-11-20,2.2721652426367645e-38
1993-11-21,2.2721652426367645e-38
1993-11-22,3.9881855627754696e-05
1993-11-23,3.9881855627754696e-05
1993-11-24,3.9881855627754696e-05
1993-11-25,3.9881855627754696e-05
1993-11-26,3.9881855627754696e-05
1993-11-27,2.4861245037754998e-05
1993-11-28,1.2429077287379185e-05
1993-11-29,6.21415256318869e-06
1993-11-30,3.106979647782282e-06
1993-12-01,1.553465722281544e-06
1993-12-02,7.767268357383727e-07
1993-12-03,3.883618830968771e-07
1993-12-04,1.94180572066216e-07
1993-12-05,9.889708962873556e-08
1993-12-06,5.0368779369591714e-08
1993-12-07,2.5184384355725345e-08
1993-12-08,1.2592190401505832e-08
1993-12-09,6.296094312574496e-09
1993-12-10,3.148047156287248e-09
1993-12-11,1.574023578143624e-09
1993-12-12,7.870119000941146e-10
1993-12-13,3.935059500470573e-10
1993-12-14,1.9675297502352865e-10
1993-12-15,9.837648751176434e-11
1993-12-16,4.919313914553136e-11
1993-12-17,3.322662284199752e-11
1993-12-18,0.00033817169605754316
1993-12-19,0.002547022420912981
1993-12-20,0.0025555063039064416
1993-12-21,0.0025560194626450534
1993-12-22,0.002606701105833053
1993-12-23,0.0026324116624891762
1993-12-24,0.0026399935595691204
1993-12-25,0.01615716144442558
1993-12-26,0.02871881797909737
1993-12-27,0.04295578598976135
1993-12-28,0.016934541985392567
1993-12-29,0.007752032019197939
1993-12-30,0.003725856076925993
1993-12-31,0.0018282269593328238
1994-01-01,0.0009057577117346226
1994-01-02,0.00045082787983119493
1994-01-03,0.0002249058306915685
1994-01-04,0.00011232645920244976
1994-01-05,5.613168832496739e-05
1994-01-06,2.805796793836634e-05
1994-01-07,1.4027015822648535e-05
1994-01-08,7.013016329437961e-06
1994-01-09,3.5063853829342406e-06
1994-01-10,1.7531619960209355e-06
1994-01-11,8.765732673055026e-07
1994-01-12,4.3828470097651007e-07
1994-01-13,2.1914188153004943e-07
1994-01-14,1.0957081997275965e-07
1994-01-15,5.4785378011956716e-08
1994-01-16,2.7392681900551004e-08
1994-01-17,1.3696339173918659e-08
1994-01-18,6.848168698780911e-09
1994-01-19,3.4328495601698697e-09
1994-01-20,1.7164247800849349e-09
1994-01-21,8.582123900424674e-10
1994-01-22,4.291061950212337e-10
1994-01-23,2.1455309751061686e-10
1994-01-24,1.0727654875530843e-10
1994-01-25,5.366102007187123e-11
1994-01-26,2.6830510035935614e-11
1994-01-27,1.3415255017967807e-11
1994-01-28,6.7076275089839036e-12
1994-01-29,3.3538137544919518e-12
1994-01-30,1.6769068772459759e-12
1994-01-31,8.404953707845385e-13
1994-02-01,4.2086901455226634e-13
1994-02-02,2.1045002491972687e-13
1994-02-03,0.034328829497098916
1994-02-04,0.05721412971615791
1994-02-05,0.10082756727933885
1994-02-06,0.04197829961776733
1994-02-07,0.0676264762878418
1994-02-08,0.0676264762878418
1994-02-09,0.06782060861587526
1994-02-10,0.022832911461591717
1994-02-11,0.01023734547197819
1994-02-12,0.0048569408245384684
1994-02-13,0.0023695072159171104
1994-02-14,0.0011707177618518472
1994-02-15,0.0005819324869662523
1994-02-16,0.00029011964215897024
1994-02-17,0.0001448494003852829
1994-02-18,7.237224781420083e-05
1994-02-19,3.6173034459352487e-05
1994-02-20,1.808324668672867e-05
1994-02-21,9.040806617122144e-06
1994-02-22,4.520199127000524e-06
1994-02-23,2.260048404423287e-06
1994-02-24,1.317441729042912e-06
1994-02-25,6.587165444216225e-07
1994-02-26,3.293571637641435e-07
1994-02-27,1.6467831187583215e-07
1994-02-28,8.233908488364251e-08
1994-03-01,4.116952823096653e-08
1994-03-02,2.058475878641275e-08
1994-03-03,1.0292378505027956e-08
1994-03-04,5.146189252513978e-09
1994-03-05,2.573094626256989e-09
1994-03-06,1.2865473131284946e-09
1994-03-07,6.432736565642472e-10
1994-03-08,3.216368282821236e-10
1994-03-09,1.608184141410618e-10
1994-03-10,8.04092070705309e-11
1994-03-11,4.020460353526545e-11
1994-03-12,2.0102301767632724e-11
1994-03-13,1.0051150883816362e-11
1994-03-14,5.025575441908181e-12
1994-03-15,2.5127877209540905e-12
1994-03-16,1.2563938604770453e-12
1994-03-17,6.281969302385226e-13
1994-03-18,3.140984651192613e-13
1994-03-19,1.5704923255963066e-13
1994-03-20,7.852461627981535e-14
1994-03-21,3.926230813990766e-14
1994-03-22,1.9631199809732987e-14
1994-03-23,9.815599904866492e-15
1994-03-24,4.907799952433246e-15
1994-03-25,2.453899976216623e-15
1994-03-26,1.2269499881083115e-15
1994-03-27,6.1347499405415575e-16
1994-03-28,3.0673749702707788e-16
1994-03-29,1.5336874851353891e-16
1994-03-30,7.668437425676947e-17
1994-03-31,3.8342187128384734e-17
1994-04-01,1.9171093564192367e-17
1994-04-02,9.585546782096184e-18
1994-04-03,4.792773391048092e-18
1994-04-04,2.396386695524045e-18
1994-04-05,1.1981933477620226e-18
1994-04-06,5.990966738810115e-19
1994-04-07,2.9954833694050574e-19
1994-04-08,1.4977416847025287e-19
1994-04-09,7.488708423512643e-20
1994-04-10,3.744354211756322e-20
1994-04-11,1.872177105878161e-20
1994-04-12,9.360885529390804e-21
1994-04-13,4.680442764695402e-21
1994-04-14,2.340221382347701e-21
1994-04-15,1.1701106911738505e-21
1994-04-16,5.850553455869254e-22
1994-04-17,2.925276727934627e-22
1994-04-18,1.4626383639673134e-22
1994-04-19,7.313191819836567e-23
1994-04-20,3.656595909918282e-23
1994-04-21,1.828297954959141e-23
1994-04-22,9.141489774795709e-24
1994-04-23,4.570744887397852e-24
1994-04-24,2.285372443698926e-24
1994-04-25,1.142686221849463e-24
1994-04-26,5.713431109247315e-25
1994-04-27,2.8567155546236576e-25
1994-04-28,1.4283577773118288e-25
1994-04-29,7.141788886559144e-26
1994-04-30,3.570894443279572e-26
1994-05-01,1.785447221639786e-26
1994-05-02,8.927236108198933e-27
1994-05-03,4.463618054099465e-27
1994-05-04,2.2318090270497325e-27
1994-05-05,1.1159045135248666e-27
1994-05-06,5.579522567624334e-28
1994-05-07,2.789761283812167e-28
1994-05-08,1.3948806419060835e-28
1994-05-09,6.974403209530417e-29
1994-05-10,3.487201604765209e-29
1994-05-11,1.7436008023826044e-29
1994-05-12,8.718004011913022e-30
1994-05-13,4.359002005956511e-30
1994-05-14,2.1795010029782555e-30
1994-05-15,1.0897505014891277e-30
1994-05-16,5.448752507445639e-31
1994-05-17,2.7243762537228193e-31
1994-05-18,1.3621881268614097e-31
1994-05-19,6.810940634307047e-32
1994-05-20,3.4054703171535236e-32
1994-05-21,1.7027351585767618e-32
1994-05-22,8.513675792883809e-33
1994-05-23,4.2568378964419045e-33
1994-05-24,2.128418948220952e-33
1994-05-25,1.064209474110476e-33
1994-05-26,5.321047370552381e-34
1994-05-27,2.6605236852761903e-34
1994-05-28,1.3302618426380952e-34
1994-05-29,6.651309213190476e-35
1994-05-30,3.325654606595238e-35
1994-05-31,1.662827303297619e-35
1994-06-01,8.314136516488095e-36
1994-06-02,4.1570682582440474e-36
1994-06-03,2.078534129122024e-36
1994-06-04,1.0392670645610118e-36
1994-06-05,5.19633532280506e-37
1994-06-06,2.59816766140253e-37
1994-06-07,1.299083830701265e-37
1994-06-08,6.495419153506325e-38
1994-06-09,3.2477095767531625e-38
1994-06-10,1.6238547883765813e-38
1994-06-11,1.6238547883765813e-38
1994-06-12,1.6238547883765813e-38
1994-06-13,1.6238547883765813e-38
1994-06-14,1.6238547883765813e-38
1994-06-15,1.6238547883765813e-38
1994-06-16,1.6238547883765813e-38
1994-06-17,1.6238547883765813e-38
1994-06-18,1.6238547883765813e-38
1994-06-19,1.6238547883765813e-38
1994-06-20,1.6238547883765813e-38
1994-06-21,1.6238547883765813e-38
1994-06-22,1.6238547883765813e-38
1994-06-23,1.6238547883765813e-38
1994-06-24,1.6238547883765813e-38
1994-06-25,1.6238547883765813e-38
1994-06-26,1.6238547883765813e-38
1994-06-27,1.6238547883765813e-38
1994-06-28,1.6238547883765813e-38
1994-06-29,1.6238547883765813e-38
1994-06-30,1.6238547883765813e-38
1994-07-01,1.6238547883765813e-38
1994-07-02,1.6238547883765813e-38
1994-07-03,1.6238547883765813e-38
1994-07-04,1.6238547883765813e-38
1994-07-05,1.6238547883765813e-38
1994-07-06,1.6238547883765813e-38
1994-07-07,1.6238547883765813e-38
1994-07-08,1.6238547883765813e-38
1994-07-09,1.6238547883765813e-38
1994-07-10,1.6238547883765813e-38
1994-07-11,1.6238547883765813e-38
1994-07-12,1.6238547883765813e-38
1994-07-13,1.6238547883765813e-38
1994-07-14,1.6238547883765813e-38
1994-07-15,1.6238547883765813e-38
1994-07-16,1.6238547883765813e-38
1994-07-17,1.6238547883765813e-38
1994-07-18,1.6238547883765813e-38
1994-07-19,1.6238547883765813e-38
1994-07-20,1.6238547883765813e-38
1994-07-21,1.6238547883765813e-38
1994-07-22,1.6238547883765813e-38
1994-07-23,1.6238547883765813e-38
1994-07-24,1.6238547883765813e-38
1994-07-25,1.6238547883765813e-38
1994-07-26,1.6238547883765813e-38
1994-07-27,1.6238547883765813e-38
1994-07-28,1.6238547883765813e-38
1994-07-29,1.6238547883765813e-38
1994-07-30,1.6238547883765813e-38
1994-07-31,1.6238547883765813e-38
1994-08-01,1.6238547883765813e-38
1994-08-02,1.6238547883765813e-38
1994-08-03,1.6238547883765813e-38
1994-08-04,1.6238547883765813e-38
1994-08-05,1.6238547883765813e-38
1994-08-06,1.6238547883765813e-38
1994-08-07,1.6238547883765813e-38
1994-08-08,1.6238547883765813e-38
1994-08-09,1.6238547883765813e-38
1994-08-10,1.6238547883765813e-38
1994-08-11,1.6238547883765813e-38
1994-08-12,1.6238547883765813e-38
1994-08-13,1.6238547883765813e-38
1994-08-14,1.6238547883765813e-38
1994-08-15,1.6238547883765813e-38
1994-08-16,1.6238547883765813e-38
1994-08-17,1.6238547883765813e-38
1994-08-18,1.6238547883765813e-38
1994-08-19,1.6238547883765813e-38
1994-08-20,1.6238547883765813e-38
1994-08-21,1.6238547883765813e-38
1994-08-22,1.6238547883765813e-38
1994-08-23,1.6238547883765813e-38
1994-08-24,1.6238547883765813e-38
1994-08-25,1.6238547883765813e-38
1994-08-26,1.6238547883765813e-38
1994-08-27,1.6238547883765813e-38
1994-08-28,1.6238547883765813e-38
1994-08-29,1.6238547883765813e-38
1994-08-30,1.6238547883765813e-38
1994-08-31,1.6238547883765813e-38
1994-09-01,1.6238547883765813e-38
1994-09-02,1.6238547883765813e-38
1994-09-03,1.6238547883765813e-38
1994-09-04,1.6238547883765813e-38
1994-09-05,1.6238547883765813e-38
1994-09-06,1.6238547883765813e-38
1994-09-07,1.6238547883765813e-38
1994-09-08,1.6238547883765813e-38
1994-09-09,1.6238547883765813e-38
1994-09-10,1.6238547883765813e-38
1994-09-11,1.6238547883765813e-38
1994-09-12,1.6238547883765813e-38
1994-09-13,1.6238547883765813e-38
1994-09-14,1.6238547883765813e-38
1994-09-15,1.6238547883765813e-38
1994-09-16,1.6238547883765813e-38
1994-09-17,1.6238547883765813e-38
1994-09-18,1.6238547883765813e-38
1994-09-19,1.6238547883765813e-38
1994-09-20,1.6238547883765813e-38
1994-09-21,1.6238547883765813e-38
1994-09-22,1.6238547883765813e-38
1994-09-23,1.6238547883765813e-38
1994-09-24,1.6238547883765813e-38
1994-09-25,1.6238547883765813e-38
1994-09-26,1.6238547883765813e-38
1994-09-27,1.6238547883765813e-38
1994-09-28,1.6238547883765813e-38
1994-09-29,1.6238547883765813e-38
1994-09-30,1.6238547883765813e-38
1994-10-01,1.6238547883765813e-38
1994-10-02,1.6238547883765813e-38
1994-10-03,1.6238547883765813e-38
1994-10-04,1.6238547883765813e-38
1994-10-05,1.6238547883765813e-38
1994-10-06,1.6238547883765813e-38
1994-10-07,1.6238547883765813e-38
1994-10-08,1.6238547883765813e-38
1994-10-09,1.6238547883765813e-38
1994-10-10,1.6238547883765813e-38
1994-10-11,1.6238547883765813e-38
1994-10-12,1.6238547883765813e-38
1994-10-13,1.6238547883765813e-38
1994-10-14,1.6238547883765813e-38
1994-10-15,1.6238547883765813e-38
1994-10-16,1.6238547883765813e-38
1994-10-17,1.6238547883765813e-38
1994-10-18,1.6238547883765813e-38
1994-10-19,1.6238547883765813e-38
1994-10-20,1.6238547883765813e-38
1994-10-21,1.6238547883765813e-38
1994-10-22,1.6238547883765813e-38
1994-10-23,1.6238547883765813e-38
1994-10-24,1.6238547883765813e-38
1994-10-25,1.6238547883765813e-38
1994-10-26,1.6238547883765813e-38
1994-10-27,1.6238547883765813e-38
1994-10-28,1.6238547883765813e-38
1994-10-29,1.6238547883765813e-38
1994-10-30,1.6238547883765813e-38
1994-10-31,1.6238547883765813e-38
1994-11-01,1.6238547883765813e-38
1994-11-02,1.6238547883765813e-38
1994-11-03,1.6238547883765813e-38
1994-11-04,1.6238547883765813e-38
1994-11-05,1.6238547883765813e-38
1994-11-06,1.6238547883765813e-38
1994-11-07,1.6238547883765813e-38
1994-11-08,1.6238547883765813e-38
1994-11-09,1.6238547883765813e-38
1994-11-10,1.6238547883765813e-38
1994-11-11,1.6238547883765813e-38
1994-11-12,1.6238547883765813e-38
1994-11-13,1.6238547883765813e-38
1994-11-14,1.6238547883765813e-38
1994-11-15,1.6238547883765813e-38
1994-11-16,1.6238547883765813e-38
1994-11-17,1.6238547883765813e-38
1994-11-18,1.6238547883765813e-38
1994-11-19,1.6238547883765813e-38
1994-11-20,1.6238547883765813e-38
1994-11-21,7.723821909166873e-06
1994-11-22,1.2782379599229898e-05
1994-11-23,6.528567610075697e-06
1994-11-24,3.2641771667840658e-06
1994-11-25,1.6320619806720062e-06
1994-11-26,0.00015465181786566975
1994-11-27,7.72661151131615e-05
1994-11-28,3.861813092953525e-05
1994-11-29,1.9305336536490362e-05
1994-11-30,9.651736036175859e-06
1994-12-01,4.825635187444276e-06
1994-12-02,2.4128103177645244e-06
1994-12-03,0.0003261159581597895
1994-12-04,0.0003261159581597895
1994-12-05,0.0003261159581597895
1994-12-06,0.0004242687136866151
1994-12-07,0.009829211048781872
1994-12-08,0.027436506003141407
1994-12-09,0.011848074384033682
1994-12-10,0.005573504604399204
1994-12-11,0.002709112595766783
1994-12-12,0.0013362099416553974
1994-12-13,0.008906512521207331
1994-12-14,0.004255491308867931
1994-12-15,0.0020824796520173545
1994-12-16,0.0010303984163329003
1994-12-17,0.0005125448806211352
1994-12-18,0.00025561568327248096
1994-12-19,0.00012764449638780204
1994-12-20,6.378151738317683e-05
1994-12-21,3.18805905408226e-05
1994-12-22,1.5937754142214544e-05
1994-12-23,7.968242243805433e-06
1994-12-24,3.983962415077258e-06
1994-12-25,1.9919416445191014e-06
1994-12-26,9.959608178178314e-07
1994-12-27,4.979779077984858e-07
1994-12-28,2.489883286216355e-07
1994-12-29,0.028084110468626022
1994-12-30,0.03603167086839676
1994-12-31,0.014898799359798431
1995-01-01,0.006895626895129681
1995-01-02,0.003328987397253513
1995-01-03,0.0016560329822823405
1995-01-04,0.0009110129904001951
1995-01-05,0.00967439729720354
1995-01-06,0.03079137578606605
1995-01-07,0.013043966144323349
1995-01-08,0.006097222678363322
1995-01-09,0.0029556998051702976
1995-01-10,0.0014560110867023468
1995-01-11,0.0007227057358250022
1995-01-12,0.00036004712455905974
1995-01-13,0.00017969949112739409
1995-01-14,8.976901881396769e-05
1995-01-15,4.4864365918328986e-05
1995-01-16,2.2427149815484878e-05
1995-01-17,1.1212317076569887e-05
1995-01-18,5.605844307865482e-06
1995-01-19,2.802843710014713e-06
1995-01-20,1.4014021871844304e-06
1995-01-21,7.006961482147744e-07
1995-01-22,3.5034685197388166e-07
1995-01-23,1.7517311334813712e-07
1995-01-24,8.758648561979496e-08
1995-01-25,4.379322149361542e-08
1995-01-26,2.189660541773719e-08
1995-01-27,1.0948301820690176e-08
1995-01-28,5.474150910345088e-09
1995-01-29,2.737075455172544e-09
1995-01-30,1.368537727586272e-09
1995-01-31,6.84268863793136e-10
1995-02-01,3.42134431896568e-10
1995-02-02,1.71067215948284e-10
1995-02-03,8.5533607974142e-11
1995-02-04,4.2766803987071e-11
1995-02-05,2.13834019935355e-11
1995-02-06,1.069170099676775e-11
1995-02-07,5.345850498383875e-12
1995-02-08,2.672925249191937e-12
1995-02-09,1.3364626245959688e-12
1995-02-10,6.682313122979844e-13
1995-02-11,3.3411565614899214e-13
1995-02-12,1.6714877908424047e-13
1995-02-13,11.30731964111328
1995-02-14,11.30731964111328
1995-02-15,11.307325363159181
1995-02-16,5.432546615600586
1995-02-17,0.0
1995-02-18,0.0
1995-02-19,0.0
1995-02-20,0.0
1995-02-21,0.0
1995-02-22,0.0
1995-02-23,0.0
1995-02-24,0.0
1995-02-25,0.0
1995-02-26,0.0
1995-02-27,0.0
1995-02-28,0.0
1995-03-01,0.0
1995-03-02,0.0
1995-03-03,0.0
1995-03-04,0.0
1995-03-05,0.0
1995-03-06,0.0
1995-03-07,0.0
1995-03-08,0.0
1995-03-09,0.0
1995-03-10,0.0
1995-03-11,0.0
1995-03-12,0.0
1995-03-13,0.0
1995-03-14,0.0
1995-03-15,0.0
1995-03-16,0.0
1995-03-17,0.0
1995-03-18,0.0
1995-03-19,0.0
1995-03-20,0.0
1995-03-21,0.0
1995-03-22,0.0
1995-03-23,0.0
1995-03-24,0.0
1995-03-25,0.0
1995-03-26,0.0
1995-03-27,0.0
1995-03-28,0.0
1995-03-29,0.0
1995-03-30,0.0
1995-03-31,0.0
1995-04-01,0.0
1995-04-02,0.0
1995-04-03,0.0
1995-04-04,0.0
1995-04-05,0.0
1995-04-06,0.0
1995-04-07,0.0
1995-04-08,0.0
1995-04-09,0.0
1995-04-10,0.0
1995-04-11,0.0
1995-04-12,0.0
1995-04-13,0.0
1995-04-14,0.0
1995-04-15,0.0
1995-04-16,0.0
1995-04-17,0.0
1995-04-18,0.0
1995-04-19,0.0
1995-04-20,0.0
1995-04-21,0.0
1995-04-22,0.0
1995-04-23,0.0
1995-04-24,0.0
1995-04-25,0.0
1995-04-26,0.0
1995-04-27,0.0
1995-04-28,0.0
1995-04-29,0.0
1995-04-30,0.0
1995-05-01,0.0
1995-05-02,0.0
1995-05-03,0.0
1995-05-04,0.0
1995-05-05,0.0
1995-05-06,0.0
1995-05-07,0.0
1995-05-08,0.0
1995-05-09,0.0
1995-05-10,0.0
1995-05-11,0.0
1995-05-12,0.0
1995-05-13,0.0
1995-05-14,0.0
1995-05-15,0.0
1995-05-16,0.0
1995-05-17,0.0
1995-05-18,0.0
1995-05-19,0.0
1995-05-20,0.0
1995-05-21,0.0
1995-05-22,0.0
1995-05-23,0.0
1995-05-24,0.0
1995-05-25,0.0
1995-05-26,0.0
1995-05-27,0.0
1995-05-28,0.0
1995-05-29,0.0
1995-05-30,0.0
1995-05-31,0.0
1995-06-01,0.0
1995-06-02,0.0
1995-06-03,0.0
1995-06-04,0.0
1995-06-05,0.0
1995-06-06,0.0
1995-06-07,0.0
1995-06-08,0.0
1995-06-09,0.0
1995-06-10,0.0
1995-06-11,0.0
1995-06-12,0.0
1995-06-13,0.0
1995-06-14,0.0
1995-06-15,0.0
1995-06-16,0.0
1995-06-17,0.0
1995-06-18,0.0
1995-06-19,0.0
1995-06-20,0.0
1995-06-21,0.0
1995-06-22,0.0
1995-06-23,0.0
1995-06-24,0.0
1995-06-25,0.0
1995-06-26,0.0
1995-06-27,0.0
1995-06-28,0.0
1995-06-29,0.0
1995-06-30,0.0
1995-07-01,0.0
1995-07-02,0.0
1995-07-03,0.0
1995-07-04,0.0
1995-07-05,0.0
1995-07-06,0.0
1995-07-07,0.0
1995-07-08,0.0
1995-07-09,0.0
1995-07-10,0.0
1995-07-11,0.0
1995-07-12,0.0
1995-07-13,0.0
1995-07-14,0.0
1995-07-15,0.0
1995-07-16,0.0
1995-07-17,0.0
1995-07-18,0.0
1995-07-19,0.0
1995-07-20,0.0
1995-07-21,0.0
1995-07-22,0.0
1995-07-23,0.0
1995-07-24,0.0
1995-07-25,0.0
1995-07-26,0.0
1995-07-27,0.0
1995-07-28,0.0
1995-07-29,0.0
1995-07-30,0.0
1995-07-31,0.0
1995-08-01,0.0
1995-08-02,0.0
1995-08-03,0.0
1995-08-04,0.0
1995-08-05,0.0
1995-08-06,0.0
1995-08-07,0.0
1995-08-08,0.0
1995-08-09,0.0
1995-08-10,0.0
1995-08-11,0.0
1995-08-12,0.0
1995-08-13,0.0
1995-08-14,0.0
1995-08-15,0.0
1995-08-16,0.0
1995-08-17,0.0
1995-08-18,0.0
1995-08-19,0.0
1995-08-20,0.0
1995-08-21,0.0
1995-08-22,0.0
1995-08-23,0.0
1995-08-24,0.0
1995-08-25,0.0
1995-08-26,0.0
1995-08-27,0.0
1995-08-28,0.0
1995-08-29,0.0
1995-08-30,0.0
1995-08-31,0.0
1995-09-01,0.0
1995-09-02,0.0
1995-09-03,0.0
1995-09-04,0.0
1995-09-05,0.0
1995-09-06,0.0
1995-09-07,0.0
1995-09-08,0.0
1995-09-09,0.0
1995-09-10,0.0
1995-09-11,0.0
1995-09-12,0.0
1995-09-13,0.0
1995-09-14,0.0
1995-09-15,0.0
1995-09-16,0.0
1995-09-17,0.0
1995-09-18,0.0
1995-09-19,0.0
1995-09-20,0.0
1995-09-21,0.0
1995-09-22,0.0
1995-09-23,0.0
1995-09-24,0.0
1995-09-25,0.0
1995-09-26,0.0
1995-09-27,0.0
1995-09-28,0.0
1995-09-29,0.0
1995-09-30,0.0
1995-10-01,0.0
1995-10-02,0.0
1995-10-03,0.0
1995-10-04,0.0
1995-10-05,0.0
1995-10-06,0.0
1995-10-07,0.0
1995-10-08,0.0
1995-10-09,0.0
1995-10-10,0.0
1995-10-11,0.0
1995-10-12,0.0
1995-10-13,0.0
1995-10-14,0.0
1995-10-15,0.0
1995-10-16,0.0
1995-10-17,0.0
1995-10-18,0.0
1995-10-19,0.0
1995-10-20,0.0
1995-10-21,0.0
1995-10-22,0.0
1995-10-23,0.0
1995-10-24,0.0
1995-10-25,0.0
1995-10-26,0.0
1995-10-27,0.0
1995-10-28,0.0
1995-10-29,0.0
1995-10-30,0.0
1995-10-31,0.0
1995-11-01,0.0
1995-11-02,0.0
1995-11-03,0.0
1995-11-04,0.0
1995-11-05,0.0
1995-11-06,0.0
1995-11-07,0.0
1995-11-08,0.0
1995-11-09,0.0
1995-11-10,0.0
1995-11-11,0.0
1995-11-12,0.0
1995-11-13,0.0
1995-11-14,0.0
1995-11-15,0.0
1995-11-16,0.0
1995-11-17,0.0
1995-11-18,0.0
1995-11-19,0.0
1995-11-20,0.0
1995-11-21,0.0
1995-11-22,0.0
1995-11-23,0.0
1995-11-24,0.0
1995-11-25,0.0
1995-11-26,0.0
1995-11-27,0.0
1995-11-28,0.0
1995-11-29,0.0
1995-11-30,0.0
1995-12-01,0.0
1995-12-02,0.0
1995-12-03,0.0
1995-12-04,0.0
1995-12-05,0.0
1995-12-06,0.0
1995-12-07,0.0002179676084779203
1995-12-08,0.00010887130338232962
1995-12-09,5.441297980723903e-05
1995-12-10,2.7199088435736485e-05
1995-12-11,1.3597694305644835e-05
1995-12-12,6.7983851295139175e-06
1995-12-13,3.3990770589298327e-06
1995-12-14,1.6995095393212976e-06
1995-12-15,8.497475505464535e-07
1995-12-16,4.2487195628382324e-07
1995-12-17,2.1243552339456076e-07
1995-12-18,1.0621764801044264e-07
1995-12-19,5.310879913622557e-08
1995-12-20,2.6554392462685428e-08
1995-12-21,1.3277194454985873e-08
1995-12-22,6.638596339314518e-09
1995-12-23,3.319298169657259e-09
1995-12-24,1.6601972019358868e-09
1995-12-25,9.321183824795298e-10
1995-12-26,0.015205232426524162
1995-12-27,0.0070257289335131645
1995-12-28,0.0033895131200551987
1995-12-29,0.0016660372493788602
1995-12-30,0.0008260795730166137
1995-12-31,0.0004113337781745941
1996-01-01,0.00020524389401543885
1996-01-02,0.00010251662752125412
1996-01-03,5.123204027768224e-05
1996-01-04,2.5609457225073126e-05
1996-01-05,1.280308879358927e-05
1996-01-06,6.401134669431486e-06
1996-01-07,3.2004650165617923e-06
1996-01-08,1.6002069287424092e-06
1996-01-09,8.000970979082924e-07
1996-01-10,4.0004692891670857e-07
1996-01-11,2.0002305234356757e-07
1996-01-12,1.0001143380122814e-07
1996-01-13,5.000569203161831e-08
1996-01-14,2.500284068673864e-08
1996-01-15,1.250141856701248e-08
1996-01-16,6.25070839532782e-09
1996-01-17,3.4062248577271244e-09
1996-01-18,1.7364014670562256e-09
1996-01-19,8.682051744202113e-10
1996-01-20,4.3410258721010564e-10
1996-01-21,2.1705129360505282e-10
1996-01-22,1.0852726356480601e-10
1996-01-23,5.635799812941933e-11
1996-01-24,0.03278358653187752
1996-01-25,0.04120305553078651
1996-01-26,0.04647663980722427
1996-01-27,0.048190180212259286
1996-01-28,0.048710133880376816
1996-01-29,2.4390895366668706
1996-01-30,2.4390895366668706
1996-01-31,2.4390895366668706
1996-02-01,2.4390895366668706
1996-02-02,2.4390895366668706
1996-02-03,2.4390895366668706
1996-02-04,1.710529327392578
1996-02-05,0.0
1996-02-06,0.0
1996-02-07,0.0
1996-02-08,0.0
1996-02-09,0.0
1996-02-10,0.0
1996-02-11,0.0
1996-02-12,0.0
1996-02-13,0.0
1996-02-14,0.0
1996-02-15,0.0
1996-02-16,0.0
1996-02-17,0.0
1996-02-18,0.0
1996-02-19,0.0
1996-02-20,0.0
1996-02-21,0.0
1996-02-22,0.011624591425061224
1996-02-23,0.005690408870577811
1996-02-24,0.004070489667356014
1996-02-25,0.03752672299742699
1996-02-26,0.07853785157203673
1996-02-27,0.09190547466278078
1996-02-28,0.02621714770793915
1996-02-29,0.011400002986192705
1996-03-01,0.0053754523396492
1996-03-02,0.0026155046653002505
1996-03-03,0.001290651154704392
1996-03-04,0.0006411611684598029
1996-03-05,0.0003195528697688133
1996-03-06,0.00015952115063555536
1996-03-07,7.969695434439926e-05
1996-03-08,3.9832597394706675e-05
1996-03-09,1.991233148146421e-05
1996-03-10,9.955174391507171e-06
1996-03-11,4.977339358447352e-06
1996-03-12,2.4886076062102798e-06
1996-03-13,1.2442883416952102e-06
1996-03-14,6.221403054951224e-07
1996-03-15,3.110691864094406e-07
1996-03-16,1.555343516201901e-07
1996-03-17,7.776711186124882e-08
1996-03-18,3.88835417197697e-08
1996-03-19,1.9441765530814333e-08
1996-03-20,9.720881877228747e-09
1996-03-21,4.8604409386143735e-09
1996-03-22,2.4302204693071867e-09
1996-03-23,1.2151102346535934e-09
1996-03-24,6.075551173267967e-10
1996-03-25,3.0377755866339834e-10
1996-03-26,1.5188877933169917e-10
1996-03-27,7.594438966584959e-11
1996-03-28,3.797219483292479e-11
1996-03-29,1.8986097416462396e-11
1996-03-30,9.493048708231198e-12
1996-03-31,4.746524354115599e-12
1996-04-01,2.3732621770577996e-12
1996-04-02,1.1866310885288998e-12
1996-04-03,5.933155442644499e-13
1996-04-04,2.9665777213222494e-13
1996-04-05,1.4832888606611247e-13
1996-04-06,7.416444303305625e-14
1996-04-07,3.7082221516528124e-14
1996-04-08,1.8541110758264062e-14
1996-04-09,9.27055537913203e-15
1996-04-10,4.635277689566015e-15
1996-04-11,2.3176388447830074e-15
1996-04-12,1.1588194223915037e-15
1996-04-13,5.794097111957518e-16
1996-04-14,2.897048555978759e-16
1996-04-15,1.4485242779893796e-16
1996-04-16,7.242621389946898e-17
1996-04-17,3.621310694973449e-17
1996-04-18,1.8106553474867245e-17
1996-04-19,9.053276737433624e-18
1996-04-20,4.526638368716812e-18
1996-04-21,2.263319184358406e-18
1996-04-22,1.131659592179203e-18
1996-04-23,5.658297960896015e-19
1996-04-24,2.8291489804480075e-19
1996-04-25,1.4145744902240035e-19
1996-04-26,7.072872451120018e-20
1996-04-27,3.536436225560009e-20
1996-04-28,1.7682181127800047e-20
1996-04-29,8.841090563900022e-21
1996-04-30,4.420545281950012e-21
1996-05-01,2.2102726409750055e-21
1996-05-02,1.1051363204875028e-21
1996-05-03,5.525681602437514e-22
1996-05-04,2.762840801218757e-22
1996-05-05,1.3814204006093784e-22
1996-05-06,6.907102003046892e-23
1996-05-07,3.453551001523446e-23
1996-05-08,1.726775500761723e-23
1996-05-09,8.633877503808615e-24
1996-05-10,4.316938751904308e-24
1996-05-11,2.158469375952154e-24
1996-05-12,1.079234687976077e-24
1996-05-13,5.396173439880385e-25
1996-05-14,2.6980867199401923e-25
1996-05-15,1.3490433599700961e-25
1996-05-16,6.745216799850481e-26
1996-05-17,3.3726083999252403e-26
1996-05-18,1.6863041999626202e-26
1996-05-19,8.431520999813101e-27
1996-05-20,4.2157604999065504e-27
1996-05-21,2.1078802499532752e-27
1996-05-22,1.0539401249766376e-27
1996-05-23,5.269700624883188e-28
1996-05-24,2.634850312441594e-28
1996-05-25,1.317425156220797e-28
1996-05-26,6.587125781103985e-29
1996-05-27,3.2935628905519925e-29
1996-05-28,1.6467814452759963e-29
1996-05-29,8.233907226379981e-30
1996-05-30,4.116953613189991e-30
1996-05-31,2.0584768065949953e-30
1996-06-01,1.0292384032974977e-30
1996-06-02,5.146192016487488e-31
1996-06-03,2.573096008243744e-31
1996-06-04,1.286548004121872e-31
1996-06-05,6.43274002060936e-32
1996-06-06,3.21637001030468e-32
1996-06-07,1.60818500515234e-32
1996-06-08,8.0409250257617e-33
1996-06-09,4.02046251288085e-33
1996-06-10,2.010231256440425e-33
1996-06-11,1.0051156282202126e-33
1996-06-12,5.025578141101064e-34
1996-06-13,2.512789070550532e-34
1996-06-14,1.256394535275266e-34
1996-06-15,6.28197267637633e-35
1996-06-16,3.140986338188165e-35
1996-06-17,1.5704931690940824e-35
1996-06-18,7.852465845470412e-36
1996-06-19,3.926232922735205e-36
1996-06-20,1.9631164613676027e-36
1996-06-21,9.815582306838015e-37
1996-06-22,4.9077911534190075e-37
1996-06-23,2.4538955767095037e-37
1996-06-24,1.2269477883547517e-37
1996-06-25,6.134738941773758e-38
1996-06-26,3.0673694708868797e-38
1996-06-27,1.5336847354434396e-38
1996-06-28,1.5336847354434396e-38
1996-06-29,1.5336847354434396e-38
1996-06-30,1.5336847354434396e-38
1996-07-01,1.5336847354434396e-38
1996-07-02,1.5336847354434396e-38
1996-07-03,1.5336847354434396e-38
1996-07-04,1.5336847354434396e-38
1996-07-05,1.5336847354434396e-38
1996-07-06,1.5336847354434396e-38
1996-07-07,1.5336847354434396e-38
1996-07-08,1.5336847354434396e-38
1996-07-09,1.5336847354434396e-38
1996-07-10,1.5336847354434396e-38
1996-07-11,1.5336847354434396e-38
1996-07-12,1.5336847354434396e-38
1996-07-13,1.5336847354434396e-38
1996-07-14,1.5336847354434396e-38
1996-07-15,1.5336847354434396e-38
1996-07-16,1.5336847354434396e-38
1996-07-17,1.5336847354434396e-38
1996-07-18,1.5336847354434396e-38
1996-07-19,1.5336847354434396e-38
1996-07-20,1.5336847354434396e-38
1996-07-21,1.5336847354434396e-38
1996-07-22,1.5336847354434396e-38
1996-07-23,1.5336847354434396e-38
1996-07-24,1.5336847354434396e-38
1996-07-25,1.5336847354434396e-38
1996-07-26,1.5336847354434396e-38
1996-07-27,1.5336847354434396e-38
1996-07-28,1.5336847354434396e-38
1996-07-29,1.5336847354434396e-38
1996-07-30,1.5336847354434396e-38
1996-07-31,1.5336847354434396e-38
1996-08-01,1.5336847354434396e-38
1996-08-02,1.5336847354434396e-38
1996-08-03,1.5336847354434396e-38
1996-08-04,1.5336847354434396e-38
1996-08-05,1.5336847354434396e-38
1996-08-06,1.5336847354434396e-38
1996-08-07,1.5336847354434396e-38
1996-08-08,1.5336847354434396e-38
1996-08-09,1.5336847354434396e-38
1996-08-10,1.5336847354434396e-38
1996-08-11,1.5336847354434396e-38
1996-08-12,1.5336847354434396e-38
1996-08-13,1.5336847354434396e-38
1996-08-14,1.5336847354434396e-38
1996-08-15,1.5336847354434396e-38
1996-08-16,1.5336847354434396e-38
1996-08-17,1.5336847354434396e-38
1996-08-18,1.5336847354434396e-38
1996-08-19,1.5336847354434396e-38
1996-08-20,1.5336847354434396e-38
1996-08-21,1.5336847354434396e-38
1996-08-22,1.5336847354434396e-38
1996-08-23,1.5336847354434396e-38
1996-08-24,1.5336847354434396e-38
1996-08-25,1.5336847354434396e-38
1996-08-26,1.5336847354434396e-38
1996-08-27,1.5336847354434396e-38
1996-08-28,1.5336847354434396e-38
1996-08-29,1.5336847354434396e-38
1996-08-30,1.5336847354434396e-38
1996-08-31,1.5336847354434396e-38
1996-09-01,1.5336847354434396e-38
1996-09-02,1.5336847354434396e-38
1996-09-03,1.5336847354434396e-38
1996-09-04,1.5336847354434396e-38
1996-09-05,1.5336847354434396e-38
1996-09-06,1.5336847354434396e-38
1996-09-07,1.5336847354434396e-38
1996-09-08,1.5336847354434396e-38
1996-09-09,1.5336847354434396e-38
1996-09-10,1.5336847354434396e-38
1996-09-11,1.5336847354434396e-38
1996-09-12,1.5336847354434396e-38
1996-09-13,1.5336847354434396e-38
1996-09-14,1.5336847354434396e-38
1996-09-15,1.5336847354434396e-38
1996-09-16,1.5336847354434396e-38
1996-09-17,1.5336847354434396e-38
1996-09-18,1.5336847354434396e-38
1996-09-19,1.5336847354434396e-38
1996-09-20,1.5336847354434396e-38
1996-09-21,1.5336847354434396e-38
1996-09-22,1.5336847354434396e-38
1996-09-23,1.5336847354434396e-38
1996-09-24,1.5336847354434396e-38
1996-09-25,1.5336847354434396e-38
1996-09-26,1.5336847354434396e-38
1996-09-27,1.5336847354434396e-38
1996-09-28,1.5336847354434396e-38
1996-09-29,1.5336847354434396e-38
1996-09-30,1.5336847354434396e-38
1996-10-01,1.5336847354434396e-38
1996-10-02,1.5336847354434396e-38
1996-10-03,1.5336847354434396e-38
1996-10-04,1.5336847354434396e-38
1996-10-05,1.5336847354434396e-38
1996-10-06,1.5336847354434396e-38
1996-10-07,1.5336847354434396e-38
1996-10-08,1.5336847354434396e-38
1996-10-09,1.5336847354434396e-38
1996-10-10,1.5336847354434396e-38
1996-10-11,1.5336847354434396e-38
1996-10-12,1.5336847354434396e-38
1996-10-13,1.5336847354434396e-38
1996-10-14,1.5336847354434396e-38
1996-10-15,1.5336847354434396e-38
1996-10-16,1.5336847354434396e-38
1996-10-17,1.5336847354434396e-38
1996-10-18,1.5336847354434396e-38
1996-10-19,1.5336847354434396e-38
1996-10-20,1.5336847354434396e-38
1996-10-21,1.5336847354434396e-38
1996-10-22,1.5336847354434396e-38
1996-10-23,1.5336847354434396e-38
1996-10-24,1.5336847354434396e-38
1996-10-25,1.5336847354434396e-38
1996-10-26,1.5336847354434396e-38
1996-10-27,1.5336847354434396e-38
1996-10-28,1.5336847354434396e-38
1996-10-29,1.5336847354434396e-38
1996-10-30,1.5336847354434396e-38
1996-10-31,1.5336847354434396e-38
1996-11-01,1.5336847354434396e-38
1996-11-02,1.5336847354434396e-38
1996-11-03,1.5336847354434396e-38
1996-11-04,1.5336847354434396e-38
1996-11-05,1.5336847354434396e-38
1996-11-06,1.5336847354434396e-38
1996-11-07,1.5336847354434396e-38
1996-11-08,1.5336847354434396e-38
1996-11-09,1.5336847354434396e-38
1996-11-10,1.5336847354434396e-38
1996-11-11,1.5336847354434396e-38
1996-11-12,1.5336847354434396e-38
1996-11-13,1.5336847354434396e-38
1996-11-14,1.5336847354434396e-38
1996-11-15,1.5336847354434396e-38
1996-11-16,1.5336847354434396e-38
1996-11-17,1.5336847354434396e-38
1996-11-18,1.5336847354434396e-38
1996-11-19,1.5336847354434396e-38
1996-11-20,1.5336847354434396e-38
1996-11-21,0.0305815115571022
1996-11-22,0.01305270753800869
1996-11-23,0.017721511423587803
1996-11-24,0.008077673614025116
1996-11-25,0.0038758036680519585
1996-11-26,0.0019003518391400573
1996-11-27,0.0009411478531546889
1996-11-28,0.00046835956163704406
1996-11-29,0.00023363139189314097
1996-11-30,0.0001166792426374741
1996-12-01,5.830558438901788e-05
1996-12-02,2.9144292057026178e-05
1996-12-03,0.0030871380586177115
1996-12-04,0.0015197447501122952
1996-12-05,0.0007540984661318362
1996-12-06,0.00037562756915576756
1996-12-07,0.00018746104615274817
1996-12-08,9.36426658881828e-05
1996-12-09,4.6799406845821054e-05
1996-12-10,2.3394228264805857e-05
1996-12-11,1.1695746252371464e-05
1996-12-12,5.847530701430514e-06
1996-12-13,2.92367985821329e-06
1996-12-14,1.4628926692239475e-06
1996-12-15,7.316199912565937e-07
1996-12-16,3.658153104879602e-07
1996-12-17,2.107980634491469e-07
1996-12-18,1.0717693754713763e-07
1996-12-19,5.56567520959561e-08
1996-12-20,2.7828368942550696e-08
1996-12-21,1.3915259167163184e-08
1996-12-22,6.966484278336791e-09
1996-12-23,3.483294097605949e-09
1996-12-24,1.7416470488029745e-09
1996-12-25,8.708235244014872e-10
1996-12-26,4.3699174834266325e-10
1996-12-27,2.1849667908302448e-10
1996-12-28,0.0006769754108972849
1996-12-29,0.0003373419749550521
1996-12-30,0.0001683864975348115
1996-12-31,8.412235911237076e-05
1997-01-01,4.204348806524649e-05
1997-01-02,2.1017325707362037e-05
1997-01-03,1.0507557817618361e-05
1997-01-04,5.253511517366859e-06
1997-01-05,0.034345034509897225
1997-01-06,0.014252223074436188
1997-01-07,0.00661915447562933
1997-01-08,0.003200084203854203
1997-01-09,0.0015744429547339678
1997-01-10,0.0007810243987478317
1997-01-11,0.0003889872168656439
1997-01-12,0.0008291138219647108
1997-01-13,0.0008291138219647108
1997-01-14,0.0008291138219647108
1997-01-15,0.0008291138219647108
1997-01-16,0.009272108785808088
1997-01-17,0.004421278368681668
1997-01-18,0.0021617778111249213
1997-01-19,0.0010692061623558402
1997-01-20,0.0005317451432347298
1997-01-21,0.0002651656977832317
1997-01-22,0.0001324070617556572
1997-01-23,6.616211612708867e-05
1997-01-24,3.307582301204093e-05
1997-01-25,0.00012274795153643939
1997-01-26,0.00012274795153643939
1997-01-27,0.00012274795153643939
1997-01-28,6.133630813565105e-05
1997-01-29,3.065874625463038e-05
1997-01-30,1.5327022993005812e-05
1997-01-31,7.66292396292556e-06
1997-02-01,3.831315552815794e-06
1997-02-02,1.915620941872476e-06
1997-02-03,9.5780137598922e-07
1997-02-04,4.788984142578556e-07
1997-02-05,2.394486386947392e-07
1997-02-06,1.1972417723882245e-07
1997-02-07,5.986446893757602e-08
1997-02-08,3.849070040473633e-08
1997-02-09,2.3648198066439363e-08
1997-02-10,1.1824097256862842e-08
1997-02-11,5.912048628431421e-09
1997-02-12,2.9560243142157105e-09
1997-02-13,1.4780121571078553e-09
1997-02-14,7.390060785539276e-10
1997-02-15,3.695030392769638e-10
1997-02-16,1.847515196384819e-10
1997-02-17,9.237575981924095e-11
1997-02-18,4.618787990962048e-11
1997-02-19,2.309393995481024e-11
1997-02-20,1.154696997740512e-11
1997-02-21,5.77348498870256e-12
1997-02-22,2.88674249435128e-12
1997-02-23,1.44337124717564e-12
1997-02-24,7.216856235878199e-13
1997-02-25,3.6084281179391e-13
1997-02-26,1.8042140589695496e-13
1997-02-27,9.021070294847746e-14
1997-02-28,4.5105456506324213e-14
1997-03-01,2.2552728253162107e-14
1997-03-02,1.1276364126581053e-14
1997-03-03,5.638182063290525e-15
1997-03-04,2.819093360985868e-15
1997-03-05,1.409546998130289e-15
1997-03-06,7.047734990651445e-16
1997-03-07,3.5238674953257224e-16
1997-03-08,1.7619337476628612e-16
1997-03-09,8.809668738314306e-17
1997-03-10,4.404834369157153e-17
1997-03-11,2.2024171845785765e-17
1997-03-12,1.1012095021879622e-17
1997-03-13,5.506950792168719e-18
1997-03-14,2.7534753960843595e-18
1997-03-15,1.3767376980421796e-18
1997-03-16,6.883688490210898e-19
1997-03-17,3.441844245105449e-19
1997-03-18,1.7209221225527244e-19
1997-03-19,8.604610612763622e-20
1997-03-20,4.302305306381812e-20
1997-03-21,2.1511526531909056e-20
1997-03-22,1.0755763265954528e-20
1997-03-23,5.377881632977265e-21
1997-03-24,2.6889408164886323e-21
1997-03-25,1.3444704082443158e-21
1997-03-26,6.72235204122158e-22
1997-03-27,3.36117602061079e-22
1997-03-28,1.680588010305395e-22
1997-03-29,8.402940051526975e-23
1997-03-30,4.2014700257634874e-23
1997-03-31,2.1007350128817437e-23
1997-04-01,1.0503675064408721e-23
1997-04-02,5.251837532204359e-24
1997-04-03,2.6259187661021796e-24
1997-04-04,1.3129593830510902e-24
1997-04-05,6.564796915255449e-25
1997-04-06,3.2823984576277245e-25
1997-04-07,1.6411992288138623e-25
1997-04-08,8.205996144069311e-26
1997-04-09,4.1029980720346557e-26
1997-04-10,2.0514990360173278e-26
1997-04-11,1.0257495180086639e-26
1997-04-12,5.1287475900433196e-27
1997-04-13,2.5643737950216598e-27
1997-04-14,1.2821868975108299e-27
1997-04-15,6.4109344875541495e-28
1997-04-16,3.2054672437770747e-28
1997-04-17,1.6027336218885374e-28
1997-04-18,8.013668109442687e-29
1997-04-19,4.0068340547213434e-29
1997-04-20,2.0034170273606717e-29
1997-04-21,1.0017085136803361e-29
1997-04-22,5.00854256840168e-30
1997-04-23,2.50427128420084e-30
1997-04-24,1.25213564210042e-30
1997-04-25,6.2606782105021e-31
1997-04-26,3.1303391052510496e-31
1997-04-27,1.5651695526255248e-31
1997-04-28,7.825847763127625e-32
1997-04-29,3.9129238815638125e-32
1997-04-30,1.9564619407819062e-32
1997-05-01,9.782309703909531e-33
1997-05-02,4.8911548519547656e-33
1997-05-03,2.4455774259773828e-33
1997-05-04,1.2227887129886914e-33
1997-05-05,6.113943564943457e-34
1997-05-06,3.0569717824717285e-34
1997-05-07,1.5284858912358643e-34
1997-05-08,7.642429456179321e-35
1997-05-09,3.8212147280896606e-35
1997-05-10,1.9106073640448303e-35
1997-05-11,9.553036820224152e-36
1997-05-12,4.776518410112076e-36
1997-05-13,2.388259205056038e-36
1997-05-14,1.194129602528019e-36
1997-05-15,5.970648012640095e-37
1997-05-16,2.9853240063200474e-37
1997-05-17,1.4926620031600237e-37
1997-05-18,7.463310015800117e-38
1997-05-19,3.7316550079000587e-38
1997-05-20,1.8658275039500293e-38
1997-05-21,1.8658275039500293e-38
1997-05-22,1.8658275039500293e-38
1997-05-23,1.8658275039500293e-38
1997-05-24,1.8658275039500293e-38
1997-05-25,1.8658275039500293e-38
1997-05-26,1.8658275039500293e-38
1997-05-27,1.8658275039500293e-38
1997-05-28,1.8658275039500293e-38
1997-05-29,1.8658275039500293e-38
1997-05-30,1.8658275039500293e-38
1997-05-31,1.8658275039500293e-38
1997-06-01,1.8658275039500293e-38
1997-06-02,1.8658275039500293e-38
1997-06-03,1.8658275039500293e-38
1997-06-04,1.8658275039500293e-38
1997-06-05,1.8658275039500293e-38
1997-06-06,1.8658275039500293e-38
1997-06-07,1.8658275039500293e-38
1997-06-08,1.8658275039500293e-38
1997-06-09,1.8658275039500293e-38
1997-06-10,1.8658275039500293e-38
1997-06-11,1.8658275039500293e-38
1997-06-12,1.8658275039500293e-38
1997-06-13,1.8658275039500293e-38
1997-06-14,1.8658275039500293e-38
1997-06-15,1.8658275039500293e-38
1997-06-16,1.8658275039500293e-38
1997-06-17,1.8658275039500293e-38
1997-06-18,1.8658275039500293e-38
1997-06-19,1.8658275039500293e-38
1997-06-20,1.8658275039500293e-38
1997-06-21,1.8658275039500293e-38
1997-06-22,1.8658275039500293e-38
1997-06-23,1.8658275039500293e-38
1997-06-24,1.8658275039500293e-38
1997-06-25,1.8658275039500293e-38
1997-06-26,1.8658275039500293e-38
1997-06-27,1.8658275039500293e-38
1997-06-28,1.8658275039500293e-38
1997-06-29,1.8658275039500293e-38
1997-06-30,1.8658275039500293e-38
1997-07-01,1.8658275039500293e-38
1997-07-02,1.8658275039500293e-38
1997-07-03,1.8658275039500293e-38
1997-07-04,1.8658275039500293e-38
1997-07-05,1.8658275039500293e-38
1997-07-06,1.8658275039500293e-38
1997-07-07,1.8658275039500293e-38
1997-07-08,1.8658275039500293e-38
1997-07-09,1.8658275039500293e-38
1997-07-10,1.8658275039500293e-38
1997-07-11,1.8658275039500293e-38
1997-07-12,1.8658275039500293e-38
1997-07-13,1.8658275039500293e-38
1997-07-14,1.8658275039500293e-38
1997-07-15,1.8658275039500293e-38
1997-07-16,1.8658275039500293e-38
1997-07-17,1.8658275039500293e-38
1997-07-18,1.8658275039500293e-38
1997-07-19,1.8658275039500293e-38
1997-07-20,1.8658275039500293e-38
1997-07-21,1.8658275039500293e-38
1997-07-22,1.8658275039500293e-38
1997-07-23,1.8658275039500293e-38
1997-07-24,1.8658275039500293e-38
1997-07-25,1.8658275039500293e-38
1997-07-26,1.8658275039500293e-38
1997-07-27,1.8658275039500293e-38
1997-07-28,1.8658275039500293e-38
1997-07-29,1.8658275039500293e-38
1997-07-30,1.8658275039500293e-38
1997-07-31,1.8658275039500293e-38
1997-08-01,1.8658275039500293e-38
1997-08-02,1.8658275039500293e-38
1997-08-03,1.8658275039500293e-38
1997-08-04,1.8658275039500293e-38
1997-08-05,1.8658275039500293e-38
1997-08-06,1.8658275039500293e-38
1997-08-07,1.8658275039500293e-38
1997-08-08,1.8658275039500293e-38
1997-08-09,1.8658275039500293e-38
1997-08-10,1.8658275039500293e-38
1997-08-11,1.8658275039500293e-38
1997-08-12,1.8658275039500293e-38
1997-08-13,1.8658275039500293e-38
1997-08-14,1.8658275039500293e-38
1997-08-15,1.8658275039500293e-38
1997-08-16,1.8658275039500293e-38
1997-08-17,1.8658275039500293e-38
1997-08-18,1.8658275039500293e-38
1997-08-19,1.8658275039500293e-38
1997-08-20,1.8658275039500293e-38
1997-08-21,1.8658275039500293e-38
1997-08-22,1.8658275039500293e-38
1997-08-23,1.8658275039500293e-38
1997-08-24,1.8658275039500293e-38
1997-08-25,1.8658275039500293e-38
1997-08-26,1.8658275039500293e-38
1997-08-27,1.8658275039500293e-38
1997-08-28,1.8658275039500293e-38
1997-08-29,1.8658275039500293e-38
1997-08-30,1.8658275039500293e-38
1997-08-31,1.8658275039500293e-38
1997-09-01,1.8658275039500293e-38
1997-09-02,1.8658275039500293e-38
1997-09-03,1.8658275039500293e-38
1997-09-04,1.8658275039500293e-38
1997-09-05,1.8658275039500293e-38
1997-09-06,1.8658275039500293e-38
1997-09-07,1.8658275039500293e-38
1997-09-08,1.8658275039500293e-38
1997-09-09,1.8658275039500293e-38
1997-09-10,1.8658275039500293e-38
1997-09-11,1.8658275039500293e-38
1997-09-12,1.8658275039500293e-38
1997-09-13,1.8658275039500293e-38
1997-09-14,1.8658275039500293e-38
1997-09-15,1.8658275039500293e-38
1997-09-16,1.8658275039500293e-38
1997-09-17,1.8658275039500293e-38
1997-09-18,1.8658275039500293e-38
1997-09-19,1.8658275039500293e-38
1997-09-20,1.8658275039500293e-38
1997-09-21,1.8658275039500293e-38
1997-09-22,1.8658275039500293e-38
1997-09-23,1.8658275039500293e-38
1997-09-24,1.8658275039500293e-38
1997-09-25,1.8658275039500293e-38
1997-09-26,1.8658275039500293e-38
1997-09-27,1.8658275039500293e-38
1997-09-28,1.8658275039500293e-38
1997-09-29,1.8658275039500293e-38
1997-09-30,1.8658275039500293e-38
1997-10-01,1.8658275039500293e-38
1997-10-02,1.8658275039500293e-38
1997-10-03,1.8658275039500293e-38
1997-10-04,1.8658275039500293e-38
1997-10-05,1.8658275039500293e-38
1997-10-06,1.8658275039500293e-38
1997-10-07,1.8658275039500293e-38
1997-10-08,1.8658275039500293e-38
1997-10-09,1.8658275039500293e-38
1997-10-10,1.8658275039500293e-38
1997-10-11,1.8658275039500293e-38
1997-10-12,1.8658275039500293e-38
1997-10-13,1.8658275039500293e-38
1997-10-14,1.8658275039500293e-38
1997-10-15,1.8658275039500293e-38
1997-10-16,1.8658275039500293e-38
1997-10-17,1.8658275039500293e-38
1997-10-18,1.8658275039500293e-38
1997-10-19,1.8658275039500293e-38
1997-10-20,1.8658275039500293e-38
1997-10-21,1.8658275039500293e-38
1997-10-22,1.8658275039500293e-38
1997-10-23,1.8658275039500293e-38
1997-10-24,1.8658275039500293e-38
1997-10-25,1.8658275039500293e-38
1997-10-26,1.8658275039500293e-38
1997-10-27,1.8658275039500293e-38
1997-10-28,1.8658275039500293e-38
1997-10-29,1.8658275039500293e-38
1997-10-30,1.8658275039500293e-38
1997-10-31,1.8658275039500293e-38
1997-11-01,1.8658275039500293e-38
1997-11-02,1.8658275039500293e-38
1997-11-03,1.8658275039500293e-38
1997-11-04,1.8658275039500293e-38
1997-11-05,1.8658275039500293e-38
1997-11-06,1.8658275039500293e-38
1997-11-07,1.8658275039500293e-38
1997-11-08,1.8658275039500293e-38
1997-11-09,1.8658275039500293e-38
1997-11-10,1.8658275039500293e-38
1997-11-11,1.8658275039500293e-38
1997-11-12,1.8658275039500293e-38
1997-11-13,1.8658275039500293e-38
1997-11-14,1.8658275039500293e-38
1997-11-15,1.8658275039500293e-38
1997-11-16,1.8658275039500293e-38
1997-11-17,1.8658275039500293e-38
1997-11-18,1.8658275039500293e-38
1997-11-19,1.8658275039500293e-38
1997-11-20,1.8658275039500293e-38
1997-11-21,1.8658275039500293e-38
1997-11-22,1.8658275039500293e-38
1997-11-23,1.8658275039500293e-38
1997-11-24,1.8658275039500293e-38
1997-11-25,1.8658275039500293e-38
1997-11-26,1.8658275039500293e-38
1997-11-27,1.8658275039500293e-38
1997-11-28,1.8658275039500293e-38
1997-11-29,1.8658275039500293e-38
1997-11-30,1.8658275039500293e-38
1997-12-01,1.8658275039500293e-38
1997-12-02,1.8658275039500293e-38
1997-12-03,1.8658275039500293e-38
1997-12-04,1.8658275039500293e-38
1997-12-05,1.8658275039500293e-38
1997-12-06,1.8658275039500293e-38
1997-12-07,1.8658275039500293e-38
1997-12-08,1.8658275039500293e-38
1997-12-09,1.8658275039500293e-38
1997-12-10,1.8658275039500293e-38
1997-12-11,1.8658275039500293e-38
1997-12-12,1.8658275039500293e-38
1997-12-13,1.8658275039500293e-38
1997-12-14,1.8658275039500293e-38
1997-12-15,1.8658275039500293e-38
1997-12-16,1.8658275039500293e-38
1997-12-17,1.8658275039500293e-38
1997-12-18,1.8658275039500293e-38
1997-12-19,1.8658275039500293e-38
1997-12-20,1.8658275039500293e-38
1997-12-21,1.8658275039500293e-38
1997-12-22,1.8658275039500293e-38
1997-12-23,1.8658275039500293e-38
1997-12-24,1.8658275039500293e-38
1997-12-25,1.8658275039500293e-38
1997-12-26,0.012894276529550552
1997-12-27,0.0060330256819725045
1997-12-28,0.0029255468398332596
1997-12-29,0.0014413777971640227
1997-12-30,0.0007154950289987029
1997-12-31,0.00035646767355501646
1998-01-01,0.00017791616846807298
1998-01-02,8.88789800228551e-05
1998-01-03,5.853595212101937e-05
1998-01-04,3.335829387651756e-05
1998-01-05,1.6676365703460764e-05
1998-01-06,8.337487997778226e-06
1998-01-07,4.168570285401073e-06
1998-01-08,2.0901366042380687e-06
1998-01-09,0.0002200600283686072
1998-01-10,0.0002254775317851454
1998-01-11,0.03786199167370796
1998-01-12,2.187856674194336
1998-01-13,6.270408630371094e-05
1998-01-14,3.134221333311871e-05
1998-01-15,1.5668649211875166e-05
1998-01-16,7.833710697013885e-06
1998-01-17,3.916701643902343e-06
1998-01-18,1.9583126231736965e-06
1998-01-19,9.791467618924796e-07
1998-01-20,4.895709935226478e-07
1998-01-21,2.447848714837164e-07
1998-01-22,1.2239229363331103e-07
1998-01-23,6.119611128951874e-08
1998-01-24,3.059804498661833e-08
1998-01-25,1.5299020716952327e-08
1998-01-26,7.649509470297744e-09
1998-01-27,3.824754735148872e-09
1998-01-28,1.912377367574436e-09
1998-01-29,9.561886837872182e-10
1998-01-30,4.78094341893609e-10
1998-01-31,2.390471709468045e-10
1998-02-01,1.1952358547340228e-10
1998-02-02,5.976179273670112e-11
1998-02-03,2.988089636835056e-11
1998-02-04,1.494044818417528e-11
1998-02-05,7.47022409208764e-12
1998-02-06,3.73511204604382e-12
1998-02-07,1.86755602302191e-12
1998-02-08,9.33778011510955e-13
1998-02-09,4.668890057554775e-13
1998-02-10,2.334445028777388e-13
1998-02-11,1.1672225143886938e-13
1998-02-12,5.836112571943469e-14
1998-02-13,2.9180562859717346e-14
1998-02-14,1.4590281429858673e-14
1998-02-15,7.295140714929337e-15
1998-02-16,3.647570357464668e-15
1998-02-17,1.823785178732334e-15
1998-02-18,9.11892589366167e-16
1998-02-19,4.559462946830835e-16
1998-02-20,2.2797314734154177e-16
1998-02-21,1.1398657367077088e-16
1998-02-22,5.699328683538543e-17
1998-02-23,2.8496643417692715e-17
1998-02-24,1.4248321708846357e-17
1998-02-25,7.124160854423179e-18
1998-02-26,3.562080427211589e-18
1998-02-27,1.7810402136057947e-18
1998-02-28,8.905201068028973e-19
1998-03-01,4.452600534014488e-19
1998-03-02,2.226300267007244e-19
1998-03-03,1.113150133503622e-19
1998-03-04,5.56575066751811e-20
1998-03-05,2.782875333759055e-20
1998-03-06,1.3914376668795274e-20
1998-03-07,6.957188334397637e-21
1998-03-08,3.4785941671988185e-21
1998-03-09,1.7392970835994092e-21
1998-03-10,8.696485417997046e-22
1998-03-11,4.348242708998523e-22
1998-03-12,2.174121354499261e-22
1998-03-13,1.0870606772496308e-22
1998-03-14,5.435303386248153e-23
1998-03-15,2.7176516931240763e-23
1998-03-16,1.3588258465620382e-23
1998-03-17,6.794129232810191e-24
1998-03-18,3.3970646164050954e-24
1998-03-19,1.6985323082025477e-24
1998-03-20,8.492661541012739e-25
1998-03-21,4.246330770506369e-25
1998-03-22,2.1231653852531846e-25
1998-03-23,1.0615826926265923e-25
1998-03-24,5.307913463132963e-26
1998-03-25,2.6539567315664814e-26
1998-03-26,1.3269783657832407e-26
1998-03-27,6.634891828916203e-27
1998-03-28,3.3174466848300795e-27
1998-03-29,1.6587233424150397e-27
1998-03-30,8.293616712075199e-28
1998-03-31,4.146808356037599e-28
1998-04-01,2.0734041780187997e-28
1998-04-02,1.0367020890093998e-28
1998-04-03,5.183510445046999e-29
1998-04-04,2.5917552225234996e-29
1998-04-05,1.2958776112617498e-29
1998-04-06,6.479388056308749e-30
1998-04-07,3.2396940281543745e-30
1998-04-08,1.6198470140771872e-30
1998-04-09,8.099235070385936e-31
1998-04-10,4.049617535192968e-31
1998-04-11,2.024808767596484e-31
1998-04-12,1.012404383798242e-31
1998-04-13,5.06202191899121e-32
1998-04-14,2.531010959495605e-32
1998-04-15,1.2655054797478025e-32
1998-04-16,6.327527398739013e-33
1998-04-17,3.163763699369506e-33
1998-04-18,1.581881849684753e-33
1998-04-19,7.909409248423766e-34
1998-04-20,3.954704624211882e-34
1998-04-21,1.977352312105941e-34
1998-04-22,9.886761560529707e-35
1998-04-23,4.943380780264854e-35
1998-04-24,2.471690390132427e-35
1998-04-25,1.2358451950662134e-35
1998-04-26,6.179225975331067e-36
1998-04-27,3.0896129876655335e-36
1998-04-28,1.5448064938327668e-36
1998-04-29,7.724032469163834e-37
1998-04-30,3.862016234581917e-37
1998-05-01,1.9310081172909584e-37
1998-05-02,9.655040586454792e-38
1998-05-03,4.827520293227396e-38
1998-05-04,2.413760146613698e-38
1998-05-05,1.206880073306849e-38
1998-05-06,1.206880073306849e-38
1998-05-07,1.206880073306849e-38
1998-05-08,1.206880073306849e-38
1998-05-09,1.206880073306849e-38
1998-05-10,1.206880073306849e-38
1998-05-11,1.206880073306849e-38
1998-05-12,1.206880073306849e-38
1998-05-13,1.206880073306849e-38
1998-05-14,1.206880073306849e-38
1998-05-15,1.206880073306849e-38
1998-05-16,1.206880073306849e-38
1998-05-17,1.206880073306849e-38
1998-05-18,1.206880073306849e-38
1998-05-19,1.206880073306849e-38
1998-05-20,1.206880073306849e-38
1998-05-21,1.206880073306849e-38
1998-05-22,1.206880073306849e-38
1998-05-23,1.206880073306849e-38
1998-05-24,1.206880073306849e-38
1998-05-25,1.206880073306849e-38
1998-05-26,1.206880073306849e-38
1998-05-27,1.206880073306849e-38
1998-05-28,1.206880073306849e-38
1998-05-29,1.206880073306849e-38
1998-05-30,1.206880073306849e-38
1998-05-31,1.206880073306849e-38
1998-06-01,1.206880073306849e-38
1998-06-02,1.206880073306849e-38
1998-06-03,1.206880073306849e-38
1998-06-04,1.206880073306849e-38
1998-06-05,1.206880073306849e-38
1998-06-06,1.206880073306849e-38
1998-06-07,1.206880073306849e-38
1998-06-08,1.206880073306849e-38
1998-06-09,1.206880073306849e-38
1998-06-10,1.206880073306849e-38
1998-06-11,1.206880073306849e-38
1998-06-12,1.206880073306849e-38
1998-06-13,1.206880073306849e-38
1998-06-14,1.206880073306849e-38
1998-06-15,1.206880073306849e-38
1998-06-16,1.206880073306849e-38
1998-06-17,1.206880073306849e-38
1998-06-18,1.206880073306849e-38
1998-06-19,1.206880073306849e-38
1998-06-20,1.206880073306849e-38
1998-06-21,1.206880073306849e-38
1998-06-22,1.206880073306849e-38
1998-06-23,1.206880073306849e-38
1998-06-24,1.206880073306849e-38
1998-06-25,1.206880073306849e-38
1998-06-26,1.206880073306849e-38
1998-06-27,1.206880073306849e-38
1998-06-28,1.206880073306849e-38
1998-06-29,1.206880073306849e-38
1998-06-30,1.206880073306849e-38
1998-07-01,1.206880073306849e-38
1998-07-02,1.206880073306849e-38
1998-07-03,1.206880073306849e-38
1998-07-04,1.206880073306849e-38
1998-07-05,1.206880073306849e-38
1998-07-06,1.206880073306849e-38
1998-07-07,1.206880073306849e-38
1998-07-08,1.206880073306849e-38
1998-07-09,1.206880073306849e-38
1998-07-10,1.206880073306849e-38
1998-07-11,1.206880073306849e-38
1998-07-12,1.206880073306849e-38
1998-07-13,1.206880073306849e-38
1998-07-14,1.206880073306849e-38
1998-07-15,1.206880073306849e-38
1998-07-16,1.206880073306849e-38
1998-07-17,1.206880073306849e-38
1998-07-18,1.206880073306849e-38
1998-07-19,1.206880073306849e-38
1998-07-20,1.206880073306849e-38
1998-07-21,1.206880073306849e-38
1998-07-22,1.206880073306849e-38
1998-07-23,1.206880073306849e-38
1998-07-24,1.206880073306849e-38
1998-07-25,1.206880073306849e-38
1998-07-26,1.206880073306849e-38
1998-07-27,1.206880073306849e-38
1998-07-28,1.206880073306849e-38
1998-07-29,1.206880073306849e-38
1998-07-30,1.206880073306849e-38
1998-07-31,1.206880073306849e-38
1998-08-01,1.206880073306849e-38
1998-08-02,1.206880073306849e-38
1998-08-03,1.206880073306849e-38
1998-08-04,1.206880073306849e-38
1998-08-05,1.206880073306849e-38
1998-08-06,1.206880073306849e-38
1998-08-07,1.206880073306849e-38
1998-08-08,1.206880073306849e-38
1998-08-09,1.206880073306849e-38
1998-08-10,1.206880073306849e-38
1998-08-11,1.206880073306849e-38
1998-08-12,1.206880073306849e-38
1998-08-13,1.206880073306849e-38
1998-08-14,1.206880073306849e-38
1998-08-15,1.206880073306849e-38
1998-08-16,1.206880073306849e-38
1998-08-17,1.206880073306849e-38
1998-08-18,1.206880073306849e-38
1998-08-19,1.206880073306849e-38
1998-08-20,1.206880073306849e-38
1998-08-21,1.206880073306849e-38
1998-08-22,1.206880073306849e-38
1998-08-23,1.206880073306849e-38
1998-08-24,1.206880073306849e-38
1998-08-25,1.206880073306849e-38
1998-08-26,1.206880073306849e-38
1998-08-27,1.206880073306849e-38
1998-08-28,1.206880073306849e-38
1998-08-29,1.206880073306849e-38
1998-08-30,1.206880073306849e-38
1998-08-31,1.206880073306849e-38
1998-09-01,1.206880073306849e-38
1998-09-02,1.206880073306849e-38
1998-09-03,1.206880073306849e-38
1998-09-04,1.206880073306849e-38
1998-09-05,1.206880073306849e-38
1998-09-06,1.206880073306849e-38
1998-09-07,1.206880073306849e-38
1998-09-08,1.206880073306849e-38
1998-09-09,1.206880073306849e-38
1998-09-10,1.206880073306849e-38
1998-09-11,1.206880073306849e-38
1998-09-12,1.206880073306849e-38
1998-09-13,1.206880073306849e-38
1998-09-14,1.206880073306849e-38
1998-09-15,1.206880073306849e-38
1998-09-16,1.206880073306849e-38
1998-09-17,1.206880073306849e-38
1998-09-18,1.206880073306849e-38
1998-09-19,1.206880073306849e-38
1998-09-20,1.206880073306849e-38
1998-09-21,1.206880073306849e-38
1998-09-22,1.206880073306849e-38
1998-09-23,1.206880073306849e-38
1998-09-24,1.206880073306849e-38
1998-09-25,1.206880073306849e-38
1998-09-26,1.206880073306849e-38
1998-09-27,1.206880073306849e-38
1998-09-28,1.206880073306849e-38
1998-09-29,1.206880073306849e-38
1998-09-30,1.206880073306849e-38
1998-10-01,1.206880073306849e-38
1998-10-02,1.206880073306849e-38
1998-10-03,1.206880073306849e-38
1998-10-04,1.206880073306849e-38
1998-10-05,1.206880073306849e-38
1998-10-06,1.206880073306849e-38
1998-10-07,1.206880073306849e-38
1998-10-08,1.206880073306849e-38
1998-10-09,1.206880073306849e-38
1998-10-10,1.206880073306849e-38
1998-10-11,1.206880073306849e-38
1998-10-12,1.206880073306849e-38
1998-10-13,1.206880073306849e-38
1998-10-14,1.206880073306849e-38
1998-10-15,1.206880073306849e-38
1998-10-16,1.206880073306849e-38
1998-10-17,1.206880073306849e-38
1998-10-18,1.206880073306849e-38
1998-10-19,1.206880073306849e-38
1998-10-20,1.206880073306849e-38
1998-10-21,1.206880073306849e-38
1998-10-22,1.206880073306849e-38
1998-10-23,1.206880073306849e-38
1998-10-24,1.206880073306849e-38
1998-10-25,1.206880073306849e-38
1998-10-26,1.206880073306849e-38
1998-10-27,1.206880073306849e-38
1998-10-28,1.206880073306849e-38
1998-10-29,1.206880073306849e-38
1998-10-30,1.206880073306849e-38
1998-10-31,1.206880073306849e-38
1998-11-01,1.206880073306849e-38
1998-11-02,1.206880073306849e-38
1998-11-03,1.206880073306849e-38
1998-11-04,1.206880073306849e-38
1998-11-05,1.206880073306849e-38
1998-11-06,1.206880073306849e-38
1998-11-07,1.206880073306849e-38
1998-11-08,1.206880073306849e-38
1998-11-09,1.206880073306849e-38
1998-11-10,1.206880073306849e-38
1998-11-11,1.206880073306849e-38
1998-11-12,1.206880073306849e-38
1998-11-13,1.206880073306849e-38
1998-11-14,1.206880073306849e-38
1998-11-15,1.206880073306849e-38
1998-11-16,1.206880073306849e-38
1998-11-17,1.206880073306849e-38
1998-11-18,1.206880073306849e-38
1998-11-19,1.206880073306849e-38
1998-11-20,1.206880073306849e-38
1998-11-21,1.206880073306849e-38
1998-11-22,1.206880073306849e-38
1998-11-23,1.206880073306849e-38
1998-11-24,1.206880073306849e-38
1998-11-25,1.206880073306849e-38
1998-11-26,1.206880073306849e-38
1998-11-27,1.206880073306849e-38
1998-11-28,1.206880073306849e-38
1998-11-29,1.206880073306849e-38
1998-11-30,1.206880073306849e-38
1998-12-01,1.206880073306849e-38
1998-12-02,1.206880073306849e-38
1998-12-03,1.206880073306849e-38
1998-12-04,1.206880073306849e-38
1998-12-05,1.206880073306849e-38
1998-12-06,1.206880073306849e-38
1998-12-07,1.206880073306849e-38
1998-12-08,1.206880073306849e-38
1998-12-09,1.206880073306849e-38
1998-12-10,1.206880073306849e-38
1998-12-11,1.206880073306849e-38
1998-12-12,1.206880073306849e-38
1998-12-13,1.206880073306849e-38
1998-12-14,1.206880073306849e-38
1998-12-15,1.206880073306849e-38
1998-12-16,1.206880073306849e-38
1998-12-17,1.206880073306849e-38
1998-12-18,0.0031837446149438615
1998-12-19,0.0031837446149438615
1998-12-20,0.0031837446149438615
1998-12-21,0.0031837446149438615
1998-12-22,0.0031837446149438615
1998-12-23,0.0031837446149438615
1998-12-24,0.012243621051311493
1998-12-25,0.005747512448579074
1998-12-26,0.0027911942452192302
1998-12-27,0.0013761214213445783
1998-12-28,0.000683326506987214
1998-12-29,0.00034049589885398746
1998-12-30,0.00016995811893139035
1998-12-31,8.490683831041679e-05
1999-01-01,4.243539660819807e-05
1999-01-02,2.1213249056017958e-05
1999-01-03,1.0650194781192113e-05
1999-01-04,5.324813628249103e-06
1999-01-05,2.6623361009114883e-06
1999-01-06,1.3311503153090598e-06
1999-01-07,6.655707238678588e-07
1999-01-08,3.327842534872616e-07
1999-01-09,1.663918425265365e-07
1999-01-10,8.319585020899467e-08
1999-01-11,4.159791089364262e-08
1999-01-12,2.079895011775079e-08
1999-01-13,1.0399474170696975e-08
1999-01-14,5.199737085348487e-09
1999-01-15,2.5998685426742436e-09
1999-01-16,1.2999342713371218e-09
1999-01-17,6.499671356685609e-10
1999-01-18,3.2498356783428046e-10
1999-01-19,1.6249178391714023e-10
1999-01-20,8.124589195857011e-11
1999-01-21,4.062294597928506e-11
1999-01-22,2.031147298964253e-11
1999-01-23,1.015573909690648e-11
1999-01-24,5.077920289114912e-12
1999-01-25,2.554114038322286e-12
1999-01-26,1.2770618980709194e-12
1999-01-27,6.385322500780667e-13
1999-01-28,3.1926612503903334e-13
1999-01-29,1.5963306251951667e-13
1999-01-30,7.981653125975832e-14
1999-01-31,3.9908316451855996e-14
1999-02-01,1.9954158225927998e-14
1999-02-02,9.977079112963999e-15
1999-02-03,4.9885395564819995e-15
1999-02-04,2.4942697782409998e-15
1999-02-05,1.2471348891204997e-15
1999-02-06,6.235674445602498e-16
1999-02-07,3.117837222801249e-16
1999-02-08,1.559955035620929e-16
1999-02-09,0.002394130220636725
1999-02-10,0.003638311987742781
1999-02-11,0.0017860694788396358
1999-02-12,0.0008850598824210465
1999-02-13,0.00044057163177058095
1999-02-14,0.0002198005822720006
1999-02-15,0.00010977951023960486
1999-02-16,5.48596290173009e-05
1999-02-17,2.742229116847738e-05
1999-02-18,1.3709265658690127e-05
1999-02-19,6.854163075331599e-06
1999-02-20,3.42696421284927e-06
1999-02-21,1.7134526615336654e-06
1999-02-22,8.567189979657998e-07
1999-02-23,4.283576515717869e-07
1999-02-24,2.1417837103854254e-07
1999-02-25,1.0708907183243353e-07
1999-02-26,5.354451104722102e-08
1999-02-27,2.6772248418183157e-08
1999-02-28,1.3386122432734736e-08
1999-03-01,6.693060328188948e-09
1999-03-02,3.346530164094474e-09
1999-03-03,1.673265082047237e-09
1999-03-04,8.366327630682234e-10
1999-03-05,4.183175750238632e-10
1999-03-06,2.0915913445662682e-10
1999-03-07,1.0457969212840368e-10
1999-03-08,5.228984606420184e-11
1999-03-09,2.614492650154787e-11
1999-03-10,1.3072463250773936e-11
1999-03-11,6.536231625386968e-12
1999-03-12,3.268115812693484e-12
1999-03-13,1.634057906346742e-12
1999-03-14,8.170289531733709e-13
1999-03-15,4.085144765866855e-13
1999-03-16,2.0425723829334275e-13
1999-03-17,1.0212861914667136e-13
1999-03-18,5.106430957333568e-14
1999-03-19,2.553215478666784e-14
1999-03-20,1.2766077393333919e-14
1999-03-21,6.38303869666696e-15
1999-03-22,3.19151934833348e-15
1999-03-23,1.59575967416674e-15
1999-03-24,7.9787983708337e-16
1999-03-25,3.98939918541685e-16
1999-03-26,1.9946995927084248e-16
1999-03-27,9.973497963542125e-17
1999-03-28,4.9867489817710625e-17
1999-03-29,2.4933744908855313e-17
1999-03-30,1.2466872454427656e-17
1999-03-31,6.233436227213828e-18
1999-04-01,3.116718113606914e-18
1999-04-02,1.558359056803457e-18
1999-04-03,7.791795284017285e-19
1999-04-04,3.8958976420086426e-19
1999-04-05,1.947948821004321e-19
1999-04-06,9.739744105021607e-20
1999-04-07,4.869872052510803e-20
1999-04-08,2.4349360262554013e-20
1999-04-09,1.2174680131277007e-20
1999-04-10,6.087340065638504e-21
1999-04-11,3.043670032819252e-21
1999-04-12,1.521835016409626e-21
1999-04-13,7.60917508204813e-22
1999-04-14,3.804587541024065e-22
1999-04-15,1.9022937705120325e-22
1999-04-16,9.511468852560163e-23
1999-04-17,4.7557344262800813e-23
1999-04-18,2.3778672131400407e-23
1999-04-19,1.1889336065700203e-23
1999-04-20,5.9446680328501016e-24
1999-04-21,2.9723340164250508e-24
1999-04-22,1.4861670082125254e-24
1999-04-23,7.430835041062629e-25
1999-04-24,3.7154175205313135e-25
1999-04-25,1.8577087602656568e-25
1999-04-26,9.288543801328288e-26
1999-04-27,4.644271900664142e-26
1999-04-28,2.322135950332071e-26
1999-04-29,1.1610679751660355e-26
1999-04-30,5.8053398758301774e-27
1999-05-01,2.9026699379150887e-27
1999-05-02,1.4513349689575443e-27
1999-05-03,7.256674844787722e-28
1999-05-04,3.628337422393861e-28
1999-05-05,1.8141687111969304e-28
1999-05-06,9.070843555984652e-29
1999-05-07,4.535421777992327e-29
1999-05-08,2.2677108889961636e-29
1999-05-09,1.1338554444980815e-29
1999-05-10,5.6692772224904076e-30
1999-05-11,2.8346386112452038e-30
1999-05-12,1.4173193056226019e-30
1999-05-13,7.0865965281130095e-31
1999-05-14,3.5432982640565047e-31
1999-05-15,1.7716491320282524e-31
1999-05-16,8.858245660141262e-32
1999-05-17,4.429122830070631e-32
1999-05-18,2.2145614150353155e-32
1999-05-19,1.1072807075176577e-32
1999-05-20,5.536403537588289e-33
1999-05-21,2.7682017687941443e-33
1999-05-22,1.3841008843970722e-33
1999-05-23,6.9205044219853625e-34
1999-05-24,3.4602522109926813e-34
1999-05-25,1.7301261054963406e-34
1999-05-26,8.650630527481703e-35
1999-05-27,4.3253152637408516e-35
1999-05-28,2.1626576318704253e-35
1999-05-29,1.0813288159352129e-35
1999-05-30,5.4066440796760645e-36
1999-05-31,2.7033220398380322e-36
1999-06-01,1.3516610199190161e-36
1999-06-02,6.758305099595081e-37
1999-06-03,3.3791525497975403e-37
1999-06-04,1.6895762748987702e-37
1999-06-05,8.447881374493849e-38
1999-06-06,4.2239406872469243e-38
1999-06-07,2.1119703436234622e-38
1999-06-08,2.1119703436234622e-38
1999-06-09,2.1119703436234622e-38
1999-06-10,2.1119703436234622e-38
1999-06-11,2.1119703436234622e-38
1999-06-12,2.1119703436234622e-38
1999-06-13,2.1119703436234622e-38
1999-06-14,2.1119703436234622e-38
1999-06-15,2.1119703436234622e-38
1999-06-16,2.1119703436234622e-38
1999-06-17,2.1119703436234622e-38
1999-06-18,2.1119703436234622e-38
1999-06-19,2.1119703436234622e-38
1999-06-20,2.1119703436234622e-38
1999-06-21,2.1119703436234622e-38
1999-06-22,2.1119703436234622e-38
1999-06-23,2.1119703436234622e-38
1999-06-24,2.1119703436234622e-38
1999-06-25,2.1119703436234622e-38
1999-06-26,2.1119703436234622e-38
1999-06-27,2.1119703436234622e-38
1999-06-28,2.1119703436234622e-38
1999-06-29,2.1119703436234622e-38
1999-06-30,2.1119703436234622e-38
1999-07-01,2.1119703436234622e-38
1999-07-02,2.1119703436234622e-38
1999-07-03,2.1119703436234622e-38
1999-07-04,2.1119703436234622e-38
1999-07-05,2.1119703436234622e-38
1999-07-06,2.1119703436234622e-38
1999-07-07,2.1119703436234622e-38
1999-07-08,2.1119703436234622e-38
1999-07-09,2.1119703436234622e-38
1999-07-10,2.1119703436234622e-38
1999-07-11,2.1119703436234622e-38
1999-07-12,2.1119703436234622e-38
1999-07-13,2.1119703436234622e-38
1999-07-14,2.1119703436234622e-38
1999-07-15,2.1119703436234622e-38
1999-07-16,2.1119703436234622e-38
1999-07-17,2.1119703436234622e-38
1999-07-18,2.1119703436234622e-38
1999-07-19,2.1119703436234622e-38
1999-07-20,2.1119703436234622e-38
1999-07-21,2.1119703436234622e-38
1999-07-22,2.1119703436234622e-38
1999-07-23,2.1119703436234622e-38
1999-07-24,2.1119703436234622e-38
1999-07-25,2.1119703436234622e-38
1999-07-26,2.1119703436234622e-38
1999-07-27,2.1119703436234622e-38
1999-07-28,2.1119703436234622e-38
1999-07-29,2.1119703436234622e-38
1999-07-30,2.1119703436234622e-38
1999-07-31,2.1119703436234622e-38
1999-08-01,2.1119703436234622e-38
1999-08-02,2.1119703436234622e-38
1999-08-03,2.1119703436234622e-38
1999-08-04,2.1119703436234622e-38
1999-08-05,2.1119703436234622e-38
1999-08-06,2.1119703436234622e-38
1999-08-07,2.1119703436234622e-38
1999-08-08,2.1119703436234622e-38
1999-08-09,2.1119703436234622e-38
1999-08-10,2.1119703436234622e-38
1999-08-11,2.1119703436234622e-38
1999-08-12,2.1119703436234622e-38
1999-08-13,2.1119703436234622e-38
1999-08-14,2.1119703436234622e-38
1999-08-15,2.1119703436234622e-38
1999-08-16,2.1119703436234622e-38
1999-08-17,2.1119703436234622e-38
1999-08-18,2.1119703436234622e-38
1999-08-19,2.1119703436234622e-38
1999-08-20,2.1119703436234622e-38
1999-08-21,2.1119703436234622e-38
1999-08-22,2.1119703436234622e-38
1999-08-23,2.1119703436234622e-38
1999-08-24,2.1119703436234622e-38
1999-08-25,2.1119703436234622e-38
1999-08-26,2.1119703436234622e-38
1999-08-27,2.1119703436234622e-38
1999-08-28,2.1119703436234622e-38
1999-08-29,2.1119703436234622e-38
1999-08-30,2.1119703436234622e-38
1999-08-31,2.1119703436234622e-38
1999-09-01,2.1119703436234622e-38
1999-09-02,2.1119703436234622e-38
1999-09-03,2.1119703436234622e-38
1999-09-04,2.1119703436234622e-38
1999-09-05,2.1119703436234622e-38
1999-09-06,2.1119703436234622e-38
1999-09-07,2.1119703436234622e-38
1999-09-08,2.1119703436234622e-38
1999-09-09,2.1119703436234622e-38
1999-09-10,2.1119703436234622e-38
1999-09-11,2.1119703436234622e-38
1999-09-12,2.1119703436234622e-38
1999-09-13,2.1119703436234622e-38
1999-09-14,2.1119703436234622e-38
1999-09-15,2.1119703436234622e-38
1999-09-16,2.1119703436234622e-38
1999-09-17,2.1119703436234622e-38
1999-09-18,2.1119703436234622e-38
1999-09-19,2.1119703436234622e-38
1999-09-20,2.1119703436234622e-38
1999-09-21,2.1119703436234622e-38
1999-09-22,2.1119703436234622e-38
1999-09-23,2.1119703436234622e-38
1999-09-24,2.1119703436234622e-38
1999-09-25,2.1119703436234622e-38
1999-09-26,2.1119703436234622e-38
1999-09-27,2.1119703436234622e-38
1999-09-28,2.1119703436234622e-38
1999-09-29,2.1119703436234622e-38
1999-09-30,2.1119703436234622e-38
1999-10-01,2.1119703436234622e-38
1999-10-02,2.1119703436234622e-38
1999-10-03,2.1119703436234622e-38
1999-10-04,2.1119703436234622e-38
1999-10-05,2.1119703436234622e-38
1999-10-06,2.1119703436234622e-38
1999-10-07,2.1119703436234622e-38
1999-10-08,2.1119703436234622e-38
1999-10-09,2.1119703436234622e-38
1999-10-10,2.1119703436234622e-38
1999-10-11,2.1119703436234622e-38
1999-10-12,2.1119703436234622e-38
1999-10-13,2.1119703436234622e-38
1999-10-14,2.1119703436234622e-38
1999-10-15,2.1119703436234622e-38
1999-10-16,2.1119703436234622e-38
1999-10-17,2.1119703436234622e-38
1999-10-18,2.1119703436234622e-38
1999-10-19,2.1119703436234622e-38
1999-10-20,2.1119703436234622e-38
1999-10-21,2.1119703436234622e-38
1999-10-22,2.1119703436234622e-38
1999-10-23,2.1119703436234622e-38
1999-10-24,2.1119703436234622e-38
1999-10-25,2.1119703436234622e-38
1999-10-26,2.1119703436234622e-38
1999-10-27,2.1119703436234622e-38
1999-10-28,2.1119703436234622e-38
1999-10-29,2.1119703436234622e-38
1999-10-30,2.1119703436234622e-38
1999-10-31,2.1119703436234622e-38
1999-11-01,2.1119703436234622e-38
1999-11-02,2.1119703436234622e-38
1999-11-03,2.1119703436234622e-38
1999-11-04,2.1119703436234622e-38
1999-11-05,2.1119703436234622e-38
1999-11-06,2.1119703436234622e-38
1999-11-07,2.1119703436234622e-38
1999-11-08,2.1119703436234622e-38
1999-11-09,2.1119703436234622e-38
1999-11-10,2.1119703436234622e-38
1999-11-11,2.1119703436234622e-38
1999-11-12,2.1119703436234622e-38
1999-11-13,2.1119703436234622e-38
1999-11-14,2.1119703436234622e-38
1999-11-15,2.1119703436234622e-38
1999-11-16,2.1119703436234622e-38
1999-11-17,2.1119703436234622e-38
1999-11-18,2.1119703436234622e-38
1999-11-19,2.1119703436234622e-38
1999-11-20,2.1119703436234622e-38
1999-11-21,2.1119703436234622e-38
1999-11-22,2.1119703436234622e-38
1999-11-23,2.1119703436234622e-38
1999-11-24,2.1119703436234622e-38
1999-11-25,2.1119703436234622e-38
1999-11-26,2.1119703436234622e-38
1999-11-27,2.1119703436234622e-38
1999-11-28,2.1119703436234622e-38
1999-11-29,2.1119703436234622e-38
1999-11-30,2.1119703436234622e-38
1999-12-01,2.1119703436234622e-38
1999-12-02,2.1119703436234622e-38
1999-12-03,2.1119703436234622e-38
1999-12-04,2.1119703436234622e-38
1999-12-05,2.1119703436234622e-38
1999-12-06,2.1119703436234622e-38
1999-12-07,2.1119703436234622e-38
1999-12-08,2.1119703436234622e-38
1999-12-09,2.1119703436234622e-38
1999-12-10,2.1119703436234622e-38
1999-12-11,2.1119703436234622e-38
1999-12-12,2.1119703436234622e-38
1999-12-13,2.1119703436234622e-38
1999-12-14,2.1119703436234622e-38
1999-12-15,2.1119703436234622e-38
1999-12-16,2.1119703436234622e-38
1999-12-17,2.1119703436234622e-38
1999-12-18,2.1119703436234622e-38
1999-12-19,2.1119703436234622e-38
1999-12-20,2.1119703436234622e-38
1999-12-21,2.1119703436234622e-38
1999-12-22,2.1119703436234622e-38
1999-12-23,2.1119703436234622e-38
1999-12-24,2.1119703436234622e-38
1999-12-25,2.1119703436234622e-38
1999-12-26,2.1119703436234622e-38
1999-12-27,2.1119703436234622e-38
1999-12-28,2.1119703436234622e-38
1999-12-29,2.1119703436234622e-38
1999-12-30,2.1119703436234622e-38
1999-12-31,2.1119703436234622e-38
2000-01-01,2.1119703436234622e-38
2000-01-02,2.1119703436234622e-38
2000-01-03,2.1119703436234622e-38
2000-01-04,2.1119703436234622e-38
2000-01-05,2.1119703436234622e-38
2000-01-06,2.1119703436234622e-38
2000-01-07,2.1119703436234622e-38
2000-01-08,2.1119703436234622e-38
2000-01-09,2.1119703436234622e-38
2000-01-10,2.1119703436234622e-38
2000-01-11,5.222532126936129e-05
2000-01-12,0.00031226483406499023
2000-01-13,0.00015623330546077338
2000-01-14,7.806612848071379e-05
2000-01-15,5.362055162549951e-05
2000-01-16,2.680308716662694e-05
2000-01-17,1.3399748240772167e-05
2000-01-18,6.699943696730769e-06
2000-01-19,5.039300594944506e-05
2000-01-20,2.5190152882714763e-05
2000-01-21,1.2593489373102784e-05
2000-01-22,6.29634814686142e-06
2000-01-23,3.1480808502237774e-06
2000-01-24,0.00034132506698369974
2000-01-25,0.00017037127690855414
2000-01-26,8.51130680530332e-05
2000-01-27,4.2547850171104074e-05
2000-01-28,2.19800895138178e-05
2000-01-29,1.0988836947944945e-05
2000-01-30,5.494116521731485e-06
2000-01-31,2.74698300017917e-06
2000-02-01,1.3734726280745237e-06
2000-02-02,6.867315391900776e-07
2000-02-03,3.433645758832426e-07
2000-02-04,1.71682003724527e-07
2000-02-05,8.584093080798996e-08
2000-02-06,4.2920444087712895e-08
2000-02-07,2.1460216714785926e-08
2000-02-08,1.0730107469214543e-08
2000-02-09,5.365053734607272e-09
2000-02-10,2.682529975928105e-09
2000-02-11,1.3412649879640526e-09
2000-02-12,6.706324939820264e-10
2000-02-13,3.353312350018457e-10
2000-02-14,1.6766561750092284e-10
2000-02-15,8.38328087504614e-11
2000-02-16,4.19164043752307e-11
2000-02-17,2.095820218761535e-11
2000-02-18,1.0479101093807675e-11
2000-02-19,5.239550546903837e-12
2000-02-20,2.6197752734519186e-12
2000-02-21,1.3098876367259593e-12
2000-02-22,6.549438183629798e-13
2000-02-23,3.274719091814899e-13
2000-02-24,1.6373595459074494e-13
2000-02-25,8.186811282064402e-14
2000-02-26,4.093405641032201e-14
2000-02-27,2.0467028205161004e-14
2000-02-28,1.0233514102580502e-14
2000-02-29,5.116757051290251e-15
2000-03-01,2.558378525645125e-15
2000-03-02,1.2791892628225628e-15
2000-03-03,6.395946314112814e-16
2000-03-04,3.197973157056407e-16
2000-03-05,1.5989865785282035e-16
2000-03-06,7.994932892641017e-17
2000-03-07,3.9974664463205087e-17
2000-03-08,1.9987332231602543e-17
2000-03-09,9.993666115801272e-18
2000-03-10,4.996833057900636e-18
2000-03-11,2.4984165289503175e-18
2000-03-12,1.2492082644751588e-18
2000-03-13,6.246041322375794e-19
2000-03-14,3.123020661187897e-19
2000-03-15,1.5615103305939487e-19
2000-03-16,7.807551652969742e-20
2000-03-17,3.903775826484872e-20
2000-03-18,1.951887913242436e-20
2000-03-19,9.75943956621218e-21
2000-03-20,4.87971978310609e-21
2000-03-21,2.439859891553045e-21
2000-03-22,1.2199299457765224e-21
2000-03-23,6.099649728882611e-22
2000-03-24,3.0498248644413056e-22
2000-03-25,1.5249124322206528e-22
2000-03-26,7.624562161103264e-23
2000-03-27,3.812281080551632e-23
2000-03-28,1.906140540275816e-23
2000-03-29,9.53070270137908e-24
2000-03-30,4.76535135068954e-24
2000-03-31,2.38267567534477e-24
2000-04-01,1.191337837672385e-24
2000-04-02,5.956689188361925e-25
2000-04-03,2.9783445941809625e-25
2000-04-04,1.4891722970904812e-25
2000-04-05,7.445861485452406e-26
2000-04-06,3.722930742726204e-26
2000-04-07,1.8614653713631016e-26
2000-04-08,9.307326856815508e-27
2000-04-09,4.653663428407754e-27
2000-04-10,2.326831714203877e-27
2000-04-11,1.1634158571019385e-27
2000-04-12,5.817079285509692e-28
2000-04-13,2.908539642754846e-28
2000-04-14,1.454269821377423e-28
2000-04-15,7.271349106887115e-29
2000-04-16,3.635674553443558e-29
2000-04-17,1.817837276721779e-29
2000-04-18,9.089186383608894e-30
2000-04-19,4.544593191804447e-30
2000-04-20,2.2722965959022236e-30
2000-04-21,1.1361482979511118e-30
2000-04-22,5.680741489755559e-31
2000-04-23,2.8403707448777795e-31
2000-04-24,1.4201853724388897e-31
2000-04-25,7.10092686219445e-32
2000-04-26,3.550463431097225e-32
2000-04-27,1.7752317155486124e-32
2000-04-28,8.876158577743062e-33
2000-04-29,4.438079288871531e-33
2000-04-30,2.219039644435765e-33
2000-05-01,1.1095198222178828e-33
2000-05-02,5.547599111089414e-34
2000-05-03,2.773799555544707e-34
2000-05-04,1.3868997777723535e-34
2000-05-05,6.934498888861767e-35
2000-05-06,3.4672494444308837e-35
2000-05-07,1.7336247222154418e-35
2000-05-08,8.668123611077209e-36
2000-05-09,4.3340618055386046e-36
2000-05-10,2.1670309027693023e-36
2000-05-11,1.0835154513846512e-36
2000-05-12,5.417577256923257e-37
2000-05-13,2.7087886284616283e-37
2000-05-14,1.3543943142308141e-37
2000-05-15,6.771971571154069e-38
2000-05-16,3.3859857855770343e-38
2000-05-17,1.6929928927885172e-38
2000-05-18,1.6929928927885172e-38
2000-05-19,1.6929928927885172e-38
2000-05-20,1.6929928927885172e-38
2000-05-21,1.6929928927885172e-38
2000-05-22,1.6929928927885172e-38
2000-05-23,1.6929928927885172e-38
2000-05-24,1.6929928927885172e-38
2000-05-25,1.6929928927885172e-38
2000-05-26,1.6929928927885172e-38
2000-05-27,1.6929928927885172e-38
2000-05-28,1.6929928927885172e-38
2000-05-29,1.6929928927885172e-38
2000-05-30,1.6929928927885172e-38
2000-05-31,1.6929928927885172e-38
2000-06-01,1.6929928927885172e-38
2000-06-02,1.6929928927885172e-38
2000-06-03,1.6929928927885172e-38
2000-06-04,1.6929928927885172e-38
2000-06-05,1.6929928927885172e-38
2000-06-06,1.6929928927885172e-38
2000-06-07,1.6929928927885172e-38
2000-06-08,1.6929928927885172e-38
2000-06-09,1.6929928927885172e-38
2000-06-10,1.6929928927885172e-38
2000-06-11,1.6929928927885172e-38
2000-06-12,1.6929928927885172e-38
2000-06-13,1.6929928927885172e-38
2000-06-14,1.6929928927885172e-38
2000-06-15,1.6929928927885172e-38
2000-06-16,1.6929928927885172e-38
2000-06-17,1.6929928927885172e-38
2000-06-18,1.6929928927885172e-38
2000-06-19,1.6929928927885172e-38
2000-06-20,1.6929928927885172e-38
2000-06-21,1.6929928927885172e-38
2000-06-22,1.6929928927885172e-38
2000-06-23,1.6929928927885172e-38
2000-06-24,1.6929928927885172e-38
2000-06-25,1.6929928927885172e-38
2000-06-26,1.6929928927885172e-38
2000-06-27,1.6929928927885172e-38
2000-06-28,1.6929928927885172e-38
2000-06-29,1.6929928927885172e-38
2000-06-30,1.6929928927885172e-38
2000-07-01,1.6929928927885172e-38
2000-07-02,1.6929928927885172e-38
2000-07-03,1.6929928927885172e-38
2000-07-04,1.6929928927885172e-38
2000-07-05,1.6929928927885172e-38
2000-07-06,1.6929928927885172e-38
2000-07-07,1.6929928927885172e-38
2000-07-08,1.6929928927885172e-38
2000-07-09,1.6929928927885172e-38
2000-07-10,1.6929928927885172e-38
2000-07-11,1.6929928927885172e-38
2000-07-12,1.6929928927885172e-38
2000-07-13,1.6929928927885172e-38
2000-07-14,1.6929928927885172e-38
2000-07-15,1.6929928927885172e-38
2000-07-16,1.6929928927885172e-38
2000-07-17,1.6929928927885172e-38
2000-07-18,1.6929928927885172e-38
2000-07-19,1.6929928927885172e-38
2000-07-20,1.6929928927885172e-38
2000-07-21,1.6929928927885172e-38
2000-07-22,1.6929928927885172e-38
2000-07-23,1.6929928927885172e-38
2000-07-24,1.6929928927885172e-38
2000-07-25,1.6929928927885172e-38
2000-07-26,1.6929928927885172e-38
2000-07-27,1.6929928927885172e-38
2000-07-28,1.6929928927885172e-38
2000-07-29,1.6929928927885172e-38
2000-07-30,1.6929928927885172e-38
2000-07-31,1.6929928927885172e-38
2000-08-01,1.6929928927885172e-38
2000-08-02,1.6929928927885172e-38
2000-08-03,1.6929928927885172e-38
2000-08-04,1.6929928927885172e-38
2000-08-05,1.6929928927885172e-38
2000-08-06,1.6929928927885172e-38
2000-08-07,1.6929928927885172e-38
2000-08-08,1.6929928927885172e-38
2000-08-09,1.6929928927885172e-38
2000-08-10,1.6929928927885172e-38
2000-08-11,1.6929928927885172e-38
2000-08-12,1.6929928927885172e-38
2000-08-13,1.6929928927885172e-38
2000-08-14,1.6929928927885172e-38
2000-08-15,1.6929928927885172e-38
2000-08-16,1.6929928927885172e-38
2000-08-17,1.6929928927885172e-38
2000-08-18,1.6929928927885172e-38
2000-08-19,1.6929928927885172e-38
2000-08-20,1.6929928927885172e-38
2000-08-21,1.6929928927885172e-38
2000-08-22,1.6929928927885172e-38
2000-08-23,1.6929928927885172e-38
2000-08-24,1.6929928927885172e-38
2000-08-25,1.6929928927885172e-38
2000-08-26,1.6929928927885172e-38
2000-08-27,1.6929928927885172e-38
2000-08-28,1.6929928927885172e-38
2000-08-29,1.6929928927885172e-38
2000-08-30,1.6929928927885172e-38
2000-08-31,1.6929928927885172e-38
2000-09-01,1.6929928927885172e-38
2000-09-02,1.6929928927885172e-38
2000-09-03,1.6929928927885172e-38
2000-09-04,1.6929928927885172e-38
2000-09-05,1.6929928927885172e-38
2000-09-06,1.6929928927885172e-38
2000-09-07,1.6929928927885172e-38
2000-09-08,1.6929928927885172e-38
2000-09-09,1.6929928927885172e-38
2000-09-10,1.6929928927885172e-38
2000-09-11,1.6929928927885172e-38
2000-09-12,1.6929928927885172e-38
2000-09-13,1.6929928927885172e-38
2000-09-14,1.6929928927885172e-38
2000-09-15,1.6929928927885172e-38
2000-09-16,1.6929928927885172e-38
2000-09-17,1.6929928927885172e-38
2000-09-18,1.6929928927885172e-38
2000-09-19,1.6929928927885172e-38
2000-09-20,1.6929928927885172e-38
2000-09-21,1.6929928927885172e-38
2000-09-22,1.6929928927885172e-38
2000-09-23,1.6929928927885172e-38
2000-09-24,1.6929928927885172e-38
2000-09-25,1.6929928927885172e-38
2000-09-26,1.6929928927885172e-38
2000-09-27,1.6929928927885172e-38
2000-09-28,1.6929928927885172e-38
2000-09-29,1.6929928927885172e-38
2000-09-30,1.6929928927885172e-38
2000-10-01,1.6929928927885172e-38
2000-10-02,1.6929928927885172e-38
2000-10-03,1.6929928927885172e-38
2000-10-04,1.6929928927885172e-38
2000-10-05,1.6929928927885172e-38
2000-10-06,1.6929928927885172e-38
2000-10-07,1.6929928927885172e-38
2000-10-08,1.6929928927885172e-38
2000-10-09,1.6929928927885172e-38
2000-10-10,1.6929928927885172e-38
2000-10-11,1.6929928927885172e-38
2000-10-12,1.6929928927885172e-38
2000-10-13,1.6929928927885172e-38
2000-10-14,1.6929928927885172e-38
2000-10-15,1.6929928927885172e-38
2000-10-16,1.6929928927885172e-38
2000-10-17,1.6929928927885172e-38
2000-10-18,1.6929928927885172e-38
2000-10-19,1.6929928927885172e-38
2000-10-20,1.6929928927885172e-38
2000-10-21,1.6929928927885172e-38
2000-10-22,1.6929928927885172e-38
2000-10-23,1.6929928927885172e-38
2000-10-24,1.6929928927885172e-38
2000-10-25,1.6929928927885172e-38
2000-10-26,1.6929928927885172e-38
2000-10-27,1.6929928927885172e-38
2000-10-28,1.6929928927885172e-38
2000-10-29,1.6929928927885172e-38
2000-10-30,1.6929928927885172e-38
2000-10-31,1.6929928927885172e-38
2000-11-01,1.6929928927885172e-38
2000-11-02,1.6929928927885172e-38
2000-11-03,1.6929928927885172e-38
2000-11-04,1.6929928927885172e-38
2000-11-05,1.6929928927885172e-38
2000-11-06,1.6929928927885172e-38
2000-11-07,1.6929928927885172e-38
2000-11-08,1.6929928927885172e-38
2000-11-09,1.6929928927885172e-38
2000-11-10,1.6929928927885172e-38
2000-11-11,0.0028191723395138975
2000-11-12,0.0018282382516190405
2000-11-13,0.0009057739516720178
2000-11-14,0.0004510600119829178
2000-11-15,0.0002919842372648417
2000-11-16,0.00014611771621275693
2000-11-17,0.006615272257477044
2000-11-18,0.01234166417270899
2000-11-19,0.029055785387754437
2000-11-20,0.012432020157575607
2000-11-21,0.005830119363963605
2000-11-22,0.0028319128323346376
2000-11-23,0.0013959084171801805
2000-11-24,0.0006930828676559031
2000-11-25,0.0003453405224718153
2000-11-26,0.00017237210704479367
2000-11-27,8.611177327111363e-05
2000-11-28,4.303994501242414e-05
2000-11-29,2.151534135919064e-05
2000-11-30,1.0756513802334665e-05
2000-12-01,5.377967681852169e-06
2000-12-02,2.6889113087236187e-06
2000-12-03,1.3444375781546114e-06
2000-12-04,6.722142984472157e-07
2000-12-05,3.361060407769401e-07
2000-12-06,1.680527361713757e-07
2000-12-07,8.402633966397843e-08
2000-12-08,4.201512027179888e-08
2000-12-09,2.1007554806828924e-08
2000-12-10,1.0507610781473886e-08
2000-12-11,0.0011297557502985
2000-12-12,0.0011297557502985
2000-12-13,0.0014151654904708266
2000-12-14,0.0007044934900477529
2000-12-15,0.0003510059905238449
2000-12-16,0.00017519498942419887
2000-12-17,8.752076246310025e-05
2000-12-18,4.374125273898244e-05
2000-12-19,2.186584242735989e-05
2000-12-20,1.0931726137641817e-05
2000-12-21,5.465563845064025e-06
2000-12-22,2.7327073439664677e-06
2000-12-23,1.3663349136550094e-06
2000-12-24,6.831627956671583e-07
2000-12-25,3.4158020412178303e-07
2000-12-26,1.7078981784379718e-07
2000-12-27,8.539483786762502e-08
2000-12-28,4.269739761753044e-08
2000-12-29,2.1348693479694703e-08
2000-12-30,1.067434585166893e-08
2000-12-31,5.337172925834465e-09
2001-01-01,2.6685864629172325e-09
2001-01-02,1.3342932314586162e-09
2001-01-03,6.671466157293081e-10
2001-01-04,3.3357330786465406e-10
2001-01-05,1.6678665393232703e-10
2001-01-06,8.339332696616351e-11
2001-01-07,4.169666348308176e-11
2001-01-08,2.084833174154088e-11
2001-01-09,1.0424165870770441e-11
2001-01-10,5.2120829353852205e-12
2001-01-11,2.6060414676926102e-12
2001-01-12,1.3030207338463051e-12
2001-01-13,6.515103669231525e-13
2001-01-14,3.2575518346157623e-13
2001-01-15,1.6299727409810338e-13
2001-01-16,0.00024887296603992576
2001-01-17,0.015508487820625307
2001-01-18,0.007154163904488088
2001-01-19,0.0034491815604269505
2001-01-20,0.00169485155493021
2001-01-21,0.0008402445819228886
2001-01-22,0.00041835728916339576
2001-01-23,0.00020874109759461132
2001-01-24,0.00010426162043586369
2001-01-25,5.210363451624288e-05
2001-01-26,2.6045030608656816e-05
2001-01-27,1.3020826372667216e-05
2001-01-28,6.517872861877549e-06
2001-01-29,3.258830474806018e-06
2001-01-30,1.629388634682982e-06
2001-01-31,8.146877235049032e-07
2001-02-01,4.0734221329330467e-07
2001-02-02,2.036706945318656e-07
2001-02-03,1.0183524068452243e-07
2001-02-04,5.091759547326546e-08
2001-02-05,2.5458792407562207e-08
2001-02-06,1.8886543884377716e-08
2001-02-07,5.706603474209261e-07
2001-02-08,0.005762151908129453
2001-02-09,0.0027984029147773985
2001-02-10,0.032465822994709015
2001-02-11,0.013620741665363312
2001-02-12,0.006347568705677985
2001-02-13,0.0030731582082808013
2001-02-14,0.001512970309704542
2001-02-15,0.0007507625850848851
2001-02-16,0.0003739722014870495
2001-02-17,0.00018663644732441756
2001-02-18,9.323114500148222e-05
2001-02-19,4.659384285332635e-05
2001-02-20,2.3291495381272405e-05
2001-02-21,1.1644391634035856e-05
2001-02-22,5.8218570302415165e-06
2001-02-23,2.9108439321134942e-06
2001-02-24,1.4554008203049305e-06
2001-02-25,7.276951237145114e-07
2001-02-26,3.638462260369124e-07
2001-02-27,1.8192278616879773e-07
2001-02-28,9.096130781927057e-08
2001-03-01,4.548063259335322e-08
2001-03-02,2.274031096760609e-08
2001-03-03,1.1370241637109759e-08
2001-03-04,5.685120818554879e-09
2001-03-05,2.8425604092774397e-09
2001-03-06,1.4212802046387198e-09
2001-03-07,7.106401023193599e-10
2001-03-08,3.5532005115967996e-10
2001-03-09,1.7766002557983998e-10
2001-03-10,8.883001278991998e-11
2001-03-11,4.4415006394959995e-11
2001-03-12,2.2207503197479997e-11
2001-03-13,1.1103751598739997e-11
2001-03-14,5.551875799369999e-12
2001-03-15,2.7759378996849993e-12
2001-03-16,1.3879689498424996e-12
2001-03-17,6.939844749212498e-13
2001-03-18,3.469922374606249e-13
2001-03-19,1.7349611873031245e-13
2001-03-20,8.674805936515623e-14
2001-03-21,4.3374029682578114e-14
2001-03-22,2.1687014841289057e-14
2001-03-23,1.0843507420644528e-14
2001-03-24,5.421753710322264e-15
2001-03-25,2.710876855161132e-15
2001-03-26,1.355438427580566e-15
2001-03-27,6.777192137902829e-16
2001-03-28,3.3885960689514146e-16
2001-03-29,1.6942980344757073e-16
2001-03-30,8.471490172378537e-17
2001-03-31,4.235745086189268e-17
2001-04-01,2.117872543094634e-17
2001-04-02,1.058936271547317e-17
2001-04-03,5.2946813577365846e-18
2001-04-04,2.6473406788682923e-18
2001-04-05,1.3236703394341461e-18
2001-04-06,6.618351697170733e-19
2001-04-07,3.3091758485853663e-19
2001-04-08,1.6545879242926832e-19
2001-04-09,8.272939621463413e-20
2001-04-10,4.1364698107317085e-20
2001-04-11,2.0682349053658534e-20
2001-04-12,1.0341174526829267e-20
2001-04-13,5.1705872634146334e-21
2001-04-14,2.5852936317073167e-21
2001-04-15,1.292646815853659e-21
2001-04-16,6.463234079268292e-22
2001-04-17,3.231617039634146e-22
2001-04-18,1.615808519817073e-22
2001-04-19,8.079042599085365e-23
2001-04-20,4.039521299542684e-23
2001-04-21,2.0197606497713412e-23
2001-04-22,1.0098803248856706e-23
2001-04-23,5.049401624428353e-24
2001-04-24,2.5247008122141765e-24
2001-04-25,1.2623504061070882e-24
2001-04-26,6.311752030535441e-25
2001-04-27,3.1558760152677206e-25
2001-04-28,1.5779380076338607e-25
2001-04-29,7.889690038169301e-26
2001-04-30,3.944845019084652e-26
2001-05-01,1.9724225095423254e-26
2001-05-02,9.862112547711627e-27
2001-05-03,4.9310562738558134e-27
2001-05-04,2.4655281369279067e-27
2001-05-05,1.2327640684639533e-27
2001-05-06,6.1638203423197685e-28
2001-05-07,3.0819101711598843e-28
2001-05-08,1.5409550855799421e-28
2001-05-09,7.704775427899711e-29
2001-05-10,3.8523877139498553e-29
2001-05-11,1.926193856974928e-29
2001-05-12,9.630969284874637e-30
2001-05-13,4.8154846424373185e-30
2001-05-14,2.4077423212186592e-30
2001-05-15,1.2038711606093296e-30
2001-05-16,6.019355803046648e-31
2001-05-17,3.009677901523324e-31
2001-05-18,1.504838950761662e-31
2001-05-19,7.52419475380831e-32
2001-05-20,3.762097376904156e-32
2001-05-21,1.8810486884520775e-32
2001-05-22,9.40524344226039e-33
2001-05-23,4.702621721130194e-33
2001-05-24,2.351310860565097e-33
2001-05-25,1.1756554302825488e-33
2001-05-26,5.878277151412744e-34
2001-05-27,2.939138575706372e-34
2001-05-28,1.4695692878531856e-34
2001-05-29,7.34784643926593e-35
2001-05-30,3.673923219632965e-35
2001-05-31,1.8369616098164825e-35
2001-06-01,9.184808049082412e-36
2001-06-02,4.592404024541206e-36
2001-06-03,2.296202012270603e-36
2001-06-04,1.1481010061353012e-36
2001-06-05,5.740505030676508e-37
2001-06-06,2.870252515338254e-37
2001-06-07,1.435126257669127e-37
2001-06-08,7.175631288345633e-38
2001-06-09,3.5878156441728163e-38
2001-06-10,1.7939078220864082e-38
2001-06-11,1.7939078220864082e-38
2001-06-12,1.7939078220864082e-38
2001-06-13,1.7939078220864082e-38
2001-06-14,1.7939078220864082e-38
2001-06-15,1.7939078220864082e-38
2001-06-16,1.7939078220864082e-38
2001-06-17,1.7939078220864082e-38
2001-06-18,1.7939078220864082e-38
2001-06-19,1.7939078220864082e-38
2001-06-20,1.7939078220864082e-38
2001-06-21,1.7939078220864082e-38
2001-06-22,1.7939078220864082e-38
2001-06-23,1.7939078220864082e-38
2001-06-24,1.7939078220864082e-38
2001-06-25,1.7939078220864082e-38
2001-06-26,1.7939078220864082e-38
2001-06-27,1.7939078220864082e-38
2001-06-28,1.7939078220864082e-38
2001-06-29,1.7939078220864082e-38
2001-06-30,1.7939078220864082e-38
2001-07-01,1.7939078220864082e-38
2001-07-02,1.7939078220864082e-38
2001-07-03,1.7939078220864082e-38
2001-07-04,1.7939078220864082e-38
2001-07-05,1.7939078220864082e-38
2001-07-06,1.7939078220864082e-38
2001-07-07,1.7939078220864082e-38
2001-07-08,1.7939078220864082e-38
2001-07-09,1.7939078220864082e-38
2001-07-10,1.7939078220864082e-38
2001-07-11,1.7939078220864082e-38
2001-07-12,1.7939078220864082e-38
2001-07-13,1.7939078220864082e-38
2001-07-14,1.7939078220864082e-38
2001-07-15,1.7939078220864082e-38
2001-07-16,1.7939078220864082e-38
2001-07-17,1.7939078220864082e-38
2001-07-18,1.7939078220864082e-38
2001-07-19,1.7939078220864082e-38
2001-07-20,1.7939078220864082e-38
2001-07-21,1.7939078220864082e-38
2001-07-22,1.7939078220864082e-38
2001-07-23,1.7939078220864082e-38
2001-07-24,1.7939078220864082e-38
2001-07-25,1.7939078220864082e-38
2001-07-26,1.7939078220864082e-38
2001-07-27,1.7939078220864082e-38
2001-07-28,1.7939078220864082e-38
2001-07-29,1.7939078220864082e-38
2001-07-30,1.7939078220864082e-38
2001-07-31,1.7939078220864082e-38
2001-08-01,1.7939078220864082e-38
2001-08-02,1.7939078220864082e-38
2001-08-03,1.7939078220864082e-38
2001-08-04,1.7939078220864082e-38
2001-08-05,1.7939078220864082e-38
2001-08-06,1.7939078220864082e-38
2001-08-07,1.7939078220864082e-38
2001-08-08,1.7939078220864082e-38
2001-08-09,1.7939078220864082e-38
2001-08-10,1.7939078220864082e-38
2001-08-11,1.7939078220864082e-38
2001-08-12,1.7939078220864082e-38
2001-08-13,1.7939078220864082e-38
2001-08-14,1.7939078220864082e-38
2001-08-15,1.7939078220864082e-38
2001-08-16,1.7939078220864082e-38
2001-08-17,1.7939078220864082e-38
2001-08-18,1.7939078220864082e-38
2001-08-19,1.7939078220864082e-38
2001-08-20,1.7939078220864082e-38
2001-08-21,1.7939078220864082e-38
2001-08-22,1.7939078220864082e-38
2001-08-23,1.7939078220864082e-38
2001-08-24,1.7939078220864082e-38
2001-08-25,1.7939078220864082e-38
2001-08-26,1.7939078220864082e-38
2001-08-27,1.7939078220864082e-38
2001-08-28,1.7939078220864082e-38
2001-08-29,1.7939078220864082e-38
2001-08-30,1.7939078220864082e-38
2001-08-31,1.7939078220864082e-38
2001-09-01,1.7939078220864082e-38
2001-09-02,1.7939078220864082e-38
2001-09-03,1.7939078220864082e-38
2001-09-04,1.7939078220864082e-38
2001-09-05,1.7939078220864082e-38
2001-09-06,1.7939078220864082e-38
2001-09-07,1.7939078220864082e-38
2001-09-08,1.7939078220864082e-38
2001-09-09,1.7939078220864082e-38
2001-09-10,1.7939078220864082e-38
2001-09-11,1.7939078220864082e-38
2001-09-12,1.7939078220864082e-38
2001-09-13,1.7939078220864082e-38
2001-09-14,1.7939078220864082e-38
2001-09-15,1.7939078220864082e-38
2001-09-16,1.7939078220864082e-38
2001-09-17,1.7939078220864082e-38
2001-09-18,1.7939078220864082e-38
2001-09-19,1.7939078220864082e-38
2001-09-20,1.7939078220864082e-38
2001-09-21,1.7939078220864082e-38
2001-09-22,1.7939078220864082e-38
2001-09-23,1.7939078220864082e-38
2001-09-24,1.7939078220864082e-38
2001-09-25,1.7939078220864082e-38
2001-09-26,1.7939078220864082e-38
2001-09-27,1.7939078220864082e-38
2001-09-28,1.7939078220864082e-38
2001-09-29,1.7939078220864082e-38
2001-09-30,1.7939078220864082e-38
2001-10-01,1.7939078220864082e-38
2001-10-02,1.7939078220864082e-38
2001-10-03,1.7939078220864082e-38
2001-10-04,1.7939078220864082e-38
2001-10-05,1.7939078220864082e-38
2001-10-06,1.7939078220864082e-38
2001-10-07,1.7939078220864082e-38
2001-10-08,1.7939078220864082e-38
2001-10-09,1.7939078220864082e-38
2001-10-10,1.7939078220864082e-38
2001-10-11,1.7939078220864082e-38
2001-10-12,1.7939078220864082e-38
2001-10-13,1.7939078220864082e-38
2001-10-14,1.7939078220864082e-38
2001-10-15,1.7939078220864082e-38
2001-10-16,1.7939078220864082e-38
2001-10-17,1.7939078220864082e-38
2001-10-18,1.7939078220864082e-38
2001-10-19,1.7939078220864082e-38
2001-10-20,1.7939078220864082e-38
2001-10-21,1.7939078220864082e-38
2001-10-22,1.7939078220864082e-38
2001-10-23,1.7939078220864082e-38
2001-10-24,1.7939078220864082e-38
2001-10-25,1.7939078220864082e-38
2001-10-26,1.7939078220864082e-38
2001-10-27,1.7939078220864082e-38
2001-10-28,1.7939078220864082e-38
2001-10-29,1.7939078220864082e-38
2001-10-30,1.7939078220864082e-38
2001-10-31,1.7939078220864082e-38
2001-11-01,1.7939078220864082e-38
2001-11-02,1.7939078220864082e-38
2001-11-03,1.7939078220864082e-38
2001-11-04,1.7939078220864082e-38
2001-11-05,1.7939078220864082e-38
2001-11-06,1.7939078220864082e-38
2001-11-07,1.7939078220864082e-38
2001-11-08,1.7939078220864082e-38
2001-11-09,1.7939078220864082e-38
2001-11-10,1.7939078220864082e-38
2001-11-11,1.7939078220864082e-38
2001-11-12,1.7939078220864082e-38
2001-11-13,1.7939078220864082e-38
2001-11-14,1.7939078220864082e-38
2001-11-15,1.7939078220864082e-38
2001-11-16,1.7939078220864082e-38
2001-11-17,1.7939078220864082e-38
2001-11-18,1.7939078220864082e-38
2001-11-19,1.7939078220864082e-38
2001-11-20,1.7939078220864082e-38
2001-11-21,1.7939078220864082e-38
2001-11-22,1.7939078220864082e-38
2001-11-23,1.7939078220864082e-38
2001-11-24,1.7939078220864082e-38
2001-11-25,1.7939078220864082e-38
2001-11-26,1.7939078220864082e-38
2001-11-27,1.7939078220864082e-38
2001-11-28,1.7939078220864082e-38
2001-11-29,1.7939078220864082e-38
2001-11-30,1.7939078220864082e-38
2001-12-01,1.7939078220864082e-38
2001-12-02,1.7939078220864082e-38
2001-12-03,1.7939078220864082e-38
2001-12-04,1.7939078220864082e-38
2001-12-05,1.7939078220864082e-38
2001-12-06,1.7939078220864082e-38
2001-12-07,1.7939078220864082e-38
2001-12-08,1.7939078220864082e-38
2001-12-09,1.7939078220864082e-38
2001-12-10,1.7939078220864082e-38
2001-12-11,1.7939078220864082e-38
2001-12-12,1.7939078220864082e-38
2001-12-13,1.7939078220864082e-38
2001-12-14,1.7939078220864082e-38
2001-12-15,1.7939078220864082e-38
2001-12-16,1.7939078220864082e-38
2001-12-17,1.7939078220864082e-38
2001-12-18,1.7939078220864082e-38
2001-12-19,1.7939078220864082e-38
2001-12-20,1.7939078220864082e-38
2001-12-21,1.7939078220864082e-38
2001-12-22,1.7939078220864082e-38
2001-12-23,1.7939078220864082e-38
2001-12-24,1.7939078220864082e-38
2001-12-25,1.7939078220864082e-38
2001-12-26,1.7939078220864082e-38
2001-12-27,1.7939078220864082e-38
2001-12-28,1.7939078220864082e-38
2001-12-29,1.7939078220864082e-38
2001-12-30,1.7939078220864082e-38
2001-12-31,1.7939078220864082e-38
2002-01-01,1.7939078220864082e-38
2002-01-02,1.7939078220864082e-38
2002-01-03,1.7939078220864082e-38
2002-01-04,1.7939078220864082e-38
2002-01-05,1.7939078220864082e-38
2002-01-06,1.7939078220864082e-38
2002-01-07,1.7939078220864082e-38
2002-01-08,1.7939078220864082e-38
2002-01-09,1.7939078220864082e-38
2002-01-10,1.7939078220864082e-38
2002-01-11,1.7939078220864082e-38
2002-01-12,1.7939078220864082e-38
2002-01-13,1.7939078220864082e-38
2002-01-14,1.7939078220864082e-38
2002-01-15,1.3312753253558185e-05
2002-01-16,8.299468390760012e-06
2002-01-17,4.153476766077802e-06
2002-01-18,2.0766954094142416e-06
2002-01-19,1.0383369044575375e-06
2002-01-20,5.191657237446633e-07
2002-01-21,2.595838282104524e-07
2002-01-22,1.3150331312772323e-07
2002-01-23,6.575167077471632e-08
2002-01-24,3.287582472921713e-08
2002-01-25,1.6437910588251725e-08
2002-01-26,0.00010726397158578038
2002-01-27,0.00012065951887052505
2002-01-28,0.0001246172614628449
2002-01-29,0.024057293310761448
2002-01-30,0.01061990577727556
2002-01-31,0.005028264131397009
2002-02-01,0.002450937870889902
2002-02-02,0.0012104519410058858
2002-02-03,0.0006015630788169801
2002-02-04,0.00029990146867930884
2002-02-05,0.00014972587814554572
2002-02-06,7.48068923712708e-05
2002-02-07,3.738945451914333e-05
2002-02-08,1.869123298092745e-05
2002-02-09,9.344743375550024e-06
2002-02-10,4.672153409046587e-06
2002-02-11,2.342967036383925e-06
2002-02-12,1.1730372762031038e-06
2002-02-13,5.88540046919661e-07
2002-02-14,2.942691423868382e-07
2002-02-15,1.4713435803059838e-07
2002-02-16,7.356712927730767e-08
2002-02-17,3.6783550427799134e-08
2002-02-18,1.8391771661185885e-08
2002-02-19,9.195884942414523e-09
2002-02-20,4.597942471207261e-09
2002-02-21,2.2989712356036307e-09
2002-02-22,1.1494856178018154e-09
2002-02-23,5.747428089009077e-10
2002-02-24,2.8737140445045384e-10
2002-02-25,1.4368570222522692e-10
2002-02-26,7.184285111261346e-11
2002-02-27,3.592142555630673e-11
2002-02-28,1.7960716247600317e-11
2002-03-01,8.980358123800158e-12
2002-03-02,4.490179061900079e-12
2002-03-03,2.24508953095004e-12
2002-03-04,1.1225447654750198e-12
2002-03-05,5.612723827375099e-13
2002-03-06,0.03331084921956062
2002-03-07,0.040559738874435425
2002-03-08,0.04625088348984718
2002-03-09,0.017870916053652767
2002-03-10,0.008139152079820635
2002-03-11,0.003904053010046482
2002-03-12,0.0019139272626489403
2002-03-13,0.0009478061692789199
2002-03-14,0.0004716572293546051
2002-03-15,0.00023531982151325792
2002-03-16,0.00016578243230469525
2002-03-17,0.004912082105875014
2002-03-18,0.0029282192699611187
2002-03-19,0.0014426748966798186
2002-03-20,0.0007161342655308545
2002-03-21,0.0003567849926184863
2002-03-22,0.00017807424592319873
2002-03-23,8.895784412743524e-05
2002-03-24,4.445913873496464e-05
2002-03-25,2.2224627173272893e-05
2002-03-26,1.111107940232614e-05
2002-03-27,5.5552309277118175e-06
2002-03-28,2.777538384179933e-06
2002-03-29,1.388749979014392e-06
2002-03-30,6.943702146600117e-07
2002-03-31,3.4718391361820977e-07
2002-04-01,1.7359164417030115e-07
2002-04-02,8.6795751030877e-08
2002-04-03,4.339785419915642e-08
2002-04-04,2.1698921770507695e-08
2002-04-05,1.084945999707543e-08
2002-04-06,5.424729998537714e-09
2002-04-07,2.712364999268857e-09
2002-04-08,1.3561824996344287e-09
2002-04-09,6.780912498172141e-10
2002-04-10,3.3904562490860707e-10
2002-04-11,1.6952281245430354e-10
2002-04-12,8.476140622715177e-11
2002-04-13,4.2380703113575884e-11
2002-04-14,2.1190351556787942e-11
2002-04-15,1.0595175778393971e-11
2002-04-16,5.2975878891969855e-12
2002-04-17,2.6487939445984928e-12
2002-04-18,1.3243969722992464e-12
2002-04-19,6.621984861496233e-13
2002-04-20,3.3109924307481164e-13
2002-04-21,1.6554962153740582e-13
2002-04-22,8.277481076870291e-14
2002-04-23,4.1387405384351456e-14
2002-04-24,2.0693702692175728e-14
2002-04-25,1.0346851346087865e-14
2002-04-26,5.173425673043932e-15
2002-04-27,2.586712836521965e-15
2002-04-28,1.2933564182609826e-15
2002-04-29,6.466782091304913e-16
2002-04-30,3.2333910456524565e-16
2002-05-01,1.6166955228262287e-16
2002-05-02,8.083477614131141e-17
2002-05-03,4.041738807065572e-17
2002-05-04,2.0208694035327853e-17
2002-05-05,1.0104347017663926e-17
2002-05-06,5.052173508831965e-18
2002-05-07,2.5260867544159824e-18
2002-05-08,1.2630433772079912e-18
2002-05-09,6.315216886039956e-19
2002-05-10,3.1576084430199775e-19
2002-05-11,1.5788042215099888e-19
2002-05-12,7.894021107549945e-20
2002-05-13,3.9470105537749725e-20
2002-05-14,1.9735052768874862e-20
2002-05-15,9.867526384437431e-21
2002-05-16,4.9337631922187156e-21
2002-05-17,2.4668815961093574e-21
2002-05-18,1.2334407980546787e-21
2002-05-19,6.167203990273394e-22
2002-05-20,3.083601995136697e-22
2002-05-21,1.5418009975683484e-22
2002-05-22,7.709004987841742e-23
2002-05-23,3.8545024939208716e-23
2002-05-24,1.9272512469604358e-23
2002-05-25,9.636256234802177e-24
2002-05-26,4.818128117401089e-24
2002-05-27,2.4090640587005444e-24
2002-05-28,1.2045320293502722e-24
2002-05-29,6.022660146751361e-25
2002-05-30,3.0113300733756805e-25
2002-05-31,1.5056650366878402e-25
2002-06-01,7.528325183439201e-26
2002-06-02,3.7641625917196006e-26
2002-06-03,1.8820812958598003e-26
2002-06-04,9.410406479299003e-27
2002-06-05,4.7052032396495014e-27
2002-06-06,2.3526016198247507e-27
2002-06-07,1.1763008099123754e-27
2002-06-08,5.881504049561877e-28
2002-06-09,2.9407520247809384e-28
2002-06-10,1.4703760123904692e-28
2002-06-11,7.351880061952347e-29
2002-06-12,3.675940030976173e-29
2002-06-13,1.8379700154880865e-29
2002-06-14,9.189850077440431e-30
2002-06-15,4.5949250387202155e-30
2002-06-16,2.2974625193601078e-30
2002-06-17,1.1487312596800539e-30
2002-06-18,5.743656298400269e-31
2002-06-19,2.8718281492001347e-31
2002-06-20,1.4359140746000674e-31
2002-06-21,7.179570373000337e-32
2002-06-22,3.5897851865001684e-32
2002-06-23,1.7948925932500842e-32
2002-06-24,8.974462966250421e-33
2002-06-25,4.4872314831252105e-33
2002-06-26,2.243615741562605e-33
2002-06-27,1.1218078707813028e-33
2002-06-28,5.609039353906513e-34
2002-06-29,2.8045196769532566e-34
2002-06-30,1.4022598384766287e-34
2002-07-01,7.011299192383141e-35
2002-07-02,3.5056495961915707e-35
2002-07-03,1.7528247980957853e-35
2002-07-04,8.764123990478927e-36
2002-07-05,4.3820619952394634e-36
2002-07-06,2.1910309976197317e-36
2002-07-07,1.0955154988098658e-36
2002-07-08,5.477577494049329e-37
2002-07-09,2.7387887470246646e-37
2002-07-10,1.3693943735123323e-37
2002-07-11,6.846971867561662e-38
2002-07-12,3.423485933780831e-38
2002-07-13,1.7117429668904154e-38
2002-07-14,1.7117429668904154e-38
2002-07-15,1.7117429668904154e-38
2002-07-16,1.7117429668904154e-38
2002-07-17,1.7117429668904154e-38
2002-07-18,1.7117429668904154e-38
2002-07-19,1.7117429668904154e-38
2002-07-20,1.7117429668904154e-38
2002-07-21,1.7117429668904154e-38
2002-07-22,1.7117429668904154e-38
2002-07-23,1.7117429668904154e-38
2002-07-24,1.7117429668904154e-38
2002-07-25,1.7117429668904154e-38
2002-07-26,1.7117429668904154e-38
2002-07-27,1.7117429668904154e-38
2002-07-28,1.7117429668904154e-38
2002-07-29,1.7117429668904154e-38
2002-07-30,1.7117429668904154e-38
2002-07-31,1.7117429668904154e-38
2002-08-01,1.7117429668904154e-38
2002-08-02,1.7117429668904154e-38
2002-08-03,1.7117429668904154e-38
2002-08-04,1.7117429668904154e-38
2002-08-05,1.7117429668904154e-38
2002-08-06,1.7117429668904154e-38
2002-08-07,1.7117429668904154e-38
2002-08-08,1.7117429668904154e-38
2002-08-09,1.7117429668904154e-38
2002-08-10,1.7117429668904154e-38
2002-08-11,1.7117429668904154e-38
2002-08-12,1.7117429668904154e-38
2002-08-13,1.7117429668904154e-38
2002-08-14,1.7117429668904154e-38
2002-08-15,1.7117429668904154e-38
2002-08-16,1.7117429668904154e-38
2002-08-17,1.7117429668904154e-38
2002-08-18,1.7117429668904154e-38
2002-08-19,1.7117429668904154e-38
2002-08-20,1.7117429668904154e-38
2002-08-21,1.7117429668904154e-38
2002-08-22,1.7117429668904154e-38
2002-08-23,1.7117429668904154e-38
2002-08-24,1.7117429668904154e-38
2002-08-25,1.7117429668904154e-38
2002-08-26,1.7117429668904154e-38
2002-08-27,1.7117429668904154e-38
2002-08-28,1.7117429668904154e-38
2002-08-29,1.7117429668904154e-38
2002-08-30,1.7117429668904154e-38
2002-08-31,1.7117429668904154e-38
2002-09-01,1.7117429668904154e-38
2002-09-02,1.7117429668904154e-38
2002-09-03,1.7117429668904154e-38
2002-09-04,1.7117429668904154e-38
2002-09-05,1.7117429668904154e-38
2002-09-06,1.7117429668904154e-38
2002-09-07,1.7117429668904154e-38
2002-09-08,1.7117429668904154e-38
2002-09-09,1.7117429668904154e-38
2002-09-10,1.7117429668904154e-38
2002-09-11,1.7117429668904154e-38
2002-09-12,1.7117429668904154e-38
2002-09-13,1.7117429668904154e-38
2002-09-14,1.7117429668904154e-38
2002-09-15,1.7117429668904154e-38
2002-09-16,1.7117429668904154e-38
2002-09-17,1.7117429668904154e-38
2002-09-18,1.7117429668904154e-38
2002-09-19,1.7117429668904154e-38
2002-09-20,1.7117429668904154e-38
2002-09-21,1.7117429668904154e-38
2002-09-22,1.7117429668904154e-38
2002-09-23,1.7117429668904154e-38
2002-09-24,1.7117429668904154e-38
2002-09-25,1.7117429668904154e-38
2002-09-26,1.7117429668904154e-38
2002-09-27,1.7117429668904154e-38
2002-09-28,1.7117429668904154e-38
2002-09-29,1.7117429668904154e-38
2002-09-30,1.7117429668904154e-38
2002-10-01,1.7117429668904154e-38
2002-10-02,1.7117429668904154e-38
2002-10-03,1.7117429668904154e-38
2002-10-04,1.7117429668904154e-38
2002-10-05,1.7117429668904154e-38
2002-10-06,1.7117429668904154e-38
2002-10-07,1.7117429668904154e-38
2002-10-08,1.7117429668904154e-38
2002-10-09,1.7117429668904154e-38
2002-10-10,1.7117429668904154e-38
2002-10-11,1.7117429668904154e-38
2002-10-12,1.7117429668904154e-38
2002-10-13,1.7117429668904154e-38
2002-10-14,1.7117429668904154e-38
2002-10-15,1.7117429668904154e-38
2002-10-16,1.7117429668904154e-38
2002-10-17,1.7117429668904154e-38
2002-10-18,1.7117429668904154e-38
2002-10-19,1.7117429668904154e-38
2002-10-20,1.7117429668904154e-38
2002-10-21,1.7117429668904154e-38
2002-10-22,1.7117429668904154e-38
2002-10-23,1.7117429668904154e-38
2002-10-24,1.7117429668904154e-38
2002-10-25,1.7117429668904154e-38
2002-10-26,1.7117429668904154e-38
2002-10-27,1.7117429668904154e-38
2002-10-28,1.7117429668904154e-38
2002-10-29,1.7117429668904154e-38
2002-10-30,0.00724276900291443
2002-10-31,0.003498568199574948
2002-11-01,0.0017186872428283098
2002-11-02,0.0008519591065123677
2002-11-03,0.000424164958531037
2002-11-04,0.00021163267956580967
2002-11-05,0.00010570436279522256
2002-11-06,5.282424535835162e-05
2002-11-07,2.640514503582381e-05
2002-11-08,1.3200829016568605e-05
2002-11-09,6.5999784055748015e-06
2002-11-10,3.299880290796864e-06
2002-11-11,1.6499129742442162e-06
2002-11-12,8.249497227552639e-07
2002-11-13,4.124731276533567e-07
2002-11-14,2.0623615171189158e-07
2002-11-15,1.0311796216910807e-07
2002-11-16,5.1558956215558276e-08
2002-11-17,2.5779472778708626e-08
2002-11-18,1.2889734612997474e-08
2002-11-19,6.444866418320316e-09
2002-11-20,3.222433209160158e-09
2002-11-21,1.611216604580079e-09
2002-11-22,8.056083022900396e-10
2002-11-23,4.028041511450198e-10
2002-11-24,2.014020755725099e-10
2002-11-25,1.0070103778625496e-10
2002-11-26,5.035051889312748e-11
2002-11-27,2.5175259446563733e-11
2002-11-28,1.2587629723281871e-11
2002-11-29,6.293814861640934e-12
2002-11-30,3.146907430820467e-12
2002-12-01,1.5734537154102335e-12
2002-12-02,7.867268577051167e-13
2002-12-03,3.933634288525584e-13
2002-12-04,1.966817144262792e-13
2002-12-05,9.834085721313959e-14
2002-12-06,4.9170428606569797e-14
2002-12-07,2.4585214303284892e-14
2002-12-08,1.2292607151642446e-14
2002-12-09,6.1463035758212246e-15
2002-12-10,3.0731517879106115e-15
2002-12-11,1.5365758939553057e-15
2002-12-12,7.682879469776529e-16
2002-12-13,3.8414397348882644e-16
2002-12-14,1.9207198674441327e-16
2002-12-15,9.603599337220666e-17
2002-12-16,4.801799668610333e-17
2002-12-17,2.4008998343051652e-17
2002-12-18,1.2004507443331952e-17
2002-12-19,6.002253721665976e-18
2002-12-20,3.0011268608329887e-18
2002-12-21,1.5005634304164943e-18
2002-12-22,7.50281715208247e-19
2002-12-23,3.7514362348929676e-19
2002-12-24,1.8757181174464838e-19
2002-12-25,9.378590587232419e-20
2002-12-26,4.6892952936162095e-20
2002-12-27,2.3446476468081048e-20
2002-12-28,1.1723238234040524e-20
2002-12-29,5.861621944297746e-21
2002-12-30,2.930810972148873e-21
2002-12-31,1.4654054860744366e-21
2003-01-01,7.327027430372183e-22
2003-01-02,3.6635137151860923e-22
2003-01-03,1.8317568575930457e-22
2003-01-04,9.158784287965228e-23
2003-01-05,4.5793921439826154e-23
2003-01-06,2.2896960719913077e-23
2003-01-07,1.1448480359956536e-23
2003-01-08,5.724240179978269e-24
2003-01-09,2.8621200899891346e-24
2003-01-10,1.4310600449945673e-24
2003-01-11,7.155300224972837e-25
2003-01-12,3.5776501124864183e-25
2003-01-13,1.7888250562432091e-25
2003-01-14,8.944125281216046e-26
2003-01-15,4.472062640608023e-26
2003-01-16,2.2360313203040114e-26
2003-01-17,1.1180156601520057e-26
2003-01-18,5.5900783007600286e-27
2003-01-19,2.795039150380013e-27
2003-01-20,1.3975195751900064e-27
2003-01-21,6.987597875950032e-28
2003-01-22,3.493798937975016e-28
2003-01-23,1.746899468987509e-28
2003-01-24,8.73449734493754e-29
2003-01-25,4.3672486724687723e-29
2003-01-26,2.183624336234385e-29
2003-01-27,1.0918121681171925e-29
2003-01-28,5.459060840585964e-30
2003-01-29,2.729530420292982e-30
2003-01-30,1.364765210146491e-30
2003-01-31,6.823826050732455e-31
2003-02-01,3.4119130253662275e-31
2003-02-02,1.7059565126831138e-31
2003-02-03,8.529782563415571e-32
2003-02-04,4.2648912817077855e-32
2003-02-05,2.132527778521656e-32
2003-02-06,1.0662638892608282e-32
2003-02-07,5.331319446304141e-33
2003-02-08,2.6656597231520706e-33
2003-02-09,1.3328300452470273e-33
2003-02-10,6.664150226235136e-34
2003-02-11,3.332106566775002e-34
2003-02-12,1.666053283387501e-34
2003-02-13,8.330266416937505e-35
2003-02-14,4.1651332084687523e-35
2003-02-15,2.082566604234377e-35
2003-02-16,1.0412833021171885e-35
2003-02-17,5.2064165105859423e-36
2003-02-18,2.6032082552929712e-36
2003-02-19,1.3016041276464856e-36
2003-02-20,6.508020638232428e-37
2003-02-21,3.2540103191162127e-37
2003-02-22,1.627005159558107e-37
2003-02-23,8.135025797790535e-38
2003-02-24,4.0675350394110033e-38
2003-02-25,2.033775787366441e-38
2003-02-26,2.033775787366441e-38
2003-02-27,2.033775787366441e-38
2003-02-28,2.033775787366441e-38
2003-03-01,2.033775787366441e-38
2003-03-02,2.033775787366441e-38
2003-03-03,2.033775787366441e-38
2003-03-04,2.033775787366441e-38
2003-03-05,2.033775787366441e-38
2003-03-06,2.033775787366441e-38
2003-03-07,2.033775787366441e-38
2003-03-08,2.033775787366441e-38
2003-03-09,2.033775787366441e-38
2003-03-10,2.033775787366441e-38
2003-03-11,2.033775787366441e-38
2003-03-12,2.033775787366441e-38
2003-03-13,2.033775787366441e-38
2003-03-14,2.033775787366441e-38
2003-03-15,2.033775787366441e-38
2003-03-16,2.033775787366441e-38
2003-03-17,2.033775787366441e-38
2003-03-18,2.033775787366441e-38
2003-03-19,2.033775787366441e-38
2003-03-20,2.033775787366441e-38
2003-03-21,2.033775787366441e-38
2003-03-22,2.033775787366441e-38
2003-03-23,2.033775787366441e-38
2003-03-24,2.033775787366441e-38
2003-03-25,2.033775787366441e-38
2003-03-26,2.033775787366441e-38
2003-03-27,2.033775787366441e-38
2003-03-28,2.033775787366441e-38
2003-03-29,2.033775787366441e-38
2003-03-30,2.033775787366441e-38
2003-03-31,2.033775787366441e-38
2003-04-01,2.033775787366441e-38
2003-04-02,2.033775787366441e-38
2003-04-03,2.033775787366441e-38
2003-04-04,2.033775787366441e-38
2003-04-05,2.033775787366441e-38
2003-04-06,2.033775787366441e-38
2003-04-07,2.033775787366441e-38
2003-04-08,2.033775787366441e-38
2003-04-09,2.033775787366441e-38
2003-04-10,2.033775787366441e-38
2003-04-11,2.033775787366441e-38
2003-04-12,2.033775787366441e-38
2003-04-13,2.033775787366441e-38
2003-04-14,2.033775787366441e-38
2003-04-15,2.033775787366441e-38
2003-04-16,2.033775787366441e-38
2003-04-17,2.033775787366441e-38
2003-04-18,2.033775787366441e-38
2003-04-19,2.033775787366441e-38
2003-04-20,2.033775787366441e-38
2003-04-21,2.033775787366441e-38
2003-04-22,2.033775787366441e-38
2003-04-23,2.033775787366441e-38
2003-04-24,2.033775787366441e-38
2003-04-25,2.033775787366441e-38
2003-04-26,2.033775787366441e-38
2003-04-27,2.033775787366441e-38
2003-04-28,2.033775787366441e-38
2003-04-29,2.033775787366441e-38
2003-04-30,2.033775787366441e-38
2003-05-01,2.033775787366441e-38
2003-05-02,2.033775787366441e-38
2003-05-03,2.033775787366441e-38
2003-05-04,2.033775787366441e-38
2003-05-05,2.033775787366441e-38
2003-05-06,2.033775787366441e-38
2003-05-07,2.033775787366441e-38
2003-05-08,2.033775787366441e-38
2003-05-09,2.033775787366441e-38
2003-05-10,2.033775787366441e-38
2003-05-11,2.033775787366441e-38
2003-05-12,2.033775787366441e-38
2003-05-13,2.033775787366441e-38
2003-05-14,2.033775787366441e-38
2003-05-15,2.033775787366441e-38
2003-05-16,2.033775787366441e-38
2003-05-17,2.033775787366441e-38
2003-05-18,2.033775787366441e-38
2003-05-19,2.033775787366441e-38
2003-05-20,2.033775787366441e-38
2003-05-21,2.033775787366441e-38
2003-05-22,2.033775787366441e-38
2003-05-23,2.033775787366441e-38
2003-05-24,2.033775787366441e-38
2003-05-25,2.033775787366441e-38
2003-05-26,2.033775787366441e-38
2003-05-27,2.033775787366441e-38
2003-05-28,2.033775787366441e-38
2003-05-29,2.033775787366441e-38
2003-05-30,2.033775787366441e-38
2003-05-31,2.033775787366441e-38
2003-06-01,2.033775787366441e-38
2003-06-02,2.033775787366441e-38
2003-06-03,2.033775787366441e-38
2003-06-04,2.033775787366441e-38
2003-06-05,2.033775787366441e-38
2003-06-06,2.033775787366441e-38
2003-06-07,2.033775787366441e-38
2003-06-08,2.033775787366441e-38
2003-06-09,2.033775787366441e-38
2003-06-10,2.033775787366441e-38
2003-06-11,2.033775787366441e-38
2003-06-12,2.033775787366441e-38
2003-06-13,2.033775787366441e-38
2003-06-14,2.033775787366441e-38
2003-06-15,2.033775787366441e-38
2003-06-16,2.033775787366441e-38
2003-06-17,2.033775787366441e-38
2003-06-18,2.033775787366441e-38
2003-06-19,2.033775787366441e-38
2003-06-20,2.033775787366441e-38
2003-06-21,2.033775787366441e-38
2003-06-22,2.033775787366441e-38
2003-06-23,2.033775787366441e-38
2003-06-24,2.033775787366441e-38
2003-06-25,2.033775787366441e-38
2003-06-26,2.033775787366441e-38
2003-06-27,2.033775787366441e-38
2003-06-28,2.033775787366441e-38
2003-06-29,2.033775787366441e-38
2003-06-30,2.033775787366441e-38
2003-07-01,2.033775787366441e-38
2003-07-02,2.033775787366441e-38
2003-07-03,2.033775787366441e-38
2003-07-04,2.033775787366441e-38
2003-07-05,2.033775787366441e-38
2003-07-06,2.033775787366441e-38
2003-07-07,2.033775787366441e-38
2003-07-08,2.033775787366441e-38
2003-07-09,2.033775787366441e-38
2003-07-10,2.033775787366441e-38
2003-07-11,2.033775787366441e-38
2003-07-12,2.033775787366441e-38
2003-07-13,2.033775787366441e-38
2003-07-14,2.033775787366441e-38
2003-07-15,2.033775787366441e-38
2003-07-16,2.033775787366441e-38
2003-07-17,2.033775787366441e-38
2003-07-18,2.033775787366441e-38
2003-07-19,2.033775787366441e-38
2003-07-20,2.033775787366441e-38
2003-07-21,2.033775787366441e-38
2003-07-22,2.033775787366441e-38
2003-07-23,2.033775787366441e-38
2003-07-24,2.033775787366441e-38
2003-07-25,2.033775787366441e-38
2003-07-26,2.033775787366441e-38
2003-07-27,2.033775787366441e-38
2003-07-28,2.033775787366441e-38
2003-07-29,2.033775787366441e-38
2003-07-30,2.033775787366441e-38
2003-07-31,2.033775787366441e-38
2003-08-01,2.033775787366441e-38
2003-08-02,2.033775787366441e-38
2003-08-03,2.033775787366441e-38
2003-08-04,2.033775787366441e-38
2003-08-05,2.033775787366441e-38
2003-08-06,2.033775787366441e-38
2003-08-07,2.033775787366441e-38
2003-08-08,2.033775787366441e-38
2003-08-09,2.033775787366441e-38
2003-08-10,2.033775787366441e-38
2003-08-11,2.033775787366441e-38
2003-08-12,2.033775787366441e-38
2003-08-13,2.033775787366441e-38
2003-08-14,2.033775787366441e-38
2003-08-15,2.033775787366441e-38
2003-08-16,2.033775787366441e-38
2003-08-17,2.033775787366441e-38
2003-08-18,2.033775787366441e-38
2003-08-19,2.033775787366441e-38
2003-08-20,2.033775787366441e-38
2003-08-21,2.033775787366441e-38
2003-08-22,2.033775787366441e-38
2003-08-23,2.033775787366441e-38
2003-08-24,2.033775787366441e-38
2003-08-25,2.033775787366441e-38
2003-08-26,2.033775787366441e-38
2003-08-27,2.033775787366441e-38
2003-08-28,2.033775787366441e-38
2003-08-29,2.033775787366441e-38
2003-08-30,2.033775787366441e-38
2003-08-31,2.033775787366441e-38
2003-09-01,2.033775787366441e-38
2003-09-02,2.033775787366441e-38
2003-09-03,2.033775787366441e-38
2003-09-04,2.033775787366441e-38
2003-09-05,2.033775787366441e-38
2003-09-06,2.033775787366441e-38
2003-09-07,2.033775787366441e-38
2003-09-08,2.033775787366441e-38
2003-09-09,2.033775787366441e-38
2003-09-10,2.033775787366441e-38
2003-09-11,2.033775787366441e-38
2003-09-12,2.033775787366441e-38
2003-09-13,2.033775787366441e-38
2003-09-14,2.033775787366441e-38
2003-09-15,2.033775787366441e-38
2003-09-16,2.033775787366441e-38
2003-09-17,2.033775787366441e-38
2003-09-18,2.033775787366441e-38
2003-09-19,2.033775787366441e-38
2003-09-20,2.033775787366441e-38
2003-09-21,2.033775787366441e-38
2003-09-22,2.033775787366441e-38
2003-09-23,2.033775787366441e-38
2003-09-24,2.033775787366441e-38
2003-09-25,2.033775787366441e-38
2003-09-26,2.033775787366441e-38
2003-09-27,2.033775787366441e-38
2003-09-28,2.033775787366441e-38
2003-09-29,2.033775787366441e-38
2003-09-30,2.033775787366441e-38
2003-10-01,2.033775787366441e-38
2003-10-02,2.033775787366441e-38
2003-10-03,2.033775787366441e-38
2003-10-04,2.033775787366441e-38
2003-10-05,2.033775787366441e-38
2003-10-06,2.033775787366441e-38
2003-10-07,2.033775787366441e-38
2003-10-08,2.033775787366441e-38
2003-10-09,2.033775787366441e-38
2003-10-10,2.033775787366441e-38
2003-10-11,2.033775787366441e-38
2003-10-12,2.033775787366441e-38
2003-10-13,2.033775787366441e-38
2003-10-14,2.033775787366441e-38
2003-10-15,2.033775787366441e-38
2003-10-16,2.033775787366441e-38
2003-10-17,2.033775787366441e-38
2003-10-18,2.033775787366441e-38
2003-10-19,2.033775787366441e-38
2003-10-20,2.033775787366441e-38
2003-10-21,2.033775787366441e-38
2003-10-22,2.033775787366441e-38
2003-10-23,2.033775787366441e-38
2003-10-24,2.033775787366441e-38
2003-10-25,2.033775787366441e-38
2003-10-26,2.033775787366441e-38
2003-10-27,2.033775787366441e-38
2003-10-28,2.033775787366441e-38
2003-10-29,2.033775787366441e-38
2003-10-30,2.033775787366441e-38
2003-10-31,2.033775787366441e-38
2003-11-01,0.0003381716669537127
2003-11-02,0.00016927896649576724
2003-11-03,8.592829544795676e-05
2003-11-04,8.971787610789761e-05
2003-11-05,6.654660683125257e-05
2003-11-06,3.3262276701861986e-05
2003-11-07,1.6628373487037607e-05
2003-11-08,8.313495527545456e-06
2003-11-09,4.156574959779391e-06
2003-11-10,2.0782442788913613e-06
2003-11-11,1.0391113391960973e-06
2003-11-12,5.195529411139432e-07
2003-11-13,2.597757884359453e-07
2003-11-14,1.2988772368771606e-07
2003-11-15,6.494382631672124e-08
2003-11-16,3.247190250021959e-08
2003-11-17,1.6235949473752953e-08
2003-11-18,8.117973848698058e-09
2003-11-19,4.058986924349029e-09
2003-11-20,2.4761297456876714e-09
2003-11-21,0.0002838090586010366
2003-11-22,0.0002838090586010366
2003-11-23,0.00014170315989758822
2003-11-24,7.080138311721386e-05
2003-11-25,3.5388158721616485e-05
2003-11-26,1.7690948880044743e-05
2003-11-27,8.844692274578849e-06
2003-11-28,4.422150595928543e-06
2003-11-29,2.2110266399977263e-06
2003-11-30,1.1055010418203892e-06
2003-12-01,5.52747508208995e-07
2003-12-02,2.763729867183428e-07
2003-12-03,1.3818629440720542e-07
2003-12-04,6.909309746561122e-08
2003-12-05,3.4546538074664574e-08
2003-12-06,1.727326726097544e-08
2003-12-07,8.636632742309303e-09
2003-12-08,4.318316371154651e-09
2003-12-09,2.1591581855773256e-09
2003-12-10,1.0795790927886628e-09
2003-12-11,5.397895463943313e-10
2003-12-12,2.6989477319716565e-10
2003-12-13,1.3494738659858283e-10
2003-12-14,6.747369329929144e-11
2003-12-15,3.373684664964572e-11
2003-12-16,1.6868423324822853e-11
2003-12-17,8.434211662411427e-12
2003-12-18,4.217105831205713e-12
2003-12-19,2.1085529156028567e-12
2003-12-20,1.0542764578014283e-12
2003-12-21,5.271382289007144e-13
2003-12-22,2.635691144503572e-13
2003-12-23,1.317845572251786e-13
2003-12-24,6.589227861258928e-14
2003-12-25,3.2949585036324066e-14
2003-12-26,1.8882337981065457e-14
2003-12-27,1.1601070818779197e-14
2003-12-28,0.03141919150948524
2003-12-29,0.03177623078227043
2003-12-30,0.03177623078227043
2003-12-31,0.03178076446056366
2004-01-01,0.05578212067484856
2004-01-02,0.03275432437658309
2004-01-03,0.08258390426635744
2004-01-04,4.442584037780762
2004-01-05,4.442584037780762
2004-01-06,21.90258407592773
2004-01-07,21.902965545654297
2004-01-08,13.664865493774416
2004-01-09,2.8519887924194336
2004-01-10,0.0
2004-01-11,0.0
2004-01-12,0.0
2004-01-13,0.0
2004-01-14,0.0
2004-01-15,0.0
2004-01-16,0.0
2004-01-17,0.0
2004-01-18,0.0
2004-01-19,0.0
2004-01-20,0.0
2004-01-21,0.0
2004-01-22,0.0
2004-01-23,0.0
2004-01-24,0.0
2004-01-25,0.0
2004-01-26,0.0
2004-01-27,0.0
2004-01-28,0.0
2004-01-29,0.0
2004-01-30,0.0
2004-01-31,0.0
2004-02-01,0.0
2004-02-02,0.0
2004-02-03,0.0
2004-02-04,0.0
2004-02-05,0.0
2004-02-06,0.0
2004-02-07,0.0
2004-02-08,0.0
2004-02-09,0.0
2004-02-10,0.0
2004-02-11,0.0
2004-02-12,0.0
2004-02-13,0.0
2004-02-14,0.0
2004-02-15,0.0
2004-02-16,0.0
2004-02-17,0.0
2004-02-18,0.0
2004-02-19,0.0
2004-02-20,0.0
2004-02-21,0.0
2004-02-22,0.0
2004-02-23,0.0
2004-02-24,0.0
2004-02-25,0.0
2004-02-26,0.0
2004-02-27,0.0
2004-02-28,0.0
2004-02-29,0.0
2004-03-01,0.0
2004-03-02,0.0
2004-03-03,0.0
2004-03-04,0.0
2004-03-05,0.0
2004-03-06,0.0
2004-03-07,0.0
2004-03-08,0.0
2004-03-09,0.0
2004-03-10,0.0
2004-03-11,0.0
2004-03-12,0.0
2004-03-13,0.0
2004-03-14,0.0
2004-03-15,0.0
2004-03-16,0.0
2004-03-17,0.0
2004-03-18,0.0
2004-03-19,0.0
2004-03-20,0.0
2004-03-21,0.0
2004-03-22,0.0
2004-03-23,0.0
2004-03-24,0.0
2004-03-25,0.0
2004-03-26,0.0
2004-03-27,0.0
2004-03-28,0.0
2004-03-29,0.0
2004-03-30,0.0
2004-03-31,0.0
2004-04-01,0.0
2004-04-02,0.0
2004-04-03,0.0
2004-04-04,0.0
2004-04-05,0.0
2004-04-06,0.0
2004-04-07,0.0
2004-04-08,0.0
2004-04-09,0.0
2004-04-10,0.0
2004-04-11,0.0
2004-04-12,0.0
2004-04-13,0.0
2004-04-14,0.0
2004-04-15,0.0
2004-04-16,0.0
2004-04-17,0.0
2004-04-18,0.0
2004-04-19,0.0
2004-04-20,0.0
2004-04-21,0.0
2004-04-22,0.0
2004-04-23,0.0
2004-04-24,0.0
2004-04-25,0.0
2004-04-26,0.0
2004-04-27,0.0
2004-04-28,0.0
2004-04-29,0.0
2004-04-30,0.0
2004-05-01,0.0
2004-05-02,0.0
2004-05-03,0.0
2004-05-04,0.0
2004-05-05,0.0
2004-05-06,0.0
2004-05-07,0.0
2004-05-08,0.0
2004-05-09,0.0
2004-05-10,0.0
2004-05-11,0.0
2004-05-12,0.0
2004-05-13,0.0
2004-05-14,0.0
2004-05-15,0.0
2004-05-16,0.0
2004-05-17,0.0
2004-05-18,0.0
2004-05-19,0.0
2004-05-20,0.0
2004-05-21,0.0
2004-05-22,0.0
2004-05-23,0.0
2004-05-24,0.0
2004-05-25,0.0
2004-05-26,0.0
2004-05-27,0.0
2004-05-28,0.0
2004-05-29,0.0
2004-05-30,0.0
2004-05-31,0.0
2004-06-01,0.0
2004-06-02,0.0
2004-06-03,0.0
2004-06-04,0.0
2004-06-05,0.0
2004-06-06,0.0
2004-06-07,0.0
2004-06-08,0.0
2004-06-09,0.0
2004-06-10,0.0
2004-06-11,0.0
2004-06-12,0.0
2004-06-13,0.0
2004-06-14,0.0
2004-06-15,0.0
2004-06-16,0.0
2004-06-17,0.0
2004-06-18,0.0
2004-06-19,0.0
2004-06-20,0.0
2004-06-21,0.0
2004-06-22,0.0
2004-06-23,0.0
2004-06-24,0.0
2004-06-25,0.0
2004-06-26,0.0
2004-06-27,0.0
2004-06-28,0.0
2004-06-29,0.0
2004-06-30,0.0
2004-07-01,0.0
2004-07-02,0.0
2004-07-03,0.0
2004-07-04,0.0
2004-07-05,0.0
2004-07-06,0.0
2004-07-07,0.0
2004-07-08,0.0
2004-07-09,0.0
2004-07-10,0.0
2004-07-11,0.0
2004-07-12,0.0
2004-07-13,0.0
2004-07-14,0.0
2004-07-15,0.0
2004-07-16,0.0
2004-07-17,0.0
2004-07-18,0.0
2004-07-19,0.0
2004-07-20,0.0
2004-07-21,0.0
2004-07-22,0.0
2004-07-23,0.0
2004-07-24,0.0
2004-07-25,0.0
2004-07-26,0.0
2004-07-27,0.0
2004-07-28,0.0
2004-07-29,0.0
2004-07-30,0.0
2004-07-31,0.0
2004-08-01,0.0
2004-08-02,0.0
2004-08-03,0.0
2004-08-04,0.0
2004-08-05,0.0
2004-08-06,0.0
2004-08-07,0.0
2004-08-08,0.0
2004-08-09,0.0
2004-08-10,0.0
2004-08-11,0.0
2004-08-12,0.0
2004-08-13,0.0
2004-08-14,0.0
2004-08-15,0.0
2004-08-16,0.0
2004-08-17,0.0
2004-08-18,0.0
2004-08-19,0.0
2004-08-20,0.0
2004-08-21,0.0
2004-08-22,0.0
2004-08-23,0.0
2004-08-24,0.0
2004-08-25,0.0
2004-08-26,0.0
2004-08-27,0.0
2004-08-28,0.0
2004-08-29,0.0
2004-08-30,0.0
2004-08-31,0.0
2004-09-01,0.0
2004-09-02,0.0
2004-09-03,0.0
2004-09-04,0.0
2004-09-05,0.0
2004-09-06,0.0
2004-09-07,0.0
2004-09-08,0.0
2004-09-09,0.0
2004-09-10,0.0
2004-09-11,0.0
2004-09-12,0.0
2004-09-13,0.0
2004-09-14,0.0
2004-09-15,0.0
2004-09-16,0.0
2004-09-17,0.0
2004-09-18,0.0
2004-09-19,0.0
2004-09-20,0.0
2004-09-21,0.0
2004-09-22,0.0
2004-09-23,0.0
2004-09-24,0.0
2004-09-25,0.0
2004-09-26,0.0
2004-09-27,0.0
2004-09-28,0.0
2004-09-29,0.0
2004-09-30,0.0
2004-10-01,0.0
2004-10-02,0.0
2004-10-03,0.0
2004-10-04,0.0
2004-10-05,0.0
2004-10-06,0.0
2004-10-07,0.0
2004-10-08,0.0
2004-10-09,0.0
2004-10-10,0.0
2004-10-11,0.0
2004-10-12,0.0
2004-10-13,0.0
2004-10-14,0.0
2004-10-15,0.0
2004-10-16,0.0
2004-10-17,0.0
2004-10-18,0.0
2004-10-19,0.0
2004-10-20,0.0
2004-10-21,0.0
2004-10-22,0.0
2004-10-23,0.0
2004-10-24,0.0
2004-10-25,0.0
2004-10-26,0.0
2004-10-27,0.0
2004-10-28,0.0
2004-10-29,0.0
2004-10-30,0.0
2004-10-31,0.0
2004-11-01,0.0
2004-11-02,0.0
2004-11-03,0.0
2004-11-04,0.0
2004-11-05,0.0
2004-11-06,0.0
2004-11-07,0.0
2004-11-08,0.0
2004-11-09,0.0
2004-11-10,0.0
2004-11-11,0.0
2004-11-12,0.0
2004-11-13,0.0
2004-11-14,0.0
2004-11-15,0.0
2004-11-16,0.0
2004-11-17,0.0
2004-11-18,0.0
2004-11-19,0.0
2004-11-20,0.0
2004-11-21,0.0
2004-11-22,0.0
2004-11-23,0.0
2004-11-24,0.0
2004-11-25,0.0
2004-11-26,0.0
2004-11-27,0.0
2004-11-28,0.0
2004-11-29,0.0007700207643210887
2004-11-30,0.00038352806586772203
2004-12-01,0.00019139630603604016
2004-12-02,9.560657053953035e-05
2004-12-03,4.778043512487784e-05
2004-12-04,2.388450957369059e-05
2004-12-05,1.1954585716011936e-05
2004-12-06,5.976935881335521e-06
2004-12-07,2.9883785828133114e-06
2004-12-08,1.4941670087864622e-06
2004-12-09,7.470778768947638e-07
2004-12-10,3.7353754578361986e-07
2004-12-11,1.8676841762044205e-07
2004-12-12,9.338411643966536e-08
2004-12-13,4.669203690355062e-08
2004-12-14,2.334601312270479e-08
2004-12-15,1.1673004784995555e-08
2004-12-16,5.836502392497778e-09
2004-12-17,2.918251196248889e-09
2004-12-18,1.4591255981244444e-09
2004-12-19,7.295627990622222e-10
2004-12-20,3.647813995311111e-10
2004-12-21,1.8239069976555555e-10
2004-12-22,9.119534988277775e-11
2004-12-23,4.559767494138889e-11
2004-12-24,2.2798837470694444e-11
2004-12-25,1.1399418735347222e-11
2004-12-26,5.699709367673611e-12
2004-12-27,2.849854683836805e-12
2004-12-28,1.4249273419184028e-12
2004-12-29,7.124636709592014e-13
2004-12-30,3.562318354796007e-13
2004-12-31,1.7811591773980034e-13
2005-01-01,8.905814182901678e-14
2005-01-02,0.009385033510625362
2005-01-03,0.009385033510625362
2005-01-04,0.009385033510625362
2005-01-05,0.009385033510625362
2005-01-06,0.009405778720974922
2005-01-07,0.004550095647573471
2005-01-08,0.0022265708539634947
2005-01-09,0.0015895216492936015
2005-01-10,0.0011069976026192307
2005-01-11,0.001108840689994395
2005-01-12,0.0005513668875209987
2005-01-13,0.033003028482198715
2005-01-14,0.033003028482198715
2005-01-15,0.033025559037923806
2005-01-16,0.013810576871037487
2005-01-17,0.006429214496165514
2005-01-18,0.003111305879428983
2005-01-19,0.0015314543852582572
2005-01-20,0.0007598638767376542
2005-01-21,0.00037848844658583397
2005-01-22,0.00018888608610723168
2005-01-23,9.435385436518116e-05
2005-01-24,4.715467366622761e-05
2005-01-25,2.357177800149657e-05
2005-01-26,1.1784499292843975e-05
2005-01-27,5.89190267419326e-06
2005-01-28,2.9458647077262867e-06
2005-01-29,1.4729105259903008e-06
2005-01-30,7.364498060269397e-07
2005-01-31,3.682235387714172e-07
2005-02-01,1.841114425360502e-07
2005-02-02,9.20556360028968e-08
2005-02-03,4.602779668516633e-08
2005-02-04,2.301389301351264e-08
2005-02-05,1.1506944730399482e-08
2005-02-06,5.753472365199741e-09
2005-02-07,2.922936115368202e-09
2005-02-08,1.4614832677395384e-09
2005-02-09,7.307416338697692e-10
2005-02-10,3.653708169348846e-10
2005-02-11,1.826854084674423e-10
2005-02-12,9.134270423372115e-11
2005-02-13,4.5671487425291695e-11
2005-02-14,0.011624591425061224
2005-02-15,0.03612926602363586
2005-02-16,0.014836398884654043
2005-02-17,0.006868909113109113
2005-02-18,0.003316546091809869
2005-02-19,0.0016307769110426307
2005-02-20,0.00080874003469944
2005-02-21,0.0004027348768431693
2005-02-22,0.00020096194930374625
2005-02-23,0.0001003800134640187
2005-02-24,5.016481736674905e-05
2005-02-25,2.5076116799027656e-05
2005-02-26,1.2536485883174464e-05
2005-02-27,6.267850039876065e-06
2005-02-28,3.133826794510241e-06
2005-03-01,1.5668889545850107e-06
2005-03-02,7.834383382032684e-07
2005-03-03,3.917176343293249e-07
2005-03-04,1.9585844768243987e-07
2005-03-05,9.792913147066429e-08
2005-03-06,4.896454086633639e-08
2005-03-07,2.4482265104097678e-08
2005-03-08,1.2241130775692003e-08
2005-03-09,6.12056449966758e-09
2005-03-10,3.06028224983379e-09
2005-03-11,1.530141124916895e-09
2005-03-12,7.650705624584475e-10
2005-03-13,3.8253528122922376e-10
2005-03-14,1.9126764061461188e-10
2005-03-15,9.563382030730593e-11
2005-03-16,4.781691015365296e-11
2005-03-17,2.390845507682648e-11
2005-03-18,1.195422753841324e-11
2005-03-19,5.97711376920662e-12
2005-03-20,2.98855688460331e-12
2005-03-21,1.494278442301655e-12
2005-03-22,7.471392211508275e-13
2005-03-23,3.7356961057541377e-13
2005-03-24,1.8678480528770689e-13
2005-03-25,9.339240264385343e-14
2005-03-26,4.669620132192673e-14
2005-03-27,2.3348100660963364e-14
2005-03-28,1.1674050330481682e-14
2005-03-29,5.837025165240841e-15
2005-03-30,2.9185125826204205e-15
2005-03-31,1.4592562913102103e-15
2005-04-01,7.296281456551051e-16
2005-04-02,3.6481407282755256e-16
2005-04-03,1.8240703641377628e-16
2005-04-04,9.120351820688814e-17
2005-04-05,4.560175910344407e-17
2005-04-06,2.2800879551722035e-17
2005-04-07,1.1400439775861014e-17
2005-04-08,5.700219887930509e-18
2005-04-09,2.8501099439652544e-18
2005-04-10,1.4250549719826272e-18
2005-04-11,7.125274859913136e-19
2005-04-12,3.562637429956568e-19
2005-04-13,1.781318714978284e-19
2005-04-14,8.90659357489142e-20
2005-04-15,4.45329678744571e-20
2005-04-16,2.226648393722855e-20
2005-04-17,1.1133241968614275e-20
2005-04-18,5.5666209843071375e-21
2005-04-19,2.7833104921535687e-21
2005-04-20,1.3916552460767844e-21
2005-04-21,6.958276230383922e-22
2005-04-22,3.479138115191961e-22
2005-04-23,1.7395690575959805e-22
2005-04-24,8.697845287979902e-23
2005-04-25,4.348922643989951e-23
2005-04-26,2.1744613219949756e-23
2005-04-27,1.0872306609974878e-23
2005-04-28,5.436153304987439e-24
2005-04-29,2.7180766524937195e-24
2005-04-30,1.3590383262468597e-24
2005-05-01,6.795191631234299e-25
2005-05-02,3.3975958156171493e-25
2005-05-03,1.6987979078085747e-25
2005-05-04,8.493989539042873e-26
2005-05-05,4.2469947695214367e-26
2005-05-06,2.1234973847607183e-26
2005-05-07,1.0617486923803592e-26
2005-05-08,5.308743461901796e-27
2005-05-09,2.654371730950898e-27
2005-05-10,1.327185865475449e-27
2005-05-11,6.635929327377245e-28
2005-05-12,3.3179646636886224e-28
2005-05-13,1.6589823318443112e-28
2005-05-14,8.294911659221556e-29
2005-05-15,4.147455829610778e-29
2005-05-16,2.073727914805389e-29
2005-05-17,1.0368639574026945e-29
2005-05-18,5.1843197870134725e-30
2005-05-19,2.5921598935067363e-30
2005-05-20,1.2960799467533681e-30
2005-05-21,6.480399733766841e-31
2005-05-22,3.2401998668834203e-31
2005-05-23,1.6200999334417102e-31
2005-05-24,8.100499667208551e-32
2005-05-25,4.0502498336042754e-32
2005-05-26,2.0251249168021377e-32
2005-05-27,1.0125624584010689e-32
2005-05-28,5.062812292005344e-33
2005-05-29,2.531406146002672e-33
2005-05-30,1.265703073001336e-33
2005-05-31,6.32851536500668e-34
2005-06-01,3.16425768250334e-34
2005-06-02,1.58212884125167e-34
2005-06-03,7.91064420625835e-35
2005-06-04,3.955322103129175e-35
2005-06-05,1.9776610515645876e-35
2005-06-06,9.888305257822938e-36
2005-06-07,4.944152628911469e-36
2005-06-08,2.4720763144557345e-36
2005-06-09,1.2360381572278672e-36
2005-06-10,6.180190786139336e-37
2005-06-11,3.090095393069668e-37
2005-06-12,1.545047696534834e-37
2005-06-13,7.72523848267417e-38
2005-06-14,3.862619241337085e-38
2005-06-15,1.9313096206685426e-38
2005-06-16,1.9313096206685426e-38
2005-06-17,1.9313096206685426e-38
2005-06-18,1.9313096206685426e-38
2005-06-19,1.9313096206685426e-38
2005-06-20,1.9313096206685426e-38
2005-06-21,1.9313096206685426e-38
2005-06-22,1.9313096206685426e-38
2005-06-23,1.9313096206685426e-38
2005-06-24,1.9313096206685426e-38
2005-06-25,1.9313096206685426e-38
2005-06-26,1.9313096206685426e-38
2005-06-27,1.9313096206685426e-38
2005-06-28,1.9313096206685426e-38
2005-06-29,1.9313096206685426e-38
2005-06-30,1.9313096206685426e-38
2005-07-01,1.9313096206685426e-38
2005-07-02,1.9313096206685426e-38
2005-07-03,1.9313096206685426e-38
2005-07-04,1.9313096206685426e-38
2005-07-05,1.9313096206685426e-38
2005-07-06,1.9313096206685426e-38
2005-07-07,1.9313096206685426e-38
2005-07-08,1.9313096206685426e-38
2005-07-09,1.9313096206685426e-38
2005-07-10,1.9313096206685426e-38
2005-07-11,1.9313096206685426e-38
2005-07-12,1.9313096206685426e-38
2005-07-13,1.9313096206685426e-38
2005-07-14,1.9313096206685426e-38
2005-07-15,1.9313096206685426e-38
2005-07-16,1.9313096206685426e-38
2005-07-17,1.9313096206685426e-38
2005-07-18,1.9313096206685426e-38
2005-07-19,1.9313096206685426e-38
2005-07-20,1.9313096206685426e-38
2005-07-21,1.9313096206685426e-38
2005-07-22,1.9313096206685426e-38
2005-07-23,1.9313096206685426e-38
2005-07-24,1.9313096206685426e-38
2005-07-25,1.9313096206685426e-38
2005-07-26,1.9313096206685426e-38
2005-07-27,1.9313096206685426e-38
2005-07-28,1.9313096206685426e-38
2005-07-29,1.9313096206685426e-38
2005-07-30,1.9313096206685426e-38
2005-07-31,1.9313096206685426e-38
2005-08-01,1.9313096206685426e-38
2005-08-02,1.9313096206685426e-38
2005-08-03,1.9313096206685426e-38
2005-08-04,1.9313096206685426e-38
2005-08-05,1.9313096206685426e-38
2005-08-06,1.9313096206685426e-38
2005-08-07,1.9313096206685426e-38
2005-08-08,1.9313096206685426e-38
2005-08-09,1.9313096206685426e-38
2005-08-10,1.9313096206685426e-38
2005-08-11,1.9313096206685426e-38
2005-08-12,1.9313096206685426e-38
2005-08-13,1.9313096206685426e-38
2005-08-14,1.9313096206685426e-38
2005-08-15,1.9313096206685426e-38
2005-08-16,1.9313096206685426e-38
2005-08-17,1.9313096206685426e-38
2005-08-18,1.9313096206685426e-38
2005-08-19,1.9313096206685426e-38
2005-08-20,1.9313096206685426e-38
2005-08-21,1.9313096206685426e-38
2005-08-22,1.9313096206685426e-38
2005-08-23,1.9313096206685426e-38
2005-08-24,1.9313096206685426e-38
2005-08-25,1.9313096206685426e-38
2005-08-26,1.9313096206685426e-38
2005-08-27,1.9313096206685426e-38
2005-08-28,1.9313096206685426e-38
2005-08-29,1.9313096206685426e-38
2005-08-30,1.9313096206685426e-38
2005-08-31,1.9313096206685426e-38
2005-09-01,1.9313096206685426e-38
2005-09-02,1.9313096206685426e-38
2005-09-03,1.9313096206685426e-38
2005-09-04,1.9313096206685426e-38
2005-09-05,1.9313096206685426e-38
2005-09-06,1.9313096206685426e-38
2005-09-07,1.9313096206685426e-38
2005-09-08,1.9313096206685426e-38
2005-09-09,1.9313096206685426e-38
2005-09-10,1.9313096206685426e-38
2005-09-11,1.9313096206685426e-38
2005-09-12,1.9313096206685426e-38
2005-09-13,1.9313096206685426e-38
2005-09-14,1.9313096206685426e-38
2005-09-15,1.9313096206685426e-38
2005-09-16,1.9313096206685426e-38
2005-09-17,1.9313096206685426e-38
2005-09-18,1.9313096206685426e-38
2005-09-19,1.9313096206685426e-38
2005-09-20,1.9313096206685426e-38
2005-09-21,1.9313096206685426e-38
2005-09-22,1.9313096206685426e-38
2005-09-23,1.9313096206685426e-38
2005-09-24,1.9313096206685426e-38
2005-09-25,1.9313096206685426e-38
2005-09-26,1.9313096206685426e-38
2005-09-27,1.9313096206685426e-38
2005-09-28,1.9313096206685426e-38
2005-09-29,1.9313096206685426e-38
2005-09-30,1.9313096206685426e-38
2005-10-01,1.9313096206685426e-38
2005-10-02,1.9313096206685426e-38
2005-10-03,1.9313096206685426e-38
2005-10-04,1.9313096206685426e-38
2005-10-05,1.9313096206685426e-38
2005-10-06,1.9313096206685426e-38
2005-10-07,1.9313096206685426e-38
2005-10-08,1.9313096206685426e-38
2005-10-09,1.9313096206685426e-38
2005-10-10,1.9313096206685426e-38
2005-10-11,1.9313096206685426e-38
2005-10-12,1.9313096206685426e-38
2005-10-13,1.9313096206685426e-38
2005-10-14,1.9313096206685426e-38
2005-10-15,1.9313096206685426e-38
2005-10-16,1.9313096206685426e-38
2005-10-17,1.9313096206685426e-38
2005-10-18,1.9313096206685426e-38
2005-10-19,1.9313096206685426e-38
2005-10-20,1.9313096206685426e-38
2005-10-21,1.9313096206685426e-38
2005-10-22,1.9313096206685426e-38
2005-10-23,1.9313096206685426e-38
2005-10-24,1.9313096206685426e-38
2005-10-25,1.9313096206685426e-38
2005-10-26,1.9313096206685426e-38
2005-10-27,1.9313096206685426e-38
2005-10-28,1.9313096206685426e-38
2005-10-29,1.9313096206685426e-38
2005-10-30,1.9313096206685426e-38
2005-10-31,1.9313096206685426e-38
2005-11-01,1.9313096206685426e-38
2005-11-02,1.9313096206685426e-38
2005-11-03,1.9313096206685426e-38
2005-11-04,1.9313096206685426e-38
2005-11-05,1.9313096206685426e-38
2005-11-06,1.9313096206685426e-38
2005-11-07,1.9313096206685426e-38
2005-11-08,1.9313096206685426e-38
2005-11-09,1.9313096206685426e-38
2005-11-10,1.9313096206685426e-38
2005-11-11,1.9313096206685426e-38
2005-11-12,1.9313096206685426e-38
2005-11-13,1.9313096206685426e-38
2005-11-14,1.9313096206685426e-38
2005-11-15,1.9313096206685426e-38
2005-11-16,1.9313096206685426e-38
2005-11-17,1.9313096206685426e-38
2005-11-18,1.9313096206685426e-38
2005-11-19,1.9313096206685426e-38
2005-11-20,1.9313096206685426e-38
2005-11-21,1.9313096206685426e-38
2005-11-22,1.9313096206685426e-38
2005-11-23,1.9313096206685426e-38
2005-11-24,1.9313096206685426e-38
2005-11-25,1.9313096206685426e-38
2005-11-26,1.9313096206685426e-38
2005-11-27,1.9313096206685426e-38
2005-11-28,0.016783135011792183
2005-11-29,0.00770182255655527
2005-11-30,0.0037043853662908086
2005-12-01,0.0018346392316743727
2005-12-02,0.0010561520466580987
2005-12-03,0.009825867600739004
2005-12-04,0.043560490012168884
2005-12-05,0.017110286280512806
2005-12-06,0.007825500331819057
2005-12-07,0.005186264403164387
2005-12-08,0.006809221114963292
2005-12-09,0.003740746527910233
2005-12-10,0.0018354885978624222
2005-12-11,0.000909321941435337
2005-12-12,0.00046399337588809436
2005-12-13,0.0025849379599094395
2005-12-14,0.002601267769932747
2005-12-15,0.002601267769932747
2005-12-16,0.002601267769932747
2005-12-17,0.002601267769932747
2005-12-18,0.0030462529975920916
2005-12-19,0.001499929232522845
2005-12-20,0.0007443403010256588
2005-12-21,0.00037078504101373255
2005-12-22,0.00018504881882108748
2005-12-23,9.243879321729764e-05
2005-12-24,4.619803439709357e-05
2005-12-25,2.309368028363678e-05
2005-12-26,1.1545505913090892e-05
2005-12-27,5.772420081484596e-06
2005-12-28,2.8861268219770872e-06
2005-12-29,1.4430426062972401e-06
2005-12-30,7.215160735540849e-07
2005-12-31,3.6075675780011807e-07
2006-01-01,1.8037805205040056e-07
2006-01-02,9.0188940760072e-08
2006-01-03,4.509444906375393e-08
2006-01-04,2.254721920280645e-08
2006-01-05,1.1273607825046385e-08
2006-01-06,5.6368039125231925e-09
2006-01-07,2.8184019562615963e-09
2006-01-08,1.4092009781307981e-09
2006-01-09,7.046004890653989e-10
2006-01-10,3.5230024453269943e-10
2006-01-11,1.7615012226634971e-10
2006-01-12,8.807506113317486e-11
2006-01-13,4.403753056658744e-11
2006-01-14,2.201876528329372e-11
2006-01-15,1.1009382641646857e-11
2006-01-16,5.5046913208234286e-12
2006-01-17,2.7523456604117143e-12
2006-01-18,1.3761728302058571e-12
2006-01-19,6.880864151029288e-13
2006-01-20,3.440432075514644e-13
2006-01-21,1.7202160377573214e-13
2006-01-22,8.601080188786607e-14
2006-01-23,4.3005400943933036e-14
2006-01-24,2.1502700471966518e-14
2006-01-25,1.0751350235983259e-14
2006-01-26,5.3756751179916295e-15
2006-01-27,2.6878375589958147e-15
2006-01-28,1.3439187794979074e-15
2006-01-29,6.719593897489537e-16
2006-01-30,3.3597969487447684e-16
2006-01-31,1.6798984743723842e-16
2006-02-01,8.399492371861921e-17
2006-02-02,4.1997461859309605e-17
2006-02-03,2.0998730929654803e-17
2006-02-04,1.0499365464827401e-17
2006-02-05,5.249682732413701e-18
2006-02-06,2.6248413662068507e-18
2006-02-07,1.3124206831034252e-18
2006-02-08,6.562103415517127e-19
2006-02-09,3.2810517077585634e-19
2006-02-10,1.6405258538792815e-19
2006-02-11,8.202629269396407e-20
2006-02-12,4.1013146346982036e-20
2006-02-13,2.0506573173491018e-20
2006-02-14,1.0254122653087299e-20
2006-02-15,0.0001339998416369781
2006-02-16,0.00021602344349958
2006-02-17,0.00021602344349958
2006-02-18,0.00021602344349958
2006-02-19,0.00021602344349958
2006-02-20,0.0006539524765685201
2006-02-21,0.0003259072545915842
2006-02-22,0.0001626880839467049
2006-02-23,8.127786713885143e-05
2006-02-24,0.0001313404500251636
2006-02-25,6.563217903021723e-05
2006-02-26,3.280532109783962e-05
2006-02-27,1.6399970263591968e-05
2006-02-28,8.199313015211372e-06
2006-03-01,4.099488251085859e-06
2006-03-02,2.049702061412973e-06
2006-03-03,1.0248405715174158e-06
2006-03-04,5.124176709614404e-07
2006-03-05,2.5620818178140325e-07
2006-03-06,1.2810392036044502e-07
2006-03-07,6.405192465308572e-08
2006-03-08,3.2025951668401824e-08
2006-03-09,1.601302201947874e-08
2006-03-10,1.1979257585892354e-08
2006-03-11,6.725758616710208e-09
2006-03-12,3.362884859470228e-09
2006-03-13,1.681442429735114e-09
2006-03-14,8.40721214867557e-10
2006-03-15,4.203606074337785e-10
2006-03-16,2.101803037168892e-10
2006-03-17,1.050901518584446e-10
2006-03-18,5.2545075929222313e-11
2006-03-19,2.6272537964611157e-11
2006-03-20,1.3136268982305578e-11
2006-03-21,6.568134491152789e-12
2006-03-22,3.2840672455763946e-12
2006-03-23,1.6420336227881973e-12
2006-03-24,8.210168113940986e-13
2006-03-25,4.105084056970493e-13
2006-03-26,2.0525420284852466e-13
2006-03-27,1.0262710142426236e-13
2006-03-28,5.131355071213116e-14
2006-03-29,2.5656775356065576e-14
2006-03-30,1.2828387678032788e-14
2006-03-31,6.414193839016394e-15
2006-04-01,3.207096919508197e-15
2006-04-02,1.6035484597540987e-15
2006-04-03,8.017742298770493e-16
2006-04-04,4.008871149385247e-16
2006-04-05,2.0044355746926234e-16
2006-04-06,1.0022177873463116e-16
2006-04-07,5.0110889367315585e-17
2006-04-08,2.505544468365779e-17
2006-04-09,1.2527722341828895e-17
2006-04-10,6.263861170914447e-18
2006-04-11,3.1319305854572237e-18
2006-04-12,1.5659652927286118e-18
2006-04-13,7.829826463643059e-19
2006-04-14,3.9149132318215296e-19
2006-04-15,1.9574566159107648e-19
2006-04-16,9.787283079553824e-20
2006-04-17,4.893641539776912e-20
2006-04-18,2.446820769888456e-20
2006-04-19,1.223410384944228e-20
2006-04-20,6.11705192472114e-21
2006-04-21,3.05852596236057e-21
2006-04-22,1.529262981180285e-21
2006-04-23,7.646314905901426e-22
2006-04-24,3.8231574529507125e-22
2006-04-25,1.9115787264753562e-22
2006-04-26,9.557893632376782e-23
2006-04-27,4.778946816188391e-23
2006-04-28,2.3894734080941956e-23
2006-04-29,1.1947367040470978e-23
2006-04-30,5.973683520235489e-24
2006-05-01,2.9868417601177445e-24
2006-05-02,1.4934208800588723e-24
2006-05-03,7.467104400294361e-25
2006-05-04,3.7335522001471806e-25
2006-05-05,1.8667761000735903e-25
2006-05-06,9.33388050036795e-26
2006-05-07,4.666940250183975e-26
2006-05-08,2.3334701250919876e-26
2006-05-09,1.1667350625459938e-26
2006-05-10,5.833675312729969e-27
2006-05-11,2.9168376563649845e-27
2006-05-12,1.4584188281824923e-27
2006-05-13,7.292094140912461e-28
2006-05-14,3.6460470704562306e-28
2006-05-15,1.8230235352281153e-28
2006-05-16,9.115117676140577e-29
2006-05-17,4.5575588380702883e-29
2006-05-18,2.2787794190351441e-29
2006-05-19,1.1393897095175721e-29
2006-05-20,5.6969485475878604e-30
2006-05-21,2.8484742737939302e-30
2006-05-22,1.4242371368969651e-30
2006-05-23,7.1211856844848255e-31
2006-05-24,3.5605928422424127e-31
2006-05-25,1.7802964211212064e-31
2006-05-26,8.901482105606033e-32
2006-05-27,4.450741052803016e-32
2006-05-28,2.225370526401508e-32
2006-05-29,1.112685263200754e-32
2006-05-30,5.56342631600377e-33
2006-05-31,2.781713158001885e-33
2006-06-01,1.3908565790009425e-33
2006-06-02,6.954282895004712e-34
2006-06-03,3.477141447502356e-34
2006-06-04,1.738570723751178e-34
2006-06-05,8.69285361875589e-35
2006-06-06,4.346426809377945e-35
2006-06-07,2.1732134046889726e-35
2006-06-08,1.0866067023444863e-35
2006-06-09,5.433033511722432e-36
2006-06-10,2.716516755861216e-36
2006-06-11,1.358258377930608e-36
2006-06-12,6.79129188965304e-37
2006-06-13,3.39564594482652e-37
2006-06-14,1.69782297241326e-37
2006-06-15,8.4891148620663e-38
2006-06-16,4.24455743103315e-38
2006-06-17,2.122278715516575e-38
2006-06-18,2.122278715516575e-38
2006-06-19,2.122278715516575e-38
2006-06-20,2.122278715516575e-38
2006-06-21,2.122278715516575e-38
2006-06-22,2.122278715516575e-38
2006-06-23,2.122278715516575e-38
2006-06-24,2.122278715516575e-38
2006-06-25,2.122278715516575e-38
2006-06-26,2.122278715516575e-38
2006-06-27,2.122278715516575e-38
2006-06-28,2.122278715516575e-38
2006-06-29,2.122278715516575e-38
2006-06-30,2.122278715516575e-38
2006-07-01,2.122278715516575e-38
2006-07-02,2.122278715516575e-38
2006-07-03,2.122278715516575e-38
2006-07-04,2.122278715516575e-38
2006-07-05,2.122278715516575e-38
2006-07-06,2.122278715516575e-38
2006-07-07,2.122278715516575e-38
2006-07-08,2.122278715516575e-38
2006-07-09,2.122278715516575e-38
2006-07-10,2.122278715516575e-38
2006-07-11,2.122278715516575e-38
2006-07-12,2.122278715516575e-38
2006-07-13,2.122278715516575e-38
2006-07-14,2.122278715516575e-38
2006-07-15,2.122278715516575e-38
2006-07-16,2.122278715516575e-38
2006-07-17,2.122278715516575e-38
2006-07-18,2.122278715516575e-38
2006-07-19,2.122278715516575e-38
2006-07-20,2.122278715516575e-38
2006-07-21,2.122278715516575e-38
2006-07-22,2.122278715516575e-38
2006-07-23,2.122278715516575e-38
2006-07-24,2.122278715516575e-38
2006-07-25,2.122278715516575e-38
2006-07-26,2.122278715516575e-38
2006-07-27,2.122278715516575e-38
2006-07-28,2.122278715516575e-38
2006-07-29,2.122278715516575e-38
2006-07-30,2.122278715516575e-38
2006-07-31,2.122278715516575e-38
2006-08-01,2.122278715516575e-38
2006-08-02,2.122278715516575e-38
2006-08-03,2.122278715516575e-38
2006-08-04,2.122278715516575e-38
2006-08-05,2.122278715516575e-38
2006-08-06,2.122278715516575e-38
2006-08-07,2.122278715516575e-38
2006-08-08,2.122278715516575e-38
2006-08-09,2.122278715516575e-38
2006-08-10,2.122278715516575e-38
2006-08-11,2.122278715516575e-38
2006-08-12,2.122278715516575e-38
2006-08-13,2.122278715516575e-38
2006-08-14,2.122278715516575e-38
2006-08-15,2.122278715516575e-38
2006-08-16,2.122278715516575e-38
2006-08-17,2.122278715516575e-38
2006-08-18,2.122278715516575e-38
2006-08-19,2.122278715516575e-38
2006-08-20,2.122278715516575e-38
2006-08-21,2.122278715516575e-38
2006-08-22,2.122278715516575e-38
2006-08-23,2.122278715516575e-38
2006-08-24,2.122278715516575e-38
2006-08-25,2.122278715516575e-38
2006-08-26,2.122278715516575e-38
2006-08-27,2.122278715516575e-38
2006-08-28,2.122278715516575e-38
2006-08-29,2.122278715516575e-38
2006-08-30,2.122278715516575e-38
2006-08-31,2.122278715516575e-38
2006-09-01,2.122278715516575e-38
2006-09-02,2.122278715516575e-38
2006-09-03,2.122278715516575e-38
2006-09-04,2.122278715516575e-38
2006-09-05,2.122278715516575e-38
2006-09-06,2.122278715516575e-38
2006-09-07,2.122278715516575e-38
2006-09-08,2.122278715516575e-38
2006-09-09,2.122278715516575e-38
2006-09-10,2.122278715516575e-38
2006-09-11,2.122278715516575e-38
2006-09-12,2.122278715516575e-38
2006-09-13,2.122278715516575e-38
2006-09-14,2.122278715516575e-38
2006-09-15,2.122278715516575e-38
2006-09-16,2.122278715516575e-38
2006-09-17,2.122278715516575e-38
2006-09-18,2.122278715516575e-38
2006-09-19,2.122278715516575e-38
2006-09-20,2.122278715516575e-38
2006-09-21,2.122278715516575e-38
2006-09-22,2.122278715516575e-38
2006-09-23,2.122278715516575e-38
2006-09-24,2.122278715516575e-38
2006-09-25,2.122278715516575e-38
2006-09-26,2.122278715516575e-38
2006-09-27,2.122278715516575e-38
2006-09-28,2.122278715516575e-38
2006-09-29,2.122278715516575e-38
2006-09-30,2.122278715516575e-38
2006-10-01,2.122278715516575e-38
2006-10-02,2.122278715516575e-38
2006-10-03,2.122278715516575e-38
2006-10-04,2.122278715516575e-38
2006-10-05,2.122278715516575e-38
2006-10-06,2.122278715516575e-38
2006-10-07,2.122278715516575e-38
2006-10-08,2.122278715516575e-38
2006-10-09,2.122278715516575e-38
2006-10-10,2.122278715516575e-38
2006-10-11,2.122278715516575e-38
2006-10-12,2.122278715516575e-38
2006-10-13,2.122278715516575e-38
2006-10-14,2.122278715516575e-38
2006-10-15,2.122278715516575e-38
2006-10-16,2.122278715516575e-38
2006-10-17,2.122278715516575e-38
2006-10-18,2.122278715516575e-38
2006-10-19,2.122278715516575e-38
2006-10-20,2.122278715516575e-38
2006-10-21,2.122278715516575e-38
2006-10-22,2.122278715516575e-38
2006-10-23,2.122278715516575e-38
2006-10-24,2.122278715516575e-38
2006-10-25,2.122278715516575e-38
2006-10-26,2.122278715516575e-38
2006-10-27,2.122278715516575e-38
2006-10-28,2.122278715516575e-38
2006-10-29,2.122278715516575e-38
2006-10-30,2.122278715516575e-38
2006-10-31,2.122278715516575e-38
2006-11-01,2.122278715516575e-38
2006-11-02,2.122278715516575e-38
2006-11-03,2.122278715516575e-38
2006-11-04,2.122278715516575e-38
2006-11-05,2.122278715516575e-38
2006-11-06,2.122278715516575e-38
2006-11-07,2.122278715516575e-38
2006-11-08,2.122278715516575e-38
2006-11-09,2.122278715516575e-38
2006-11-10,2.122278715516575e-38
2006-11-11,2.122278715516575e-38
2006-11-12,2.122278715516575e-38
2006-11-13,2.122278715516575e-38
2006-11-14,2.122278715516575e-38
2006-11-15,2.122278715516575e-38
2006-11-16,2.122278715516575e-38
2006-11-17,2.122278715516575e-38
2006-11-18,2.122278715516575e-38
2006-11-19,2.122278715516575e-38
2006-11-20,2.122278715516575e-38
2006-11-21,2.122278715516575e-38
2006-11-22,2.122278715516575e-38
2006-11-23,2.122278715516575e-38
2006-11-24,2.122278715516575e-38
2006-11-25,2.122278715516575e-38
2006-11-26,2.122278715516575e-38
2006-11-27,0.008102553896605967
2006-11-28,14.205605506896973
2006-11-29,14.205605506896973
2006-11-30,12.34953498840332
2006-12-01,10.768768310546877
2006-12-02,10.669415473937987
2006-12-03,7.84210968017578
2006-12-04,1.4946665763854978
2006-12-05,4.768371582031249e-07
2006-12-06,2.384180106673739e-07
2006-12-07,1.1920886322513981e-07
2006-12-08,5.960439608543312e-08
2006-12-09,2.9802190937289203e-08
2006-12-10,1.490109369228776e-08
2006-12-11,7.450545957965459e-09
2006-12-12,3.7252729789827295e-09
2006-12-13,1.8626364894913647e-09
2006-12-14,9.313182447456826e-10
2006-12-15,4.656591223728413e-10
2006-12-16,2.557376532763555e-10
2006-12-17,0.0007700209971517326
2006-12-18,0.0029023184906691317
2006-12-19,0.0014301020419225097
2006-12-20,0.0007099381182342769
2006-12-21,0.00035370903788134456
2006-12-22,0.00017654174007475376
2006-12-23,8.819295180728659e-05
2006-12-24,4.407703090691938e-05
2006-12-25,2.2033656932762824e-05
2006-12-26,1.1015615200449247e-05
2006-12-27,5.507504283741582e-06
2006-12-28,2.865192300305352e-06
2006-12-29,1.4336283129523508e-06
2006-12-30,0.014750220812857153
2006-12-31,0.006832398474216461
2007-01-01,0.003299540607258677
2007-01-02,0.0016225554281845689
2007-01-03,0.0008046961738727987
2007-01-04,0.00040072933188639587
2007-01-05,0.00019999017240479589
2007-01-06,9.989509999286385e-05
2007-01-07,4.992260073777287e-05
2007-01-08,2.4955070330179293e-05
2007-01-09,1.2475978110160213e-05
2007-01-10,6.237623438209995e-06
2007-01-11,4.343426704406737
2007-01-12,4.343426704406737
2007-01-13,4.343426704406737
2007-01-14,4.343426704406737
2007-01-15,4.343426704406737
2007-01-16,4.366413116455078
2007-01-17,4.366455554962158
2007-01-18,3.7875387668609615
2007-01-19,0.0
2007-01-20,0.0
2007-01-21,0.0
2007-01-22,0.0
2007-01-23,0.0
2007-01-24,0.0
2007-01-25,0.0
2007-01-26,0.0
2007-01-27,0.0
2007-01-28,0.0
2007-01-29,0.0
2007-01-30,0.0
2007-01-31,0.0
2007-02-01,0.0
2007-02-02,0.0
2007-02-03,0.0
2007-02-04,0.0
2007-02-05,0.0
2007-02-06,0.0
2007-02-07,0.0
2007-02-08,0.0
2007-02-09,0.0
2007-02-10,0.0
2007-02-11,0.0
2007-02-12,0.0
2007-02-13,0.0
2007-02-14,0.0
2007-02-15,0.0
2007-02-16,0.0
2007-02-17,0.0
2007-02-18,0.0
2007-02-19,0.0
2007-02-20,0.0
2007-02-21,0.0
2007-02-22,0.0
2007-02-23,0.0
2007-02-24,0.0
2007-02-25,0.0
2007-02-26,0.0
2007-02-27,0.0
2007-02-28,0.0
2007-03-01,0.0
2007-03-02,0.0
2007-03-03,0.0
2007-03-04,0.0
2007-03-05,0.0
2007-03-06,0.0
2007-03-07,0.0
2007-03-08,0.0
2007-03-09,0.0
2007-03-10,0.0
2007-03-11,0.0
2007-03-12,0.0
2007-03-13,0.0
2007-03-14,0.0
2007-03-15,0.0
2007-03-16,0.0
2007-03-17,0.0
2007-03-18,0.0
2007-03-19,0.0
2007-03-20,0.0
2007-03-21,0.0
2007-03-22,0.0
2007-03-23,0.0
2007-03-24,0.0
2007-03-25,0.0
2007-03-26,0.0
2007-03-27,0.0
2007-03-28,0.0
2007-03-29,0.0
2007-03-30,0.0
2007-03-31,0.0
2007-04-01,0.0
2007-04-02,0.0
2007-04-03,0.0
2007-04-04,0.0
2007-04-05,0.0
2007-04-06,0.0
2007-04-07,0.0
2007-04-08,0.0
2007-04-09,0.0
2007-04-10,0.0
2007-04-11,0.0
2007-04-12,0.0
2007-04-13,0.0
2007-04-14,0.0
2007-04-15,0.0
2007-04-16,0.0
2007-04-17,0.0
2007-04-18,0.0
2007-04-19,0.0
2007-04-20,0.0
2007-04-21,0.0
2007-04-22,0.0
2007-04-23,0.0
2007-04-24,0.0
2007-04-25,0.0
2007-04-26,0.0
2007-04-27,0.0
2007-04-28,0.0
2007-04-29,0.0
2007-04-30,0.0
2007-05-01,0.0
2007-05-02,0.0
2007-05-03,0.0
2007-05-04,0.0
2007-05-05,0.0
2007-05-06,0.0
2007-05-07,0.0
2007-05-08,0.0
2007-05-09,0.0
2007-05-10,0.0
2007-05-11,0.0
2007-05-12,0.0
2007-05-13,0.0
2007-05-14,0.0
2007-05-15,0.0
2007-05-16,0.0
2007-05-17,0.0
2007-05-18,0.0
2007-05-19,0.0
2007-05-20,0.0
2007-05-21,0.0
2007-05-22,0.0
2007-05-23,0.0
2007-05-24,0.0
2007-05-25,0.0
2007-05-26,0.0
2007-05-27,0.0
2007-05-28,0.0
2007-05-29,0.0
2007-05-30,0.0
2007-05-31,0.0
2007-06-01,0.0
2007-06-02,0.0
2007-06-03,0.0
2007-06-04,0.0
2007-06-05,0.0
2007-06-06,0.0
2007-06-07,0.0
2007-06-08,0.0
2007-06-09,0.0
2007-06-10,0.0
2007-06-11,0.0
2007-06-12,0.0
2007-06-13,0.0
2007-06-14,0.0
2007-06-15,0.0
2007-06-16,0.0
2007-06-17,0.0
2007-06-18,0.0
2007-06-19,0.0
2007-06-20,0.0
2007-06-21,0.0
2007-06-22,0.0
2007-06-23,0.0
2007-06-24,0.0
2007-06-25,0.0
2007-06-26,0.0
2007-06-27,0.0
2007-06-28,0.0
2007-06-29,0.0
2007-06-30,0.0
2007-07-01,0.0
2007-07-02,0.0
2007-07-03,0.0
2007-07-04,0.0
2007-07-05,0.0
2007-07-06,0.0
2007-07-07,0.0
2007-07-08,0.0
2007-07-09,0.0
2007-07-10,0.0
2007-07-11,0.0
2007-07-12,0.0
2007-07-13,0.0
2007-07-14,0.0
2007-07-15,0.0
2007-07-16,0.0
2007-07-17,0.0
2007-07-18,0.0
2007-07-19,0.0
2007-07-20,0.0
2007-07-21,0.0
2007-07-22,0.0
2007-07-23,0.0
2007-07-24,0.0
2007-07-25,0.0
2007-07-26,0.0
2007-07-27,0.0
2007-07-28,0.0
2007-07-29,0.0
2007-07-30,0.0
2007-07-31,0.0
2007-08-01,0.0
2007-08-02,0.0
2007-08-03,0.0
2007-08-04,0.0
2007-08-05,0.0
2007-08-06,0.0
2007-08-07,0.0
2007-08-08,0.0
2007-08-09,0.0
2007-08-10,0.0
2007-08-11,0.0
2007-08-12,0.0
2007-08-13,0.0
2007-08-14,0.0
2007-08-15,0.0
2007-08-16,0.0
2007-08-17,0.0
2007-08-18,0.0
2007-08-19,0.0
2007-08-20,0.0
2007-08-21,0.0
2007-08-22,0.0
2007-08-23,0.0
2007-08-24,0.0
2007-08-25,0.0
2007-08-26,0.0
2007-08-27,0.0
2007-08-28,0.0
2007-08-29,0.0
2007-08-30,0.0
2007-08-31,0.0
2007-09-01,0.0
2007-09-02,0.0
2007-09-03,0.0
2007-09-04,0.0
2007-09-05,0.0
2007-09-06,0.0
2007-09-07,0.0
2007-09-08,0.0
2007-09-09,0.0
2007-09-10,0.0
2007-09-11,0.0
2007-09-12,0.0
2007-09-13,0.0
2007-09-14,0.0
2007-09-15,0.0
2007-09-16,0.0
2007-09-17,0.0
2007-09-18,0.0
2007-09-19,0.0
2007-09-20,0.0
2007-09-21,0.0
2007-09-22,0.0
2007-09-23,0.0
2007-09-24,0.0
2007-09-25,0.0
2007-09-26,0.0
2007-09-27,0.0
2007-09-28,0.0
2007-09-29,0.0
2007-09-30,0.0
2007-10-01,0.0
2007-10-02,0.0
2007-10-03,0.0
2007-10-04,0.0
2007-10-05,0.0
2007-10-06,0.0
2007-10-07,0.0
2007-10-08,0.0
2007-10-09,0.0
2007-10-10,0.0
2007-10-11,0.0
2007-10-12,0.0
2007-10-13,0.0
2007-10-14,0.0
2007-10-15,0.0
2007-10-16,0.0
2007-10-17,0.0
2007-10-18,0.0
2007-10-19,0.0
2007-10-20,0.0
2007-10-21,0.0
2007-10-22,0.0
2007-10-23,0.0
2007-10-24,0.0
2007-10-25,0.0
2007-10-26,0.0
2007-10-27,0.0
2007-10-28,0.0
2007-10-29,0.0
2007-10-30,0.0
2007-10-31,0.0
2007-11-01,0.0
2007-11-02,0.0
2007-11-03,0.0
2007-11-04,0.0
2007-11-05,0.0
2007-11-06,0.0
2007-11-07,0.0
2007-11-08,0.0
2007-11-09,0.0
2007-11-10,0.0
2007-11-11,0.0
2007-11-12,0.0
2007-11-13,0.0
2007-11-14,0.0
2007-11-15,0.0
2007-11-16,0.0
2007-11-17,0.0
2007-11-18,0.0
2007-11-19,0.0
2007-11-20,0.0
2007-11-21,0.0
2007-11-22,0.0
2007-11-23,0.0
2007-11-24,0.0
2007-11-25,0.0
2007-11-26,0.0
2007-11-27,0.0
2007-11-28,0.0
2007-11-29,0.0
2007-11-30,7.159555389080197e-05
2007-12-01,0.00030976935522630805
2007-12-02,0.00015469113714061675
2007-12-03,7.728574564680457e-05
2007-12-04,3.862793892039917e-05
2007-12-05,1.9310238712932918e-05
2007-12-06,9.65418712439714e-06
2007-12-07,4.826860731554916e-06
2007-12-08,2.416766847090912e-06
2007-12-09,0.03449390456080436
2007-12-10,0.03516093268990516
2007-12-11,0.014521200209856032
2007-12-12,0.0067533254623413095
2007-12-13,0.0032626877073198557
2007-12-14,0.0016047334065660836
2007-12-15,0.0007959289359860122
2007-12-16,0.00039638069574721163
2007-12-17,0.00019779756257776168
2007-12-18,9.8800977866631e-05
2007-12-19,4.937608537147752e-05
2007-12-20,2.468194725224748e-05
2007-12-21,1.2339551176410167e-05
2007-12-22,6.170223514345707e-06
2007-12-23,3.0850164876028425e-06
2007-12-24,1.5424844832523377e-06
2007-12-25,7.713986747148737e-07
2007-12-26,5.48400294064777e-07
2007-12-27,3.216075583623024e-07
2007-12-28,1.6303127381434024e-07
2007-12-29,8.153034514180035e-08
2007-12-30,4.0766892084320716e-08
2007-12-31,2.18390052708628e-08
2008-01-01,1.0919550597066065e-08
2008-01-02,5.4597752985330325e-09
2008-01-03,2.7298876492665163e-09
2008-01-04,1.3649438246332581e-09
2008-01-05,6.824719123166291e-10
2008-01-06,3.4130098747198185e-10
2008-01-07,6.862662121420726e-05
2008-01-08,3.4302334825042635e-05
2008-01-09,1.71482352016028e-05
2008-01-10,8.573382729082368e-06
2008-01-11,4.286507191864075e-06
2008-01-12,2.143207666449598e-06
2008-01-13,1.0715923508541891e-06
2008-01-14,5.357932764127327e-07
2008-01-15,3.0381912097254826e-07
2008-01-16,0.003891451749950647
2008-01-17,0.004339269828051329
2008-01-18,0.0029515391215682025
2008-01-19,0.0017585777677595615
2008-01-20,0.0008821550291031598
2008-01-21,0.0008821550291031598
2008-01-22,0.0008821550291031598
2008-01-23,0.0008821550291031598
2008-01-24,0.0009101029718294739
2008-01-25,0.0009101029718294739
2008-01-26,1.2310254573822017
2008-01-27,1.2550985813140867
2008-01-28,1.2551077604293823
2008-01-29,1.2645924091339111
2008-01-30,0.0008877515792846678
2008-01-31,0.00044190717744641017
2008-02-01,0.00022046652156859644
2008-02-02,0.00011729096149792893
2008-02-03,0.00524875707924366
2008-02-04,0.021933382377028465
2008-02-05,0.009768811054527758
2008-02-06,0.004646238870918752
2008-02-07,0.002269160468131304
2008-02-08,0.0011217080755159259
2008-02-09,0.0005577084957621992
2008-02-10,0.0002780766517389565
2008-02-11,0.00013884501822758466
2008-02-12,6.937431317055598e-05
2008-02-13,3.467512215138413e-05
2008-02-14,1.733456520014442e-05
2008-02-15,8.666531357448548e-06
2008-02-16,4.333077868068358e-06
2008-02-17,2.1664918676833626e-06
2008-02-18,1.0832342240973956e-06
2008-02-19,5.416142130343361e-07
2008-02-20,2.7080636755272286e-07
2008-02-21,1.354030132461048e-07
2008-02-22,6.770145688506091e-08
2008-02-23,3.385071778438942e-08
2008-02-24,1.692535711583787e-08
2008-02-25,8.462677669740516e-09
2008-02-26,4.231338834870258e-09
2008-02-27,2.115669417435129e-09
2008-02-28,1.0578347087175646e-09
2008-02-29,5.289173543587822e-10
2008-03-01,2.644586771793911e-10
2008-03-02,1.3222933858969554e-10
2008-03-03,6.611466929484777e-11
2008-03-04,3.3057334647423886e-11
2008-03-05,1.6528667323711943e-11
2008-03-06,8.264333661855972e-12
2008-03-07,4.132166830927986e-12
2008-03-08,2.066083415463993e-12
2008-03-09,1.0330417077319964e-12
2008-03-10,5.165208538659982e-13
2008-03-11,2.582604269329991e-13
2008-03-12,1.2913021346649955e-13
2008-03-13,6.456510673324978e-14
2008-03-14,3.228255336662489e-14
2008-03-15,1.6141276683312444e-14
2008-03-16,8.070638341656222e-15
2008-03-17,4.035319170828111e-15
2008-03-18,2.0176595854140555e-15
2008-03-19,1.0088297927070274e-15
2008-03-20,5.044148963535139e-16
2008-03-21,2.5220824227014494e-16
2008-03-22,1.2610412113507247e-16
2008-03-23,6.305206056753624e-17
2008-03-24,3.152603028376812e-17
2008-03-25,1.576301514188406e-17
2008-03-26,7.881571263849196e-18
2008-03-27,3.94085759663789e-18
2008-03-28,1.9706934961149624e-18
2008-03-29,9.853498499847783e-19
2008-03-30,4.9268226622032565e-19
2008-03-31,2.4634131405592173e-19
2008-04-01,1.2317083797371986e-19
2008-04-02,6.158541898685993e-20
2008-04-03,3.0792709493429965e-20
2008-04-04,1.5396354746714982e-20
2008-04-05,7.698177373357491e-21
2008-04-06,3.8490886866787456e-21
2008-04-07,1.9245443433393728e-21
2008-04-08,9.622721716696864e-22
2008-04-09,4.811360858348432e-22
2008-04-10,2.405680429174216e-22
2008-04-11,1.202840214587108e-22
2008-04-12,6.01420107293554e-23
2008-04-13,3.00710053646777e-23
2008-04-14,1.503550268233885e-23
2008-04-15,7.517751341169428e-24
2008-04-16,3.758875670584714e-24
2008-04-17,1.879437835292357e-24
2008-04-18,9.397189176461785e-25
2008-04-19,4.69886477309093e-25
2008-04-20,2.3510744498234885e-25
2008-04-21,1.1755372249117443e-25
2008-04-22,5.877686124558721e-26
2008-04-23,2.9388430622793606e-26
2008-04-24,1.4694215311396806e-26
2008-04-25,7.347107655698403e-27
2008-04-26,3.6735538278492015e-27
2008-04-27,1.8367769139246008e-27
2008-04-28,9.183884569623004e-28
2008-04-29,4.591942284811502e-28
2008-04-30,2.295971142405751e-28
2008-05-01,1.1479855712028755e-28
2008-05-02,5.739927856014377e-29
2008-05-03,2.8699639280071887e-29
2008-05-04,1.4349819640035943e-29
2008-05-05,7.174909820017972e-30
2008-05-06,3.587454910008985e-30
2008-05-07,1.7937274550044926e-30
2008-05-08,8.968637275022463e-31
2008-05-09,4.4843186375112314e-31
2008-05-10,2.2421593187556157e-31
2008-05-11,1.1210796593778079e-31
2008-05-12,5.605398296889039e-32
2008-05-13,2.8026991484445197e-32
2008-05-14,1.40134957422226e-32
2008-05-15,7.0067478711113e-33
2008-05-16,3.50337393555565e-33
2008-05-17,1.751686967777825e-33
2008-05-18,8.758434838889124e-34
2008-05-19,4.379217419444562e-34
2008-05-20,2.189608709722281e-34
2008-05-21,1.0948043548611407e-34
2008-05-22,5.474021774305704e-35
2008-05-23,2.737010887152852e-35
2008-05-24,1.3685054435764256e-35
2008-05-25,6.842527217882127e-36
2008-05-26,3.4212636089410654e-36
2008-05-27,1.7106318044705327e-36
2008-05-28,8.553159022352658e-37
2008-05-29,4.276579511176329e-37
2008-05-30,2.1382897555881646e-37
2008-05-31,1.069144877794083e-37
2008-06-01,5.345724388970413e-38
2008-06-02,2.6728621944852063e-38
2008-06-03,1.3364310972426031e-38
2008-06-04,1.3364310972426031e-38
2008-06-05,1.3364310972426031e-38
2008-06-06,1.3364310972426031e-38
2008-06-07,1.3364310972426031e-38
2008-06-08,1.3364310972426031e-38
2008-06-09,1.3364310972426031e-38
2008-06-10,1.3364310972426031e-38
2008-06-11,1.3364310972426031e-38
2008-06-12,1.3364310972426031e-38
2008-06-13,1.3364310972426031e-38
2008-06-14,1.3364310972426031e-38
2008-06-15,1.3364310972426031e-38
2008-06-16,1.3364310972426031e-38
2008-06-17,1.3364310972426031e-38
2008-06-18,1.3364310972426031e-38
2008-06-19,1.3364310972426031e-38
2008-06-20,1.3364310972426031e-38
2008-06-21,1.3364310972426031e-38
2008-06-22,1.3364310972426031e-38
2008-06-23,1.3364310972426031e-38
2008-06-24,1.3364310972426031e-38
2008-06-25,1.3364310972426031e-38
2008-06-26,1.3364310972426031e-38
2008-06-27,1.3364310972426031e-38
2008-06-28,1.3364310972426031e-38
2008-06-29,1.3364310972426031e-38
2008-06-30,1.3364310972426031e-38
2008-07-01,1.3364310972426031e-38
2008-07-02,1.3364310972426031e-38
2008-07-03,1.3364310972426031e-38
2008-07-04,1.3364310972426031e-38
2008-07-05,1.3364310972426031e-38
2008-07-06,1.3364310972426031e-38
2008-07-07,1.3364310972426031e-38
2008-07-08,1.3364310972426031e-38
2008-07-09,1.3364310972426031e-38
2008-07-10,1.3364310972426031e-38
2008-07-11,1.3364310972426031e-38
2008-07-12,1.3364310972426031e-38
2008-07-13,1.3364310972426031e-38
2008-07-14,1.3364310972426031e-38
2008-07-15,1.3364310972426031e-38
2008-07-16,1.3364310972426031e-38
2008-07-17,1.3364310972426031e-38
2008-07-18,1.3364310972426031e-38
2008-07-19,1.3364310972426031e-38
2008-07-20,1.3364310972426031e-38
2008-07-21,1.3364310972426031e-38
2008-07-22,1.3364310972426031e-38
2008-07-23,1.3364310972426031e-38
2008-07-24,1.3364310972426031e-38
2008-07-25,1.3364310972426031e-38
2008-07-26,1.3364310972426031e-38
2008-07-27,1.3364310972426031e-38
2008-07-28,1.3364310972426031e-38
2008-07-29,1.3364310972426031e-38
2008-07-30,1.3364310972426031e-38
2008-07-31,1.3364310972426031e-38
2008-08-01,1.3364310972426031e-38
2008-08-02,1.3364310972426031e-38
2008-08-03,1.3364310972426031e-38
2008-08-04,1.3364310972426031e-38
2008-08-05,1.3364310972426031e-38
2008-08-06,1.3364310972426031e-38
2008-08-07,1.3364310972426031e-38
2008-08-08,1.3364310972426031e-38
2008-08-09,1.3364310972426031e-38
2008-08-10,1.3364310972426031e-38
2008-08-11,1.3364310972426031e-38
2008-08-12,1.3364310972426031e-38
2008-08-13,1.3364310972426031e-38
2008-08-14,1.3364310972426031e-38
2008-08-15,1.3364310972426031e-38
2008-08-16,1.3364310972426031e-38
2008-08-17,1.3364310972426031e-38
2008-08-18,1.3364310972426031e-38
2008-08-19,1.3364310972426031e-38
2008-08-20,1.3364310972426031e-38
2008-08-21,1.3364310972426031e-38
2008-08-22,1.3364310972426031e-38
2008-08-23,1.3364310972426031e-38
2008-08-24,1.3364310972426031e-38
2008-08-25,1.3364310972426031e-38
2008-08-26,1.3364310972426031e-38
2008-08-27,1.3364310972426031e-38
2008-08-28,1.3364310972426031e-38
2008-08-29,1.3364310972426031e-38
2008-08-30,1.3364310972426031e-38
2008-08-31,1.3364310972426031e-38
2008-09-01,1.3364310972426031e-38
2008-09-02,1.3364310972426031e-38
2008-09-03,1.3364310972426031e-38
2008-09-04,1.3364310972426031e-38
2008-09-05,1.3364310972426031e-38
2008-09-06,1.3364310972426031e-38
2008-09-07,1.3364310972426031e-38
2008-09-08,1.3364310972426031e-38
2008-09-09,1.3364310972426031e-38
2008-09-10,1.3364310972426031e-38
2008-09-11,1.3364310972426031e-38
2008-09-12,1.3364310972426031e-38
2008-09-13,1.3364310972426031e-38
2008-09-14,1.3364310972426031e-38
2008-09-15,1.3364310972426031e-38
2008-09-16,1.3364310972426031e-38
2008-09-17,1.3364310972426031e-38
2008-09-18,1.3364310972426031e-38
2008-09-19,1.3364310972426031e-38
2008-09-20,1.3364310972426031e-38
2008-09-21,1.3364310972426031e-38
2008-09-22,1.3364310972426031e-38
2008-09-23,1.3364310972426031e-38
2008-09-24,1.3364310972426031e-38
2008-09-25,1.3364310972426031e-38
2008-09-26,1.3364310972426031e-38
2008-09-27,1.3364310972426031e-38
2008-09-28,1.3364310972426031e-38
2008-09-29,1.3364310972426031e-38
2008-09-30,1.3364310972426031e-38
2008-10-01,1.3364310972426031e-38
2008-10-02,1.3364310972426031e-38
2008-10-03,1.3364310972426031e-38
2008-10-04,1.3364310972426031e-38
2008-10-05,1.3364310972426031e-38
2008-10-06,1.3364310972426031e-38
2008-10-07,1.3364310972426031e-38
2008-10-08,1.3364310972426031e-38
2008-10-09,1.3364310972426031e-38
2008-10-10,1.3364310972426031e-38
2008-10-11,1.3364310972426031e-38
2008-10-12,1.3364310972426031e-38
2008-10-13,1.3364310972426031e-38
2008-10-14,1.3364310972426031e-38
2008-10-15,1.3364310972426031e-38
2008-10-16,1.3364310972426031e-38
2008-10-17,1.3364310972426031e-38
2008-10-18,1.3364310972426031e-38
2008-10-19,1.3364310972426031e-38
2008-10-20,1.3364310972426031e-38
2008-10-21,1.3364310972426031e-38
2008-10-22,1.3364310972426031e-38
2008-10-23,1.3364310972426031e-38
2008-10-24,1.3364310972426031e-38
2008-10-25,1.3364310972426031e-38
2008-10-26,1.3364310972426031e-38
2008-10-27,1.3364310972426031e-38
2008-10-28,1.3364310972426031e-38
2008-10-29,1.3364310972426031e-38
2008-10-30,1.3364310972426031e-38
2008-10-31,1.3364310972426031e-38
2008-11-01,1.3364310972426031e-38
2008-11-02,1.3364310972426031e-38
2008-11-03,1.3364310972426031e-38
2008-11-04,1.3364310972426031e-38
2008-11-05,1.3364310972426031e-38
2008-11-06,1.3364310972426031e-38
2008-11-07,1.3364310972426031e-38
2008-11-08,1.3364310972426031e-38
2008-11-09,1.3364310972426031e-38
2008-11-10,1.3364310972426031e-38
2008-11-11,1.3364310972426031e-38
2008-11-12,1.3364310972426031e-38
2008-11-13,1.3364310972426031e-38
2008-11-14,1.3364310972426031e-38
2008-11-15,1.3364310972426031e-38
2008-11-16,1.3364310972426031e-38
2008-11-17,1.3364310972426031e-38
2008-11-18,1.3364310972426031e-38
2008-11-19,1.3364310972426031e-38
2008-11-20,1.3364310972426031e-38
2008-11-21,1.3364310972426031e-38
2008-11-22,1.3364310972426031e-38
2008-11-23,1.3364310972426031e-38
2008-11-24,1.3364310972426031e-38
2008-11-25,1.3364310972426031e-38
2008-11-26,1.3364310972426031e-38
2008-11-27,1.3364310972426031e-38
2008-11-28,1.3364310972426031e-38
2008-11-29,1.3364310972426031e-38
2008-11-30,1.3364310972426031e-38
2008-12-01,1.3364310972426031e-38
2008-12-02,1.3364310972426031e-38
2008-12-03,1.3364310972426031e-38
2008-12-04,1.3364310972426031e-38
2008-12-05,1.3364310972426031e-38
2008-12-06,1.3364310972426031e-38
2008-12-07,1.3364310972426031e-38
2008-12-08,1.3364310972426031e-38
2008-12-09,1.3364310972426031e-38
2008-12-10,1.3364310972426031e-38
2008-12-11,1.3364310972426031e-38
2008-12-12,1.3364310972426031e-38
2008-12-13,1.3364310972426031e-38
2008-12-14,0.3693254888057709
2008-12-15,0.3693254888057709
2008-12-16,0.3693254888057709
2008-12-17,9.684530258178713
2008-12-18,9.684762001037598
2008-12-19,18.114761352539066
2008-12-20,33.23476028442383
2008-12-21,50.03087615966797
2008-12-22,50.03087615966797
2008-12-23,50.03087615966797
2008-12-24,50.07353973388672
2008-12-25,50.0874900817871
2008-12-26,50.09558868408204
2008-12-27,45.191017150878906
2008-12-28,37.16437149047852
2008-12-29,30.99106788635254
2008-12-30,27.92741012573242
2008-12-31,23.30892372131348
2009-01-01,13.98867130279541
2009-01-02,11.124046325683592
2009-01-03,11.136021614074707
2009-01-04,11.136519432067873
2009-01-05,5.361248970031737
2009-01-06,0.0
2009-01-07,0.0
2009-01-08,0.0
2009-01-09,0.0
2009-01-10,0.0
2009-01-11,0.0
2009-01-12,0.0
2009-01-13,0.0
2009-01-14,0.0
2009-01-15,0.0
2009-01-16,0.0
2009-01-17,0.0
2009-01-18,0.0
2009-01-19,0.0
2009-01-20,0.0
2009-01-21,0.0
2009-01-22,0.0
2009-01-23,0.0
2009-01-24,0.0
2009-01-25,0.003057548310607672
2009-01-26,0.003057548310607672
2009-01-27,0.0032514319755136967
2009-01-28,0.0015992887783795597
2009-01-29,0.0007932501612231135
2009-01-30,0.00039505198947153996
2009-01-31,0.00019713582878466693
2009-02-01,9.848865011008455e-05
2009-02-02,4.92200742883142e-05
2009-02-03,2.46039817284327e-05
2009-02-04,1.2300477465032602e-05
2009-02-05,6.149860382720361e-06
2009-02-06,3.0748356039111964e-06
2009-02-07,1.537400066808914e-06
2009-02-08,7.686941785323143e-07
2009-02-09,0.03278988227248192
2009-02-10,0.032793305814266205
2009-02-11,0.0137323010712862
2009-02-12,0.008568957448005676
2009-02-13,0.004101061262190341
2009-02-14,0.002085460815578699
2009-02-15,0.0010318722343072297
2009-02-16,0.0005132742808200418
2009-02-17,0.00025597852072678506
2009-02-18,0.00012782543490175155
2009-02-19,6.387187022482976e-05
2009-02-20,3.19257342198398e-05
2009-02-21,1.596031870576553e-05
2009-02-22,7.979522706591524e-06
2009-02-23,3.989602191722952e-06
2009-02-24,1.9947613054682733e-06
2009-02-25,9.973706482924174e-07
2009-02-26,0.0013385602505877616
2009-02-27,0.0006648063426837325
2009-02-28,0.0003312982444185764
2009-03-01,0.00016537471674382684
2009-03-02,8.261898619821294e-05
2009-03-03,4.1292430978501216e-05
2009-03-04,2.0641951778088696e-05
2009-03-05,1.031990996125387e-05
2009-03-06,5.1597012316051405e-06
2009-03-07,2.57978672379977e-06
2009-03-08,1.3627644648295245e-06
2009-03-09,0.020144864916801446
2009-03-10,0.058229755610227585
2009-03-11,0.060955408960580826
2009-03-12,0.021466113626956933
2009-03-13,0.009585475549101826
2009-03-14,0.004563210532069206
2009-03-15,0.002229556906968355
2009-03-16,0.0011023515835404396
2009-03-17,0.000548137817531824
2009-03-18,0.00027331776800565427
2009-03-19,0.00013647212472278625
2009-03-20,6.818950350861996e-05
2009-03-21,3.4083128412021324e-05
2009-03-22,1.70386592799332e-05
2009-03-23,8.518603863194585e-06
2009-03-24,4.259120487404289e-06
2009-03-25,2.1295147689670557e-06
2009-03-26,1.0647461294865934e-06
2009-03-27,5.323702225723537e-07
2009-03-28,2.6618440074344113e-07
2009-03-29,1.3309202984146398e-07
2009-03-30,6.654596518274049e-08
2009-03-31,3.32729719332292e-08
2009-04-01,1.663648419025776e-08
2009-04-02,8.31824120695046e-09
2009-04-03,4.15912060347523e-09
2009-04-04,2.079560301737615e-09
2009-04-05,1.039780150868808e-09
2009-04-06,5.198900754344038e-10
2009-04-07,2.599450377172019e-10
2009-04-08,1.2997251885860095e-10
2009-04-09,6.498625942930047e-11
2009-04-10,3.249312971465024e-11
2009-04-11,1.624656485732512e-11
2009-04-12,8.12328242866256e-12
2009-04-13,4.06164121433128e-12
2009-04-14,2.03082060716564e-12
2009-04-15,1.01541030358282e-12
2009-04-16,5.0770515179141e-13
2009-04-17,2.53852575895705e-13
2009-04-18,1.269262879478525e-13
2009-04-19,6.346314397392624e-14
2009-04-20,3.173157198696312e-14
2009-04-21,1.586578599348156e-14
2009-04-22,7.93289299674078e-15
2009-04-23,3.96644649837039e-15
2009-04-24,1.983223249185195e-15
2009-04-25,9.916116245925976e-16
2009-04-26,4.958058122962988e-16
2009-04-27,2.4790290614814934e-16
2009-04-28,1.2395145307407467e-16
2009-04-29,6.197572653703735e-17
2009-04-30,3.0987863268518674e-17
2009-05-01,1.5493931634259334e-17
2009-05-02,7.746965817129665e-18
2009-05-03,3.873482908564833e-18
2009-05-04,1.9367414542824164e-18
2009-05-05,9.683707271412082e-19
2009-05-06,4.841853635706042e-19
2009-05-07,2.420926817853021e-19
2009-05-08,1.2104634089265105e-19
2009-05-09,6.052317044632554e-20
2009-05-10,3.026158522316277e-20
2009-05-11,1.5130792611581384e-20
2009-05-12,7.565396305790693e-21
2009-05-13,3.782698152895346e-21
2009-05-14,1.891349076447673e-21
2009-05-15,9.456745382238367e-22
2009-05-16,4.728372691119182e-22
2009-05-17,2.364186345559591e-22
2009-05-18,1.1820931727797954e-22
2009-05-19,5.910465863898977e-23
2009-05-20,2.9552329319494885e-23
2009-05-21,1.4776164659747442e-23
2009-05-22,7.388082329873721e-24
2009-05-23,3.6940411649368606e-24
2009-05-24,1.8470205824684303e-24
2009-05-25,9.235102912342151e-25
2009-05-26,4.617551456171078e-25
2009-05-27,2.308775728085539e-25
2009-05-28,1.1543878640427694e-25
2009-05-29,5.771939320213846e-26
2009-05-30,2.885969660106923e-26
2009-05-31,1.4429848300534614e-26
2009-06-01,7.214924150267307e-27
2009-06-02,3.6074620751336536e-27
2009-06-03,1.8037310375668268e-27
2009-06-04,9.018655187834134e-28
2009-06-05,4.509327593917067e-28
2009-06-06,2.254663796958533e-28
2009-06-07,1.1273318984792668e-28
2009-06-08,5.636659492396333e-29
2009-06-09,2.8183297461981663e-29
2009-06-10,1.4091648730990832e-29
2009-06-11,7.045824365495417e-30
2009-06-12,3.5229121827477086e-30
2009-06-13,1.7614560913738543e-30
2009-06-14,8.807280456869272e-31
2009-06-15,4.403640228434636e-31
2009-06-16,2.201820114217318e-31
2009-06-17,1.100910057108659e-31
2009-06-18,5.504550285543295e-32
2009-06-19,2.7522751427716474e-32
2009-06-20,1.3761375713858237e-32
2009-06-21,6.880687856929118e-33
2009-06-22,3.440343928464559e-33
2009-06-23,1.7201719642322796e-33
2009-06-24,8.600859821161398e-34
2009-06-25,4.300429910580698e-34
2009-06-26,2.150214955290349e-34
2009-06-27,1.0751074776451747e-34
2009-06-28,5.375537388225874e-35
2009-06-29,2.687768694112937e-35
2009-06-30,1.3438843470564684e-35
2009-07-01,6.719421735282342e-36
2009-07-02,3.359710867641171e-36
2009-07-03,1.6798554338205855e-36
2009-07-04,8.399277169102926e-37
2009-07-05,4.199638584551464e-37
2009-07-06,2.099819292275732e-37
2009-07-07,1.049909646137866e-37
2009-07-08,5.24954823068933e-38
2009-07-09,2.624774115344665e-38
2009-07-10,1.3123870576723325e-38
2009-07-11,1.3123870576723325e-38
2009-07-12,1.3123870576723325e-38
2009-07-13,1.3123870576723325e-38
2009-07-14,1.3123870576723325e-38
2009-07-15,1.3123870576723325e-38
2009-07-16,1.3123870576723325e-38
2009-07-17,1.3123870576723325e-38
2009-07-18,1.3123870576723325e-38
2009-07-19,1.3123870576723325e-38
2009-07-20,1.3123870576723325e-38
2009-07-21,1.3123870576723325e-38
2009-07-22,1.3123870576723325e-38
2009-07-23,1.3123870576723325e-38
2009-07-24,1.3123870576723325e-38
2009-07-25,1.3123870576723325e-38
2009-07-26,1.3123870576723325e-38
2009-07-27,1.3123870576723325e-38
2009-07-28,1.3123870576723325e-38
2009-07-29,1.3123870576723325e-38
2009-07-30,1.3123870576723325e-38
2009-07-31,1.3123870576723325e-38
2009-08-01,1.3123870576723325e-38
2009-08-02,1.3123870576723325e-38
2009-08-03,1.3123870576723325e-38
2009-08-04,1.3123870576723325e-38
2009-08-05,1.3123870576723325e-38
2009-08-06,1.3123870576723325e-38
2009-08-07,1.3123870576723325e-38
2009-08-08,1.3123870576723325e-38
2009-08-09,1.3123870576723325e-38
2009-08-10,1.3123870576723325e-38
2009-08-11,1.3123870576723325e-38
2009-08-12,1.3123870576723325e-38
2009-08-13,1.3123870576723325e-38
2009-08-14,1.3123870576723325e-38
2009-08-15,1.3123870576723325e-38
2009-08-16,1.3123870576723325e-38
2009-08-17,1.3123870576723325e-38
2009-08-18,1.3123870576723325e-38
2009-08-19,1.3123870576723325e-38
2009-08-20,1.3123870576723325e-38
2009-08-21,1.3123870576723325e-38
2009-08-22,1.3123870576723325e-38
2009-08-23,1.3123870576723325e-38
2009-08-24,1.3123870576723325e-38
2009-08-25,1.3123870576723325e-38
2009-08-26,1.3123870576723325e-38
2009-08-27,1.3123870576723325e-38
2009-08-28,1.3123870576723325e-38
2009-08-29,1.3123870576723325e-38
2009-08-30,1.3123870576723325e-38
2009-08-31,1.3123870576723325e-38
2009-09-01,1.3123870576723325e-38
2009-09-02,1.3123870576723325e-38
2009-09-03,1.3123870576723325e-38
2009-09-04,1.3123870576723325e-38
2009-09-05,1.3123870576723325e-38
2009-09-06,1.3123870576723325e-38
2009-09-07,1.3123870576723325e-38
2009-09-08,1.3123870576723325e-38
2009-09-09,1.3123870576723325e-38
2009-09-10,1.3123870576723325e-38
2009-09-11,1.3123870576723325e-38
2009-09-12,1.3123870576723325e-38
2009-09-13,1.3123870576723325e-38
2009-09-14,1.3123870576723325e-38
2009-09-15,1.3123870576723325e-38
2009-09-16,1.3123870576723325e-38
2009-09-17,1.3123870576723325e-38
2009-09-18,1.3123870576723325e-38
2009-09-19,1.3123870576723325e-38
2009-09-20,1.3123870576723325e-38
2009-09-21,1.3123870576723325e-38
2009-09-22,1.3123870576723325e-38
2009-09-23,1.3123870576723325e-38
2009-09-24,1.3123870576723325e-38
2009-09-25,1.3123870576723325e-38
2009-09-26,1.3123870576723325e-38
2009-09-27,1.3123870576723325e-38
2009-09-28,1.3123870576723325e-38
2009-09-29,1.3123870576723325e-38
2009-09-30,1.3123870576723325e-38
2009-10-01,1.3123870576723325e-38
2009-10-02,1.3123870576723325e-38
2009-10-03,1.3123870576723325e-38
2009-10-04,1.3123870576723325e-38
2009-10-05,1.3123870576723325e-38
2009-10-06,1.3123870576723325e-38
2009-10-07,1.3123870576723325e-38
2009-10-08,1.3123870576723325e-38
2009-10-09,1.3123870576723325e-38
2009-10-10,1.3123870576723325e-38
2009-10-11,1.3123870576723325e-38
2009-10-12,1.3123870576723325e-38
2009-10-13,1.3123870576723325e-38
2009-10-14,1.3123870576723325e-38
2009-10-15,1.3123870576723325e-38
2009-10-16,1.3123870576723325e-38
2009-10-17,1.3123870576723325e-38
2009-10-18,1.3123870576723325e-38
2009-10-19,1.3123870576723325e-38
2009-10-20,1.3123870576723325e-38
2009-10-21,1.3123870576723325e-38
2009-10-22,1.3123870576723325e-38
2009-10-23,1.3123870576723325e-38
2009-10-24,1.3123870576723325e-38
2009-10-25,1.3123870576723325e-38
2009-10-26,1.3123870576723325e-38
2009-10-27,1.3123870576723325e-38
2009-10-28,1.3123870576723325e-38
2009-10-29,1.3123870576723325e-38
2009-10-30,1.3123870576723325e-38
2009-10-31,1.3123870576723325e-38
2009-11-01,1.3123870576723325e-38
2009-11-02,1.3123870576723325e-38
2009-11-03,1.3123870576723325e-38
2009-11-04,1.3123870576723325e-38
2009-11-05,1.3123870576723325e-38
2009-11-06,1.3123870576723325e-38
2009-11-07,1.3123870576723325e-38
2009-11-08,1.3123870576723325e-38
2009-11-09,1.3123870576723325e-38
2009-11-10,1.3123870576723325e-38
2009-11-11,1.3123870576723325e-38
2009-11-12,1.3123870576723325e-38
2009-11-13,1.3123870576723325e-38
2009-11-14,1.3123870576723325e-38
2009-11-15,1.3123870576723325e-38
2009-11-16,1.3123870576723325e-38
2009-11-17,1.3123870576723325e-38
2009-11-18,1.3123870576723325e-38
2009-11-19,1.3123870576723325e-38
2009-11-20,1.3123870576723325e-38
2009-11-21,1.3123870576723325e-38
2009-11-22,1.3123870576723325e-38
2009-11-23,1.3123870576723325e-38
2009-11-24,1.3123870576723325e-38
2009-11-25,1.3123870576723325e-38
2009-11-26,1.3123870576723325e-38
2009-11-27,1.3123870576723325e-38
2009-11-28,1.3123870576723325e-38
2009-11-29,1.3123870576723325e-38
2009-11-30,1.3123870576723325e-38
2009-12-01,1.3123870576723325e-38
2009-12-02,1.3123870576723325e-38
2009-12-03,1.3123870576723325e-38
2009-12-04,0.01898602582514286
2009-12-05,0.019017780199646946
2009-12-06,0.019017780199646946
2009-12-07,0.019017780199646946
2009-12-08,0.019017780199646946
2009-12-09,0.019017780199646946
2009-12-10,0.019017780199646946
2009-12-11,0.019017780199646946
2009-12-12,0.019017780199646946
2009-12-13,0.08003461360931395
2009-12-14,0.02484950423240662
2009-12-15,0.010888903401792048
2009-12-16,0.005148323718458414
2009-12-17,0.002507913392037153
2009-12-18,0.0012382334098219874
2009-12-19,0.0006152836722321807
2009-12-20,0.0003066954086534679
2009-12-21,0.00015311254537664354
2009-12-22,9.687378769740461e-05
2009-12-23,0.00915047153830528
2009-12-24,0.004426108207553625
2009-12-25,0.002166691469028592
2009-12-26,0.0010716179385781288
2009-12-27,0.0006260735681280493
2009-12-28,0.0003120568871963769
2009-12-29,0.029983501881361008
2009-12-30,0.012760911136865616
2009-12-31,0.005973905324935913
2010-01-01,0.0028977603651583195
2010-01-02,0.0014278892194852235
2010-01-03,0.0007088475394994022
2010-01-04,0.00035316761932335794
2010-01-05,0.0001762719912221655
2010-01-06,8.805831748759374e-05
2010-01-07,4.400977559271269e-05
2010-01-08,2.2000045646564104e-05
2010-01-09,1.0998812285833992e-05
2010-01-10,5.4991037359286565e-06
2010-01-11,2.7494761525304057e-06
2010-01-12,1.374719204250141e-06
2010-01-13,6.873548272778862e-07
2010-01-14,3.4367621992714703e-07
2010-01-15,1.718378257464792e-07
2010-01-16,8.591884181896603e-08
2010-01-17,4.295939959320095e-08
2010-01-18,2.1479694467529953e-08
2010-01-19,1.0739846345586558e-08
2010-01-20,5.369923172793279e-09
2010-01-21,2.6849615863966396e-09
2010-01-22,1.3424807931983198e-09
2010-01-23,6.712403965991598e-10
2010-01-24,3.356201982995799e-10
2010-01-25,1.6781009914978995e-10
2010-01-26,8.390504957489497e-11
2010-01-27,4.195252478744749e-11
2010-01-28,2.0976262393723744e-11
2010-01-29,1.0488131196861872e-11
2010-01-30,5.244065598430936e-12
2010-01-31,2.622032799215468e-12
2010-02-01,1.311016399607734e-12
2010-02-02,6.55508199803867e-13
2010-02-03,3.277540999019335e-13
2010-02-04,1.6387704995096675e-13
2010-02-05,8.193852497548337e-14
2010-02-06,4.0969262487741687e-14
2010-02-07,2.0484631243870843e-14
2010-02-08,1.0242315621935422e-14
2010-02-09,5.121157810967712e-15
2010-02-10,2.560578905483856e-15
2010-02-11,1.2802894527419277e-15
2010-02-12,6.40144726370964e-16
2010-02-13,3.2007236318548193e-16
2010-02-14,1.6003618159274096e-16
2010-02-15,8.001809079637048e-17
2010-02-16,4.000904539818524e-17
2010-02-17,2.000452269909262e-17
2010-02-18,1.000226134954631e-17
2010-02-19,5.001130674773155e-18
2010-02-20,2.5005653373865776e-18
2010-02-21,1.2502826686932888e-18
2010-02-22,6.251413343466444e-19
2010-02-23,3.125706671733222e-19
2010-02-24,1.562853335866611e-19
2010-02-25,7.814266679333055e-20
2010-02-26,3.9071333396665274e-20
2010-02-27,1.9535666698332637e-20
2010-02-28,9.767833349166319e-21
2010-03-01,4.883916674583159e-21
2010-03-02,2.4419583372915804e-21
2010-03-03,1.2209791686457898e-21
2010-03-04,6.104895843228948e-22
2010-03-05,3.052447921614474e-22
2010-03-06,1.526223960807237e-22
2010-03-07,7.631119804036185e-23
2010-03-08,3.8155599020180926e-23
2010-03-09,1.9077799510090463e-23
2010-03-10,9.538899755045234e-24
2010-03-11,4.769449877522616e-24
2010-03-12,2.384724938761308e-24
2010-03-13,1.192362469380654e-24
2010-03-14,5.9618123469032715e-25
2010-03-15,2.9809061734516358e-25
2010-03-16,1.4904530867258174e-25
2010-03-17,7.452265433629087e-26
2010-03-18,3.7261327168145436e-26
2010-03-19,1.8630663584072718e-26
2010-03-20,9.315331792036359e-27
2010-03-21,4.6576658960181794e-27
2010-03-22,2.3288329480090897e-27
2010-03-23,1.1644164740045449e-27
2010-03-24,5.822082370022725e-28
2010-03-25,2.9110411850113626e-28
2010-03-26,1.4555205925056813e-28
2010-03-27,7.277602962528407e-29
2010-03-28,3.638801481264203e-29
2010-03-29,1.8194007406321016e-29
2010-03-30,9.097003703160508e-30
2010-03-31,4.548501851580254e-30
2010-04-01,2.274250925790127e-30
2010-04-02,1.1371254628950635e-30
2010-04-03,5.685627314475318e-31
2010-04-04,2.842813657237659e-31
2010-04-05,1.4214068286188294e-31
2010-04-06,7.107034143094147e-32
2010-04-07,3.5535170715470735e-32
2010-04-08,1.7767585357735367e-32
2010-04-09,8.883792678867684e-33
2010-04-10,4.441896339433842e-33
2010-04-11,2.220948169716921e-33
2010-04-12,1.1104740848584605e-33
2010-04-13,5.552370424292302e-34
2010-04-14,2.776185212146151e-34
2010-04-15,1.3880926060730756e-34
2010-04-16,6.940463030365378e-35
2010-04-17,3.470231515182689e-35
2010-04-18,1.7351157575913445e-35
2010-04-19,8.675578787956722e-36
2010-04-20,4.337789393978361e-36
2010-04-21,2.1688946969891806e-36
2010-04-22,1.0844473484945903e-36
2010-04-23,5.4222367424729515e-37
2010-04-24,2.7111183712364757e-37
2010-04-25,1.3555591856182379e-37
2010-04-26,6.777795928091188e-38
2010-04-27,3.388897964045594e-38
2010-04-28,1.694448982022797e-38
2010-04-29,1.694448982022797e-38
2010-04-30,1.694448982022797e-38
2010-05-01,1.694448982022797e-38
2010-05-02,1.694448982022797e-38
2010-05-03,1.694448982022797e-38
2010-05-04,1.694448982022797e-38
2010-05-05,1.694448982022797e-38
2010-05-06,1.694448982022797e-38
2010-05-07,1.694448982022797e-38
2010-05-08,1.694448982022797e-38
2010-05-09,1.694448982022797e-38
2010-05-10,1.694448982022797e-38
2010-05-11,1.694448982022797e-38
2010-05-12,1.694448982022797e-38
2010-05-13,1.694448982022797e-38
2010-05-14,1.694448982022797e-38
2010-05-15,1.694448982022797e-38
2010-05-16,1.694448982022797e-38
2010-05-17,1.694448982022797e-38
2010-05-18,1.694448982022797e-38
2010-05-19,1.694448982022797e-38
2010-05-20,1.694448982022797e-38
2010-05-21,1.694448982022797e-38
2010-05-22,1.694448982022797e-38
2010-05-23,1.694448982022797e-38
2010-05-24,1.694448982022797e-38
2010-05-25,1.694448982022797e-38
2010-05-26,1.694448982022797e-38
2010-05-27,1.694448982022797e-38
2010-05-28,1.694448982022797e-38
2010-05-29,1.694448982022797e-38
2010-05-30,1.694448982022797e-38
2010-05-31,1.694448982022797e-38
2010-06-01,1.694448982022797e-38
2010-06-02,1.694448982022797e-38
2010-06-03,1.694448982022797e-38
2010-06-04,1.694448982022797e-38
2010-06-05,1.694448982022797e-38
2010-06-06,1.694448982022797e-38
2010-06-07,1.694448982022797e-38
2010-06-08,1.694448982022797e-38
2010-06-09,1.694448982022797e-38
2010-06-10,1.694448982022797e-38
2010-06-11,1.694448982022797e-38
2010-06-12,1.694448982022797e-38
2010-06-13,1.694448982022797e-38
2010-06-14,1.694448982022797e-38
2010-06-15,1.694448982022797e-38
2010-06-16,1.694448982022797e-38
2010-06-17,1.694448982022797e-38
2010-06-18,1.694448982022797e-38
2010-06-19,1.694448982022797e-38
2010-06-20,1.694448982022797e-38
2010-06-21,1.694448982022797e-38
2010-06-22,1.694448982022797e-38
2010-06-23,1.694448982022797e-38
2010-06-24,1.694448982022797e-38
2010-06-25,1.694448982022797e-38
2010-06-26,1.694448982022797e-38
2010-06-27,1.694448982022797e-38
2010-06-28,1.694448982022797e-38
2010-06-29,1.694448982022797e-38
2010-06-30,1.694448982022797e-38
2010-07-01,1.694448982022797e-38
2010-07-02,1.694448982022797e-38
2010-07-03,1.694448982022797e-38
2010-07-04,1.694448982022797e-38
2010-07-05,1.694448982022797e-38
2010-07-06,1.694448982022797e-38
2010-07-07,1.694448982022797e-38
2010-07-08,1.694448982022797e-38
2010-07-09,1.694448982022797e-38
2010-07-10,1.694448982022797e-38
2010-07-11,1.694448982022797e-38
2010-07-12,1.694448982022797e-38
2010-07-13,1.694448982022797e-38
2010-07-14,1.694448982022797e-38
2010-07-15,1.694448982022797e-38
2010-07-16,1.694448982022797e-38
2010-07-17,1.694448982022797e-38
2010-07-18,1.694448982022797e-38
2010-07-19,1.694448982022797e-38
2010-07-20,1.694448982022797e-38
2010-07-21,1.694448982022797e-38
2010-07-22,1.694448982022797e-38
2010-07-23,1.694448982022797e-38
2010-07-24,1.694448982022797e-38
2010-07-25,1.694448982022797e-38
2010-07-26,1.694448982022797e-38
2010-07-27,1.694448982022797e-38
2010-07-28,1.694448982022797e-38
2010-07-29,1.694448982022797e-38
2010-07-30,1.694448982022797e-38
2010-07-31,1.694448982022797e-38
2010-08-01,1.694448982022797e-38
2010-08-02,1.694448982022797e-38
2010-08-03,1.694448982022797e-38
2010-08-04,1.694448982022797e-38
2010-08-05,1.694448982022797e-38
2010-08-06,1.694448982022797e-38
2010-08-07,1.694448982022797e-38
2010-08-08,1.694448982022797e-38
2010-08-09,1.694448982022797e-38
2010-08-10,1.694448982022797e-38
2010-08-11,1.694448982022797e-38
2010-08-12,1.694448982022797e-38
2010-08-13,1.694448982022797e-38
2010-08-14,1.694448982022797e-38
2010-08-15,1.694448982022797e-38
2010-08-16,1.694448982022797e-38
2010-08-17,1.694448982022797e-38
2010-08-18,1.694448982022797e-38
2010-08-19,1.694448982022797e-38
2010-08-20,1.694448982022797e-38
2010-08-21,1.694448982022797e-38
2010-08-22,1.694448982022797e-38
2010-08-23,1.694448982022797e-38
2010-08-24,1.694448982022797e-38
2010-08-25,1.694448982022797e-38
2010-08-26,1.694448982022797e-38
2010-08-27,1.694448982022797e-38
2010-08-28,1.694448982022797e-38
2010-08-29,1.694448982022797e-38
2010-08-30,1.694448982022797e-38
2010-08-31,1.694448982022797e-38
2010-09-01,1.694448982022797e-38
2010-09-02,1.694448982022797e-38
2010-09-03,1.694448982022797e-38
2010-09-04,1.694448982022797e-38
2010-09-05,1.694448982022797e-38
2010-09-06,1.694448982022797e-38
2010-09-07,1.694448982022797e-38
2010-09-08,1.694448982022797e-38
2010-09-09,1.694448982022797e-38
2010-09-10,1.694448982022797e-38
2010-09-11,1.694448982022797e-38
2010-09-12,1.694448982022797e-38
2010-09-13,1.694448982022797e-38
2010-09-14,1.694448982022797e-38
2010-09-15,1.694448982022797e-38
2010-09-16,1.694448982022797e-38
2010-09-17,1.694448982022797e-38
2010-09-18,1.694448982022797e-38
2010-09-19,1.694448982022797e-38
2010-09-20,1.694448982022797e-38
2010-09-21,1.694448982022797e-38
2010-09-22,1.694448982022797e-38
2010-09-23,1.694448982022797e-38
2010-09-24,1.694448982022797e-38
2010-09-25,1.694448982022797e-38
2010-09-26,1.694448982022797e-38
2010-09-27,1.694448982022797e-38
2010-09-28,1.694448982022797e-38
2010-09-29,1.694448982022797e-38
2010-09-30,1.694448982022797e-38
